scan_id,patient_id,nodule_index,k_global,img_path,mask_path,area_mm2,nodule_bbox_xmin,nodule_bbox_ymin,nodule_bbox_xmax,nodule_bbox_ymax,ann_subtlety,ann_internalStructure,ann_calcification,ann_sphericity,ann_margin,ann_lobulation,ann_spiculation,ann_texture,ann_malignancy
180,LIDC-IDRI-0179,0,62,./lidc_patches_all\LIDC-IDRI-0179\LIDC-IDRI-0179_n0_k62_img.png,./lidc_patches_all\LIDC-IDRI-0179\LIDC-IDRI-0179_n0_k62_mask.png,114.202880859375,328,165,366,201,3,1,6,4,2,2,2,1,4
180,LIDC-IDRI-0179,0,63,./lidc_patches_all\LIDC-IDRI-0179\LIDC-IDRI-0179_n0_k63_img.png,./lidc_patches_all\LIDC-IDRI-0179\LIDC-IDRI-0179_n0_k63_mask.png,159.686279296875,328,165,366,201,3,1,6,4,2,2,2,1,4
180,LIDC-IDRI-0179,0,64,./lidc_patches_all\LIDC-IDRI-0179\LIDC-IDRI-0179_n0_k64_img.png,./lidc_patches_all\LIDC-IDRI-0179\LIDC-IDRI-0179_n0_k64_mask.png,184.405517578125,328,165,366,201,3,1,6,4,2,2,2,1,4
180,LIDC-IDRI-0179,0,65,./lidc_patches_all\LIDC-IDRI-0179\LIDC-IDRI-0179_n0_k65_img.png,./lidc_patches_all\LIDC-IDRI-0179\LIDC-IDRI-0179_n0_k65_mask.png,181.439208984375,328,165,366,201,3,1,6,4,2,2,2,1,4
180,LIDC-IDRI-0179,0,66,./lidc_patches_all\LIDC-IDRI-0179\LIDC-IDRI-0179_n0_k66_img.png,./lidc_patches_all\LIDC-IDRI-0179\LIDC-IDRI-0179_n0_k66_mask.png,135.46142578125,328,165,366,201,3,1,6,4,2,2,2,1,4
180,LIDC-IDRI-0179,1,70,./lidc_patches_all\LIDC-IDRI-0179\LIDC-IDRI-0179_n1_k70_img.png,./lidc_patches_all\LIDC-IDRI-0179\LIDC-IDRI-0179_n1_k70_mask.png,32.62939453125,263,123,285,146,2,1,6,3,2,2,1,1,3
180,LIDC-IDRI-0179,2,86,./lidc_patches_all\LIDC-IDRI-0179\LIDC-IDRI-0179_n2_k86_img.png,./lidc_patches_all\LIDC-IDRI-0179\LIDC-IDRI-0179_n2_k86_mask.png,31.146240234375,327,293,349,316,2,1,6,3,2,1,2,1,3
180,LIDC-IDRI-0179,3,88,./lidc_patches_all\LIDC-IDRI-0179\LIDC-IDRI-0179_n3_k88_img.png,./lidc_patches_all\LIDC-IDRI-0179\LIDC-IDRI-0179_n3_k88_mask.png,37.5732421875,264,91,287,114,1,1,6,4,2,1,1,1,3
180,LIDC-IDRI-0179,4,90,./lidc_patches_all\LIDC-IDRI-0179\LIDC-IDRI-0179_n4_k90_img.png,./lidc_patches_all\LIDC-IDRI-0179\LIDC-IDRI-0179_n4_k90_mask.png,31.146240234375,311,161,334,184,2,1,6,3,1,3,1,1,3
180,LIDC-IDRI-0179,5,95,./lidc_patches_all\LIDC-IDRI-0179\LIDC-IDRI-0179_n5_k95_img.png,./lidc_patches_all\LIDC-IDRI-0179\LIDC-IDRI-0179_n5_k95_mask.png,16.80908203125,334,148,354,165,1,1,6,3,1,2,1,1,3
180,LIDC-IDRI-0179,6,100,./lidc_patches_all\LIDC-IDRI-0179\LIDC-IDRI-0179_n6_k100_img.png,./lidc_patches_all\LIDC-IDRI-0179\LIDC-IDRI-0179_n6_k100_mask.png,15.325927734375,279,192,295,213,1,1,6,3,1,3,1,1,3
180,LIDC-IDRI-0179,7,100,./lidc_patches_all\LIDC-IDRI-0179\LIDC-IDRI-0179_n7_k100_img.png,./lidc_patches_all\LIDC-IDRI-0179\LIDC-IDRI-0179_n7_k100_mask.png,40.045166015625,347,179,368,205,1,1,6,3,1,3,1,1,3
180,LIDC-IDRI-0179,8,99,./lidc_patches_all\LIDC-IDRI-0179\LIDC-IDRI-0179_n8_k99_img.png,./lidc_patches_all\LIDC-IDRI-0179\LIDC-IDRI-0179_n8_k99_mask.png,53.887939453125,274,215,309,253,2,1,6,3,2,2,2,1,3
180,LIDC-IDRI-0179,9,101,./lidc_patches_all\LIDC-IDRI-0179\LIDC-IDRI-0179_n9_k101_img.png,./lidc_patches_all\LIDC-IDRI-0179\LIDC-IDRI-0179_n9_k101_mask.png,49.4384765625,264,201,287,229,2,1,6,2,2,1,2,1,3
180,LIDC-IDRI-0179,10,104,./lidc_patches_all\LIDC-IDRI-0179\LIDC-IDRI-0179_n10_k104_img.png,./lidc_patches_all\LIDC-IDRI-0179\LIDC-IDRI-0179_n10_k104_mask.png,54.876708984375,271,137,300,164,2,1,6,4,2,1,1,1,2
180,LIDC-IDRI-0179,10,105,./lidc_patches_all\LIDC-IDRI-0179\LIDC-IDRI-0179_n10_k105_img.png,./lidc_patches_all\LIDC-IDRI-0179\LIDC-IDRI-0179_n10_k105_mask.png,83.551025390625,271,137,300,164,2,1,6,4,2,1,1,1,2
