scan_id,patient_id,nodule_index,k_global,img_path,mask_path,area_mm2,nodule_bbox_xmin,nodule_bbox_ymin,nodule_bbox_xmax,nodule_bbox_ymax,ann_subtlety,ann_internalStructure,ann_calcification,ann_sphericity,ann_margin,ann_lobulation,ann_spiculation,ann_texture,ann_malignancy
392,LIDC-IDRI-0388,0,176,./lidc_patches_all\LIDC-IDRI-0388\LIDC-IDRI-0388_n0_k176_img.png,./lidc_patches_all\LIDC-IDRI-0388\LIDC-IDRI-0388_n0_k176_mask.png,31.44070053100586,347,78,373,102,1,1,6,4,2,1,1,1,2
392,LIDC-IDRI-0388,1,249,./lidc_patches_all\LIDC-IDRI-0388\LIDC-IDRI-0388_n1_k249_img.png,./lidc_patches_all\LIDC-IDRI-0388\LIDC-IDRI-0388_n1_k249_mask.png,23.083045959472656,194,85,222,108,2,1,6,4,2,1,1,2,3
392,LIDC-IDRI-0388,2,251,./lidc_patches_all\LIDC-IDRI-0388\LIDC-IDRI-0388_n2_k251_img.png,./lidc_patches_all\LIDC-IDRI-0388\LIDC-IDRI-0388_n2_k251_mask.png,19.10321044921875,239,80,262,104,1,1,6,3,1,1,1,1,2
392,LIDC-IDRI-0388,3,302,./lidc_patches_all\LIDC-IDRI-0388\LIDC-IDRI-0388_n3_k302_img.png,./lidc_patches_all\LIDC-IDRI-0388\LIDC-IDRI-0388_n3_k302_mask.png,15.919342041015625,284,80,303,99,2,1,6,3,2,1,1,3,2
392,LIDC-IDRI-0388,4,303,./lidc_patches_all\LIDC-IDRI-0388\LIDC-IDRI-0388_n4_k303_img.png,./lidc_patches_all\LIDC-IDRI-0388\LIDC-IDRI-0388_n4_k303_mask.png,101.48580551147461,290,151,326,200,2,1,6,4,2,1,1,1,2
392,LIDC-IDRI-0388,4,304,./lidc_patches_all\LIDC-IDRI-0388\LIDC-IDRI-0388_n4_k304_img.png,./lidc_patches_all\LIDC-IDRI-0388\LIDC-IDRI-0388_n4_k304_mask.png,126.55876922607422,290,151,326,200,2,1,6,4,2,1,1,1,2
392,LIDC-IDRI-0388,4,305,./lidc_patches_all\LIDC-IDRI-0388\LIDC-IDRI-0388_n4_k305_img.png,./lidc_patches_all\LIDC-IDRI-0388\LIDC-IDRI-0388_n4_k305_mask.png,133.32448959350586,290,151,326,200,2,1,6,4,2,1,1,1,2
392,LIDC-IDRI-0388,4,306,./lidc_patches_all\LIDC-IDRI-0388\LIDC-IDRI-0388_n4_k306_img.png,./lidc_patches_all\LIDC-IDRI-0388\LIDC-IDRI-0388_n4_k306_mask.png,114.22127914428711,290,151,326,200,2,1,6,4,2,1,1,1,2
392,LIDC-IDRI-0388,4,307,./lidc_patches_all\LIDC-IDRI-0388\LIDC-IDRI-0388_n4_k307_img.png,./lidc_patches_all\LIDC-IDRI-0388\LIDC-IDRI-0388_n4_k307_mask.png,111.83337783813477,290,151,326,200,2,1,6,4,2,1,1,1,2
