scan_id,patient_id,nodule_index,k_global,img_path,mask_path,area_mm2,nodule_bbox_xmin,nodule_bbox_ymin,nodule_bbox_xmax,nodule_bbox_ymax,ann_subtlety,ann_internalStructure,ann_calcification,ann_sphericity,ann_margin,ann_lobulation,ann_spiculation,ann_texture,ann_malignancy
464,LIDC-IDRI-0459,0,44,./lidc_patches_all\LIDC-IDRI-0459\LIDC-IDRI-0459_n0_k44_img.png,./lidc_patches_all\LIDC-IDRI-0459\LIDC-IDRI-0459_n0_k44_mask.png,14.019022705080001,193,364,211,382,5,1,3,3,5,1,4,5,1
464,LIDC-IDRI-0459,1,65,./lidc_patches_all\LIDC-IDRI-0459\LIDC-IDRI-0459_n1_k65_img.png,./lidc_patches_all\LIDC-IDRI-0459\LIDC-IDRI-0459_n1_k65_mask.png,8.878714379884,164,399,181,416,5,1,3,3,5,2,1,5,1
464,LIDC-IDRI-0459,2,86,./lidc_patches_all\LIDC-IDRI-0459\LIDC-IDRI-0459_n2_k86_img.png,./lidc_patches_all\LIDC-IDRI-0459\LIDC-IDRI-0459_n2_k86_mask.png,11.682518920900002,319,121,336,139,5,1,3,4,5,1,4,5,1
464,LIDC-IDRI-0459,3,130,./lidc_patches_all\LIDC-IDRI-0459\LIDC-IDRI-0459_n3_k130_img.png,./lidc_patches_all\LIDC-IDRI-0459\LIDC-IDRI-0459_n3_k130_mask.png,7.944112866212,326,121,343,138,5,1,3,3,5,1,2,5,1
464,LIDC-IDRI-0459,4,191,./lidc_patches_all\LIDC-IDRI-0459\LIDC-IDRI-0459_n4_k191_img.png,./lidc_patches_all\LIDC-IDRI-0459\LIDC-IDRI-0459_n4_k191_mask.png,12.617120434572001,256,180,275,199,3,1,6,4,5,1,1,5,3
