scan_id,patient_id,nodule_index,k_global,img_path,mask_path,area_mm2,nodule_bbox_xmin,nodule_bbox_ymin,nodule_bbox_xmax,nodule_bbox_ymax,ann_subtlety,ann_internalStructure,ann_calcification,ann_sphericity,ann_margin,ann_lobulation,ann_spiculation,ann_texture,ann_malignancy
92,LIDC-IDRI-0084,0,39,./lidc_patches_all\LIDC-IDRI-0084\LIDC-IDRI-0084_n0_k39_img.png,./lidc_patches_all\LIDC-IDRI-0084\LIDC-IDRI-0084_n0_k39_mask.png,5.9643,156,72,176,88,2,1,6,2,3,1,1,5,1
92,LIDC-IDRI-0084,1,56,./lidc_patches_all\LIDC-IDRI-0084\LIDC-IDRI-0084_n1_k56_img.png,./lidc_patches_all\LIDC-IDRI-0084\LIDC-IDRI-0084_n1_k56_mask.png,26.342324999999995,349,71,373,91,3,1,6,3,3,1,2,5,2
92,LIDC-IDRI-0084,2,56,./lidc_patches_all\LIDC-IDRI-0084\LIDC-IDRI-0084_n2_k56_img.png,./lidc_patches_all\LIDC-IDRI-0084\LIDC-IDRI-0084_n2_k56_mask.png,18.389924999999998,281,432,303,451,4,1,6,4,3,1,2,5,2
92,LIDC-IDRI-0084,3,115,./lidc_patches_all\LIDC-IDRI-0084\LIDC-IDRI-0084_n3_k115_img.png,./lidc_patches_all\LIDC-IDRI-0084\LIDC-IDRI-0084_n3_k115_mask.png,15.407774999999997,292,80,311,98,5,1,6,4,3,1,1,4,3
92,LIDC-IDRI-0084,4,117,./lidc_patches_all\LIDC-IDRI-0084\LIDC-IDRI-0084_n4_k117_img.png,./lidc_patches_all\LIDC-IDRI-0084\LIDC-IDRI-0084_n4_k117_mask.png,46.720349999999996,238,75,261,101,5,1,6,4,2,1,2,4,2
92,LIDC-IDRI-0084,5,124,./lidc_patches_all\LIDC-IDRI-0084\LIDC-IDRI-0084_n5_k124_img.png,./lidc_patches_all\LIDC-IDRI-0084\LIDC-IDRI-0084_n5_k124_mask.png,24.354224999999996,330,188,349,213,4,1,6,3,4,1,1,5,3
