scan_id,patient_id,nodule_index,k_global,img_path,mask_path,area_mm2,nodule_bbox_xmin,nodule_bbox_ymin,nodule_bbox_xmax,nodule_bbox_ymax,ann_subtlety,ann_internalStructure,ann_calcification,ann_sphericity,ann_margin,ann_lobulation,ann_spiculation,ann_texture,ann_malignancy
475,LIDC-IDRI-0470,0,148,./lidc_patches_all\LIDC-IDRI-0470\LIDC-IDRI-0470_n0_k148_img.png,./lidc_patches_all\LIDC-IDRI-0470\LIDC-IDRI-0470_n0_k148_mask.png,104.8095703125,142,211,184,238,5,1,6,2,3,2,4,5,2
475,LIDC-IDRI-0470,0,149,./lidc_patches_all\LIDC-IDRI-0470\LIDC-IDRI-0470_n0_k149_img.png,./lidc_patches_all\LIDC-IDRI-0470\LIDC-IDRI-0470_n0_k149_mask.png,114.697265625,142,211,184,238,5,1,6,2,3,2,4,5,2
475,LIDC-IDRI-0470,1,168,./lidc_patches_all\LIDC-IDRI-0470\LIDC-IDRI-0470_n1_k168_img.png,./lidc_patches_all\LIDC-IDRI-0470\LIDC-IDRI-0470_n1_k168_mask.png,308.990478515625,293,87,346,148,5,1,6,3,4,2,3,5,4
475,LIDC-IDRI-0470,1,169,./lidc_patches_all\LIDC-IDRI-0470\LIDC-IDRI-0470_n1_k169_img.png,./lidc_patches_all\LIDC-IDRI-0470\LIDC-IDRI-0470_n1_k169_mask.png,317.889404296875,293,87,346,148,5,1,6,3,4,2,3,5,4
475,LIDC-IDRI-0470,1,170,./lidc_patches_all\LIDC-IDRI-0470\LIDC-IDRI-0470_n1_k170_img.png,./lidc_patches_all\LIDC-IDRI-0470\LIDC-IDRI-0470_n1_k170_mask.png,328.271484375,293,87,346,148,5,1,6,3,4,2,3,5,4
475,LIDC-IDRI-0470,1,171,./lidc_patches_all\LIDC-IDRI-0470\LIDC-IDRI-0470_n1_k171_img.png,./lidc_patches_all\LIDC-IDRI-0470\LIDC-IDRI-0470_n1_k171_mask.png,262.02392578125,293,87,346,148,5,1,6,3,4,2,3,5,4
475,LIDC-IDRI-0470,1,172,./lidc_patches_all\LIDC-IDRI-0470\LIDC-IDRI-0470_n1_k172_img.png,./lidc_patches_all\LIDC-IDRI-0470\LIDC-IDRI-0470_n1_k172_mask.png,284.271240234375,293,87,346,148,5,1,6,3,4,2,3,5,4
