scan_id,patient_id,nodule_index,k_global,img_path,mask_path,area_mm2,nodule_bbox_xmin,nodule_bbox_ymin,nodule_bbox_xmax,nodule_bbox_ymax,ann_subtlety,ann_internalStructure,ann_calcification,ann_sphericity,ann_margin,ann_lobulation,ann_spiculation,ann_texture,ann_malignancy
398,LIDC-IDRI-0394,0,114,./lidc_patches_all\LIDC-IDRI-0394\LIDC-IDRI-0394_n0_k114_img.png,./lidc_patches_all\LIDC-IDRI-0394\LIDC-IDRI-0394_n0_k114_mask.png,35.884641374530005,139,115,170,144,4,1,6,3,4,2,1,4,4
398,LIDC-IDRI-0394,1,120,./lidc_patches_all\LIDC-IDRI-0394\LIDC-IDRI-0394_n1_k120_img.png,./lidc_patches_all\LIDC-IDRI-0394\LIDC-IDRI-0394_n1_k120_mask.png,16.286106469979003,363,85,386,108,4,1,6,3,4,2,1,4,3
398,LIDC-IDRI-0394,2,128,./lidc_patches_all\LIDC-IDRI-0394\LIDC-IDRI-0394_n2_k128_img.png,./lidc_patches_all\LIDC-IDRI-0394\LIDC-IDRI-0394_n2_k128_mask.png,11.041428115240002,353,67,375,87,3,1,6,3,3,1,1,3,3
398,LIDC-IDRI-0394,3,129,./lidc_patches_all\LIDC-IDRI-0394\LIDC-IDRI-0394_n3_k129_img.png,./lidc_patches_all\LIDC-IDRI-0394\LIDC-IDRI-0394_n3_k129_mask.png,14.353856549812003,349,89,370,113,2,1,6,3,2,1,1,1,3
398,LIDC-IDRI-0394,4,143,./lidc_patches_all\LIDC-IDRI-0394\LIDC-IDRI-0394_n4_k143_img.png,./lidc_patches_all\LIDC-IDRI-0394\LIDC-IDRI-0394_n4_k143_mask.png,29.259784505386005,275,77,301,106,4,1,6,3,2,2,2,3,4
398,LIDC-IDRI-0394,5,144,./lidc_patches_all\LIDC-IDRI-0394\LIDC-IDRI-0394_n5_k144_img.png,./lidc_patches_all\LIDC-IDRI-0394\LIDC-IDRI-0394_n5_k144_mask.png,46.097962381127005,335,122,365,152,4,1,6,4,3,2,2,2,4
398,LIDC-IDRI-0394,6,198,./lidc_patches_all\LIDC-IDRI-0394\LIDC-IDRI-0394_n6_k198_img.png,./lidc_patches_all\LIDC-IDRI-0394\LIDC-IDRI-0394_n6_k198_mask.png,11.317463818121002,282,100,301,119,4,1,6,4,5,1,1,5,3
398,LIDC-IDRI-0394,7,220,./lidc_patches_all\LIDC-IDRI-0394\LIDC-IDRI-0394_n7_k220_img.png,./lidc_patches_all\LIDC-IDRI-0394\LIDC-IDRI-0394_n7_k220_mask.png,8.281071086430002,267,334,285,354,4,1,6,3,2,1,1,1,3
