scan_id,patient_id,nodule_index,k_global,img_path,mask_path,area_mm2,nodule_bbox_xmin,nodule_bbox_ymin,nodule_bbox_xmax,nodule_bbox_ymax,ann_subtlety,ann_internalStructure,ann_calcification,ann_sphericity,ann_margin,ann_lobulation,ann_spiculation,ann_texture,ann_malignancy
115,LIDC-IDRI-0108,0,42,./lidc_patches_all\LIDC-IDRI-0108\LIDC-IDRI-0108_n0_k42_img.png,./lidc_patches_all\LIDC-IDRI-0108\LIDC-IDRI-0108_n0_k42_mask.png,80.09033203125,162,110,200,164,5,1,6,4,4,4,4,5,5
115,LIDC-IDRI-0108,0,43,./lidc_patches_all\LIDC-IDRI-0108\LIDC-IDRI-0108_n0_k43_img.png,./lidc_patches_all\LIDC-IDRI-0108\LIDC-IDRI-0108_n0_k43_mask.png,158.697509765625,162,110,200,164,5,1,6,4,4,4,4,5,5
115,LIDC-IDRI-0108,0,44,./lidc_patches_all\LIDC-IDRI-0108\LIDC-IDRI-0108_n0_k44_img.png,./lidc_patches_all\LIDC-IDRI-0108\LIDC-IDRI-0108_n0_k44_mask.png,191.326904296875,162,110,200,164,5,1,6,4,4,4,4,5,5
115,LIDC-IDRI-0108,0,45,./lidc_patches_all\LIDC-IDRI-0108\LIDC-IDRI-0108_n0_k45_img.png,./lidc_patches_all\LIDC-IDRI-0108\LIDC-IDRI-0108_n0_k45_mask.png,190.83251953125,162,110,200,164,5,1,6,4,4,4,4,5,5
115,LIDC-IDRI-0108,0,46,./lidc_patches_all\LIDC-IDRI-0108\LIDC-IDRI-0108_n0_k46_img.png,./lidc_patches_all\LIDC-IDRI-0108\LIDC-IDRI-0108_n0_k46_mask.png,97.393798828125,162,110,200,164,5,1,6,4,4,4,4,5,5
115,LIDC-IDRI-0108,1,115,./lidc_patches_all\LIDC-IDRI-0108\LIDC-IDRI-0108_n1_k115_img.png,./lidc_patches_all\LIDC-IDRI-0108\LIDC-IDRI-0108_n1_k115_mask.png,32.135009765625,249,87,273,110,4,1,6,4,2,2,1,4,2
