scan_id,patient_id,nodule_index,k_global,img_path,mask_path,area_mm2,nodule_bbox_xmin,nodule_bbox_ymin,nodule_bbox_xmax,nodule_bbox_ymax,ann_subtlety,ann_internalStructure,ann_calcification,ann_sphericity,ann_margin,ann_lobulation,ann_spiculation,ann_texture,ann_malignancy
160,LIDC-IDRI-0159,0,71,./lidc_patches_all\LIDC-IDRI-0159\LIDC-IDRI-0159_n0_k71_img.png,./lidc_patches_all\LIDC-IDRI-0159\LIDC-IDRI-0159_n0_k71_mask.png,15.869140625,207,109,225,128,4,1,3,4,5,1,1,5,1
160,LIDC-IDRI-0159,1,72,./lidc_patches_all\LIDC-IDRI-0159\LIDC-IDRI-0159_n1_k72_img.png,./lidc_patches_all\LIDC-IDRI-0159\LIDC-IDRI-0159_n1_k72_mask.png,95.21484375,181,106,213,133,4,1,6,4,5,2,1,5,3
160,LIDC-IDRI-0159,1,73,./lidc_patches_all\LIDC-IDRI-0159\LIDC-IDRI-0159_n1_k73_img.png,./lidc_patches_all\LIDC-IDRI-0159\LIDC-IDRI-0159_n1_k73_mask.png,116.5771484375,181,106,213,133,4,1,6,4,5,2,1,5,3
160,LIDC-IDRI-0159,1,74,./lidc_patches_all\LIDC-IDRI-0159\LIDC-IDRI-0159_n1_k74_img.png,./lidc_patches_all\LIDC-IDRI-0159\LIDC-IDRI-0159_n1_k74_mask.png,109.86328125,181,106,213,133,4,1,6,4,5,2,1,5,3
160,LIDC-IDRI-0159,1,75,./lidc_patches_all\LIDC-IDRI-0159\LIDC-IDRI-0159_n1_k75_img.png,./lidc_patches_all\LIDC-IDRI-0159\LIDC-IDRI-0159_n1_k75_mask.png,81.1767578125,181,106,213,133,4,1,6,4,5,2,1,5,3
