scan_id,patient_id,nodule_index,k_global,img_path,mask_path,area_mm2,nodule_bbox_xmin,nodule_bbox_ymin,nodule_bbox_xmax,nodule_bbox_ymax,ann_subtlety,ann_internalStructure,ann_calcification,ann_sphericity,ann_margin,ann_lobulation,ann_spiculation,ann_texture,ann_malignancy
22,LIDC-IDRI-0011,0,29,./lidc_patches_all\LIDC-IDRI-0011\LIDC-IDRI-0011_n0_k29_img.png,./lidc_patches_all\LIDC-IDRI-0011\LIDC-IDRI-0011_n0_k29_mask.png,41.864070078143996,319,100,343,122,4,1,6,4,4,2,1,5,3
22,LIDC-IDRI-0011,1,35,./lidc_patches_all\LIDC-IDRI-0011\LIDC-IDRI-0011_n1_k35_img.png,./lidc_patches_all\LIDC-IDRI-0011\LIDC-IDRI-0011_n1_k35_mask.png,16.52529082032,264,348,282,367,5,1,3,4,5,1,1,5,1
22,LIDC-IDRI-0011,2,45,./lidc_patches_all\LIDC-IDRI-0011\LIDC-IDRI-0011_n2_k45_img.png,./lidc_patches_all\LIDC-IDRI-0011\LIDC-IDRI-0011_n2_k45_mask.png,11.567703574223998,134,353,151,371,3,1,6,5,5,1,1,5,2
22,LIDC-IDRI-0011,3,48,./lidc_patches_all\LIDC-IDRI-0011\LIDC-IDRI-0011_n3_k48_img.png,./lidc_patches_all\LIDC-IDRI-0011\LIDC-IDRI-0011_n3_k48_mask.png,6.059273300784,278,61,293,77,5,1,3,5,5,1,1,5,1
22,LIDC-IDRI-0011,4,58,./lidc_patches_all\LIDC-IDRI-0011\LIDC-IDRI-0011_n4_k58_img.png,./lidc_patches_all\LIDC-IDRI-0011\LIDC-IDRI-0011_n4_k58_mask.png,17.076133847663996,139,136,158,154,4,1,6,4,5,1,1,5,2
22,LIDC-IDRI-0011,5,59,./lidc_patches_all\LIDC-IDRI-0011\LIDC-IDRI-0011_n5_k59_img.png,./lidc_patches_all\LIDC-IDRI-0011\LIDC-IDRI-0011_n5_k59_mask.png,18.177819902352,179,391,199,410,4,1,4,5,5,1,1,5,1
22,LIDC-IDRI-0011,6,61,./lidc_patches_all\LIDC-IDRI-0011\LIDC-IDRI-0011_n6_k61_img.png,./lidc_patches_all\LIDC-IDRI-0011\LIDC-IDRI-0011_n6_k61_mask.png,11.016860546879998,322,297,339,317,5,1,3,4,5,1,1,5,1
22,LIDC-IDRI-0011,7,94,./lidc_patches_all\LIDC-IDRI-0011\LIDC-IDRI-0011_n7_k94_img.png,./lidc_patches_all\LIDC-IDRI-0011\LIDC-IDRI-0011_n7_k94_mask.png,16.52529082032,352,320,370,340,3,1,6,3,5,1,1,5,2
22,LIDC-IDRI-0011,8,104,./lidc_patches_all\LIDC-IDRI-0011\LIDC-IDRI-0011_n8_k104_img.png,./lidc_patches_all\LIDC-IDRI-0011\LIDC-IDRI-0011_n8_k104_mask.png,12.669389628911999,190,181,207,198,5,1,3,5,5,1,1,5,1
22,LIDC-IDRI-0011,9,103,./lidc_patches_all\LIDC-IDRI-0011\LIDC-IDRI-0011_n9_k103_img.png,./lidc_patches_all\LIDC-IDRI-0011\LIDC-IDRI-0011_n9_k103_mask.png,80.42308199222398,304,138,332,176,4,1,6,3,4,2,4,5,4
22,LIDC-IDRI-0011,9,104,./lidc_patches_all\LIDC-IDRI-0011\LIDC-IDRI-0011_n9_k104_img.png,./lidc_patches_all\LIDC-IDRI-0011\LIDC-IDRI-0011_n9_k104_mask.png,82.07561107425599,304,138,332,176,4,1,6,3,4,2,4,5,4
22,LIDC-IDRI-0011,9,105,./lidc_patches_all\LIDC-IDRI-0011\LIDC-IDRI-0011_n9_k105_img.png,./lidc_patches_all\LIDC-IDRI-0011\LIDC-IDRI-0011_n9_k105_mask.png,65.550320253936,304,138,332,176,4,1,6,3,4,2,4,5,4
