scan_id,patient_id,nodule_index,k_global,img_path,mask_path,area_mm2,nodule_bbox_xmin,nodule_bbox_ymin,nodule_bbox_xmax,nodule_bbox_ymax,ann_subtlety,ann_internalStructure,ann_calcification,ann_sphericity,ann_margin,ann_lobulation,ann_spiculation,ann_texture,ann_malignancy
409,LIDC-IDRI-0405,0,67,./lidc_patches_all\LIDC-IDRI-0405\LIDC-IDRI-0405_n0_k67_img.png,./lidc_patches_all\LIDC-IDRI-0405\LIDC-IDRI-0405_n0_k67_mask.png,25.228271484375,285,161,311,183,3,1,6,3,3,2,2,4,2
409,LIDC-IDRI-0405,1,108,./lidc_patches_all\LIDC-IDRI-0405\LIDC-IDRI-0405_n1_k108_img.png,./lidc_patches_all\LIDC-IDRI-0405\LIDC-IDRI-0405_n1_k108_mask.png,26.48968505859375,186,117,211,138,5,1,6,4,4,2,1,5,3
409,LIDC-IDRI-0405,2,153,./lidc_patches_all\LIDC-IDRI-0405\LIDC-IDRI-0405_n2_k153_img.png,./lidc_patches_all\LIDC-IDRI-0405\LIDC-IDRI-0405_n2_k153_mask.png,8.409423828125,268,403,286,421,5,1,3,5,5,1,1,5,1
409,LIDC-IDRI-0405,3,216,./lidc_patches_all\LIDC-IDRI-0405\LIDC-IDRI-0405_n3_k216_img.png,./lidc_patches_all\LIDC-IDRI-0405\LIDC-IDRI-0405_n3_k216_mask.png,21.864501953125,371,347,392,368,4,1,6,4,5,1,1,5,2
