scan_id,patient_id,nodule_index,k_global,img_path,mask_path,area_mm2,nodule_bbox_xmin,nodule_bbox_ymin,nodule_bbox_xmax,nodule_bbox_ymax,ann_subtlety,ann_internalStructure,ann_calcification,ann_sphericity,ann_margin,ann_lobulation,ann_spiculation,ann_texture,ann_malignancy
67,LIDC-IDRI-0056,0,77,./lidc_patches_all\LIDC-IDRI-0056\LIDC-IDRI-0056_n0_k77_img.png,./lidc_patches_all\LIDC-IDRI-0056\LIDC-IDRI-0056_n0_k77_mask.png,52.557133365968,292,293,318,320,4,1,6,4,4,2,2,5,3
67,LIDC-IDRI-0056,0,78,./lidc_patches_all\LIDC-IDRI-0056\LIDC-IDRI-0056_n0_k78_img.png,./lidc_patches_all\LIDC-IDRI-0056\LIDC-IDRI-0056_n0_k78_mask.png,61.43041562256,292,293,318,320,4,1,6,4,4,2,2,5,3
67,LIDC-IDRI-0056,0,79,./lidc_patches_all\LIDC-IDRI-0056\LIDC-IDRI-0056_n0_k79_img.png,./lidc_patches_all\LIDC-IDRI-0056\LIDC-IDRI-0056_n0_k79_mask.png,56.652494407472,292,293,318,320,4,1,6,4,4,2,2,5,3
67,LIDC-IDRI-0056,0,80,./lidc_patches_all\LIDC-IDRI-0056\LIDC-IDRI-0056_n0_k80_img.png,./lidc_patches_all\LIDC-IDRI-0056\LIDC-IDRI-0056_n0_k80_mask.png,52.557133365968,292,293,318,320,4,1,6,4,4,2,2,5,3
67,LIDC-IDRI-0056,1,118,./lidc_patches_all\LIDC-IDRI-0056\LIDC-IDRI-0056_n1_k118_img.png,./lidc_patches_all\LIDC-IDRI-0056\LIDC-IDRI-0056_n1_k118_mask.png,14.333763645264,288,140,305,159,3,1,6,5,4,1,1,5,2
67,LIDC-IDRI-0056,2,173,./lidc_patches_all\LIDC-IDRI-0056\LIDC-IDRI-0056_n2_k173_img.png,./lidc_patches_all\LIDC-IDRI-0056\LIDC-IDRI-0056_n2_k173_mask.png,15.698883992432,268,354,288,373,2,1,6,4,4,1,1,5,2
