scan_id,patient_id,nodule_index,k_global,img_path,mask_path,area_mm2,nodule_bbox_xmin,nodule_bbox_ymin,nodule_bbox_xmax,nodule_bbox_ymax,ann_subtlety,ann_internalStructure,ann_calcification,ann_sphericity,ann_margin,ann_lobulation,ann_spiculation,ann_texture,ann_malignancy
481,LIDC-IDRI-0476,0,103,./lidc_patches_all\LIDC-IDRI-0476\LIDC-IDRI-0476_n0_k103_img.png,./lidc_patches_all\LIDC-IDRI-0476\LIDC-IDRI-0476_n0_k103_mask.png,103.278418623058,346,182,379,216,3,1,6,4,2,2,2,2,3
481,LIDC-IDRI-0476,0,104,./lidc_patches_all\LIDC-IDRI-0476\LIDC-IDRI-0476_n0_k104_img.png,./lidc_patches_all\LIDC-IDRI-0476\LIDC-IDRI-0476_n0_k104_mask.png,71.366547700203,346,182,379,216,3,1,6,4,2,2,2,2,3
481,LIDC-IDRI-0476,0,105,./lidc_patches_all\LIDC-IDRI-0476\LIDC-IDRI-0476_n0_k105_img.png,./lidc_patches_all\LIDC-IDRI-0476\LIDC-IDRI-0476_n0_k105_mask.png,73.107195205086,346,182,379,216,3,1,6,4,2,2,2,2,3
481,LIDC-IDRI-0476,1,106,./lidc_patches_all\LIDC-IDRI-0476\LIDC-IDRI-0476_n1_k106_img.png,./lidc_patches_all\LIDC-IDRI-0476\LIDC-IDRI-0476_n1_k106_mask.png,71.94676353516401,163,351,192,380,4,1,6,3,4,1,1,5,4
481,LIDC-IDRI-0476,1,107,./lidc_patches_all\LIDC-IDRI-0476\LIDC-IDRI-0476_n1_k107_img.png,./lidc_patches_all\LIDC-IDRI-0476\LIDC-IDRI-0476_n1_k107_mask.png,71.366547700203,163,351,192,380,4,1,6,3,4,1,1,5,4
481,LIDC-IDRI-0476,1,108,./lidc_patches_all\LIDC-IDRI-0476\LIDC-IDRI-0476_n1_k108_img.png,./lidc_patches_all\LIDC-IDRI-0476\LIDC-IDRI-0476_n1_k108_mask.png,75.42805854493001,163,351,192,380,4,1,6,3,4,1,1,5,4
481,LIDC-IDRI-0476,1,109,./lidc_patches_all\LIDC-IDRI-0476\LIDC-IDRI-0476_n1_k109_img.png,./lidc_patches_all\LIDC-IDRI-0476\LIDC-IDRI-0476_n1_k109_mask.png,69.045684360359,163,351,192,380,4,1,6,3,4,1,1,5,4
481,LIDC-IDRI-0476,1,110,./lidc_patches_all\LIDC-IDRI-0476\LIDC-IDRI-0476_n1_k110_img.png,./lidc_patches_all\LIDC-IDRI-0476\LIDC-IDRI-0476_n1_k110_mask.png,55.120504321295,163,351,192,380,4,1,6,3,4,1,1,5,4
481,LIDC-IDRI-0476,2,120,./lidc_patches_all\LIDC-IDRI-0476\LIDC-IDRI-0476_n2_k120_img.png,./lidc_patches_all\LIDC-IDRI-0476\LIDC-IDRI-0476_n2_k120_mask.png,41.195324282231006,230,388,253,412,4,1,6,4,5,2,1,5,3
481,LIDC-IDRI-0476,3,129,./lidc_patches_all\LIDC-IDRI-0476\LIDC-IDRI-0476_n3_k129_img.png,./lidc_patches_all\LIDC-IDRI-0476\LIDC-IDRI-0476_n3_k129_mask.png,30.751439252933004,175,149,199,175,4,1,6,3,5,1,2,5,2
481,LIDC-IDRI-0476,4,134,./lidc_patches_all\LIDC-IDRI-0476\LIDC-IDRI-0476_n4_k134_img.png,./lidc_patches_all\LIDC-IDRI-0476\LIDC-IDRI-0476_n4_k134_mask.png,70.20611603028101,197,352,226,378,5,1,6,4,5,2,1,5,4
481,LIDC-IDRI-0476,4,135,./lidc_patches_all\LIDC-IDRI-0476\LIDC-IDRI-0476_n4_k135_img.png,./lidc_patches_all\LIDC-IDRI-0476\LIDC-IDRI-0476_n4_k135_mask.png,69.62590019532,197,352,226,378,5,1,6,4,5,2,1,5,4
481,LIDC-IDRI-0476,4,136,./lidc_patches_all\LIDC-IDRI-0476\LIDC-IDRI-0476_n4_k136_img.png,./lidc_patches_all\LIDC-IDRI-0476\LIDC-IDRI-0476_n4_k136_mask.png,74.267626875008,197,352,226,378,5,1,6,4,5,2,1,5,4
481,LIDC-IDRI-0476,5,147,./lidc_patches_all\LIDC-IDRI-0476\LIDC-IDRI-0476_n5_k147_img.png,./lidc_patches_all\LIDC-IDRI-0476\LIDC-IDRI-0476_n5_k147_mask.png,26.689928408206,238,380,259,401,4,1,6,4,4,2,1,5,3
