scan_id,patient_id,nodule_index,k_global,img_path,mask_path,area_mm2,nodule_bbox_xmin,nodule_bbox_ymin,nodule_bbox_xmax,nodule_bbox_ymax,ann_subtlety,ann_internalStructure,ann_calcification,ann_sphericity,ann_margin,ann_lobulation,ann_spiculation,ann_texture,ann_malignancy
216,LIDC-IDRI-0215,0,109,./lidc_patches_all\LIDC-IDRI-0215\LIDC-IDRI-0215_n0_k109_img.png,./lidc_patches_all\LIDC-IDRI-0215\LIDC-IDRI-0215_n0_k109_mask.png,46.621639968768,333,384,359,407,2,1,6,3,4,1,1,5,3
216,LIDC-IDRI-0215,1,135,./lidc_patches_all\LIDC-IDRI-0215\LIDC-IDRI-0215_n1_k135_img.png,./lidc_patches_all\LIDC-IDRI-0215\LIDC-IDRI-0215_n1_k135_mask.png,25.90091109376,350,373,370,394,2,1,6,3,4,1,1,3,2
216,LIDC-IDRI-0215,2,146,./lidc_patches_all\LIDC-IDRI-0215\LIDC-IDRI-0215_n2_k146_img.png,./lidc_patches_all\LIDC-IDRI-0215\LIDC-IDRI-0215_n2_k146_mask.png,23.958342761727998,382,284,404,305,3,1,6,4,3,2,1,4,2
216,LIDC-IDRI-0215,3,177,./lidc_patches_all\LIDC-IDRI-0215\LIDC-IDRI-0215_n3_k177_img.png,./lidc_patches_all\LIDC-IDRI-0215\LIDC-IDRI-0215_n3_k177_mask.png,16.835592210944,314,376,331,395,4,1,3,4,5,2,1,5,1
