scan_id,patient_id,nodule_index,k_global,img_path,mask_path,area_mm2,nodule_bbox_xmin,nodule_bbox_ymin,nodule_bbox_xmax,nodule_bbox_ymax,ann_subtlety,ann_internalStructure,ann_calcification,ann_sphericity,ann_margin,ann_lobulation,ann_spiculation,ann_texture,ann_malignancy
165,LIDC-IDRI-0164,0,84,./lidc_patches_all\LIDC-IDRI-0164\LIDC-IDRI-0164_n0_k84_img.png,./lidc_patches_all\LIDC-IDRI-0164\LIDC-IDRI-0164_n0_k84_mask.png,25.848388671875,294,228,315,249,4,1,6,5,5,1,1,5,3
165,LIDC-IDRI-0164,1,98,./lidc_patches_all\LIDC-IDRI-0164\LIDC-IDRI-0164_n1_k98_img.png,./lidc_patches_all\LIDC-IDRI-0164\LIDC-IDRI-0164_n1_k98_mask.png,44.3115234375,330,344,351,370,4,1,6,5,4,1,2,5,3
165,LIDC-IDRI-0164,2,103,./lidc_patches_all\LIDC-IDRI-0164\LIDC-IDRI-0164_n2_k103_img.png,./lidc_patches_all\LIDC-IDRI-0164\LIDC-IDRI-0164_n2_k103_mask.png,99.700927734375,319,375,347,405,4,1,6,4,4,2,2,5,4
165,LIDC-IDRI-0164,2,104,./lidc_patches_all\LIDC-IDRI-0164\LIDC-IDRI-0164_n2_k104_img.png,./lidc_patches_all\LIDC-IDRI-0164\LIDC-IDRI-0164_n2_k104_mask.png,118.1640625,319,375,347,405,4,1,6,4,4,2,2,5,4
165,LIDC-IDRI-0164,2,105,./lidc_patches_all\LIDC-IDRI-0164\LIDC-IDRI-0164_n2_k105_img.png,./lidc_patches_all\LIDC-IDRI-0164\LIDC-IDRI-0164_n2_k105_mask.png,124.072265625,319,375,347,405,4,1,6,4,4,2,2,5,4
165,LIDC-IDRI-0164,2,106,./lidc_patches_all\LIDC-IDRI-0164\LIDC-IDRI-0164_n2_k106_img.png,./lidc_patches_all\LIDC-IDRI-0164\LIDC-IDRI-0164_n2_k106_mask.png,124.072265625,319,375,347,405,4,1,6,4,4,2,2,5,4
165,LIDC-IDRI-0164,2,107,./lidc_patches_all\LIDC-IDRI-0164\LIDC-IDRI-0164_n2_k107_img.png,./lidc_patches_all\LIDC-IDRI-0164\LIDC-IDRI-0164_n2_k107_mask.png,100.439453125,319,375,347,405,4,1,6,4,4,2,2,5,4
165,LIDC-IDRI-0164,3,121,./lidc_patches_all\LIDC-IDRI-0164\LIDC-IDRI-0164_n3_k121_img.png,./lidc_patches_all\LIDC-IDRI-0164\LIDC-IDRI-0164_n3_k121_mask.png,50.958251953125,354,195,376,218,4,1,6,4,4,1,1,5,3
165,LIDC-IDRI-0164,4,126,./lidc_patches_all\LIDC-IDRI-0164\LIDC-IDRI-0164_n4_k126_img.png,./lidc_patches_all\LIDC-IDRI-0164\LIDC-IDRI-0164_n4_k126_mask.png,29.541015625,275,385,295,405,4,1,6,5,5,1,1,5,2
165,LIDC-IDRI-0164,5,133,./lidc_patches_all\LIDC-IDRI-0164\LIDC-IDRI-0164_n5_k133_img.png,./lidc_patches_all\LIDC-IDRI-0164\LIDC-IDRI-0164_n5_k133_mask.png,23.6328125,333,319,352,340,3,1,6,5,5,1,1,5,3
165,LIDC-IDRI-0164,6,144,./lidc_patches_all\LIDC-IDRI-0164\LIDC-IDRI-0164_n6_k144_img.png,./lidc_patches_all\LIDC-IDRI-0164\LIDC-IDRI-0164_n6_k144_mask.png,25.848388671875,308,329,328,349,3,1,6,4,5,2,1,5,3
165,LIDC-IDRI-0164,7,160,./lidc_patches_all\LIDC-IDRI-0164\LIDC-IDRI-0164_n7_k160_img.png,./lidc_patches_all\LIDC-IDRI-0164\LIDC-IDRI-0164_n7_k160_mask.png,37.664794921875,262,394,283,414,4,1,6,4,2,2,2,3,3
165,LIDC-IDRI-0164,8,168,./lidc_patches_all\LIDC-IDRI-0164\LIDC-IDRI-0164_n8_k168_img.png,./lidc_patches_all\LIDC-IDRI-0164\LIDC-IDRI-0164_n8_k168_mask.png,57.60498046875,204,178,229,200,4,1,6,4,5,2,1,5,3
165,LIDC-IDRI-0164,9,191,./lidc_patches_all\LIDC-IDRI-0164\LIDC-IDRI-0164_n9_k191_img.png,./lidc_patches_all\LIDC-IDRI-0164\LIDC-IDRI-0164_n9_k191_mask.png,15.509033203125,238,330,256,348,3,1,6,5,5,1,1,5,2
165,LIDC-IDRI-0164,10,217,./lidc_patches_all\LIDC-IDRI-0164\LIDC-IDRI-0164_n10_k217_img.png,./lidc_patches_all\LIDC-IDRI-0164\LIDC-IDRI-0164_n10_k217_mask.png,67.9443359375,261,311,289,336,5,1,6,4,4,3,1,5,4
165,LIDC-IDRI-0164,10,218,./lidc_patches_all\LIDC-IDRI-0164\LIDC-IDRI-0164_n10_k218_img.png,./lidc_patches_all\LIDC-IDRI-0164\LIDC-IDRI-0164_n10_k218_mask.png,72.37548828125,261,311,289,336,5,1,6,4,4,3,1,5,4
165,LIDC-IDRI-0164,10,219,./lidc_patches_all\LIDC-IDRI-0164\LIDC-IDRI-0164_n10_k219_img.png,./lidc_patches_all\LIDC-IDRI-0164\LIDC-IDRI-0164_n10_k219_mask.png,64.990234375,261,311,289,336,5,1,6,4,4,3,1,5,4
