scan_id,patient_id,nodule_index,k_global,img_path,mask_path,area_mm2,nodule_bbox_xmin,nodule_bbox_ymin,nodule_bbox_xmax,nodule_bbox_ymax,ann_subtlety,ann_internalStructure,ann_calcification,ann_sphericity,ann_margin,ann_lobulation,ann_spiculation,ann_texture,ann_malignancy
152,LIDC-IDRI-0149,0,50,./lidc_patches_all\LIDC-IDRI-0149\LIDC-IDRI-0149_n0_k50_img.png,./lidc_patches_all\LIDC-IDRI-0149\LIDC-IDRI-0149_n0_k50_mask.png,23.193359375,386,196,406,216,2,1,6,4,4,4,1,5,2
152,LIDC-IDRI-0149,1,53,./lidc_patches_all\LIDC-IDRI-0149\LIDC-IDRI-0149_n1_k53_img.png,./lidc_patches_all\LIDC-IDRI-0149\LIDC-IDRI-0149_n1_k53_mask.png,36.62109375,395,318,421,341,4,1,5,3,4,2,2,5,2
152,LIDC-IDRI-0149,2,71,./lidc_patches_all\LIDC-IDRI-0149\LIDC-IDRI-0149_n2_k71_img.png,./lidc_patches_all\LIDC-IDRI-0149\LIDC-IDRI-0149_n2_k71_mask.png,19.53125,172,388,191,407,4,1,6,5,5,1,1,5,2
152,LIDC-IDRI-0149,3,72,./lidc_patches_all\LIDC-IDRI-0149\LIDC-IDRI-0149_n3_k72_img.png,./lidc_patches_all\LIDC-IDRI-0149\LIDC-IDRI-0149_n3_k72_mask.png,17.08984375,390,144,408,162,3,1,6,5,4,1,2,5,3
152,LIDC-IDRI-0149,4,80,./lidc_patches_all\LIDC-IDRI-0149\LIDC-IDRI-0149_n4_k80_img.png,./lidc_patches_all\LIDC-IDRI-0149\LIDC-IDRI-0149_n4_k80_mask.png,28.076171875,389,353,409,374,4,1,5,5,5,1,1,5,2
152,LIDC-IDRI-0149,5,84,./lidc_patches_all\LIDC-IDRI-0149\LIDC-IDRI-0149_n5_k84_img.png,./lidc_patches_all\LIDC-IDRI-0149\LIDC-IDRI-0149_n5_k84_mask.png,7.9345703125,396,364,412,380,2,1,6,5,5,1,1,5,2
152,LIDC-IDRI-0149,6,92,./lidc_patches_all\LIDC-IDRI-0149\LIDC-IDRI-0149_n6_k92_img.png,./lidc_patches_all\LIDC-IDRI-0149\LIDC-IDRI-0149_n6_k92_mask.png,13.427734375,278,368,296,385,2,1,6,5,5,1,1,5,2
152,LIDC-IDRI-0149,7,98,./lidc_patches_all\LIDC-IDRI-0149\LIDC-IDRI-0149_n7_k98_img.png,./lidc_patches_all\LIDC-IDRI-0149\LIDC-IDRI-0149_n7_k98_mask.png,17.7001953125,361,218,380,236,2,1,6,5,5,1,1,5,2
