scan_id,patient_id,nodule_index,k_global,img_path,mask_path,area_mm2,nodule_bbox_xmin,nodule_bbox_ymin,nodule_bbox_xmax,nodule_bbox_ymax,ann_subtlety,ann_internalStructure,ann_calcification,ann_sphericity,ann_margin,ann_lobulation,ann_spiculation,ann_texture,ann_malignancy
72,LIDC-IDRI-0061,0,37,./lidc_patches_all\LIDC-IDRI-0061\LIDC-IDRI-0061_n0_k37_img.png,./lidc_patches_all\LIDC-IDRI-0061\LIDC-IDRI-0061_n0_k37_mask.png,197.16315076179202,315,363,356,403,4,1,6,4,5,1,1,5,4
72,LIDC-IDRI-0061,0,38,./lidc_patches_all\LIDC-IDRI-0061\LIDC-IDRI-0061_n0_k38_img.png,./lidc_patches_all\LIDC-IDRI-0061\LIDC-IDRI-0061_n0_k38_mask.png,311.55815291027204,315,363,356,403,4,1,6,4,5,1,1,5,4
72,LIDC-IDRI-0061,0,39,./lidc_patches_all\LIDC-IDRI-0061\LIDC-IDRI-0061_n0_k39_img.png,./lidc_patches_all\LIDC-IDRI-0061\LIDC-IDRI-0061_n0_k39_mask.png,315.59562357433606,315,363,356,403,4,1,6,4,5,1,1,5,4
72,LIDC-IDRI-0061,0,40,./lidc_patches_all\LIDC-IDRI-0061\LIDC-IDRI-0061_n0_k40_img.png,./lidc_patches_all\LIDC-IDRI-0061\LIDC-IDRI-0061_n0_k40_mask.png,295.40827025401603,315,363,356,403,4,1,6,4,5,1,1,5,4
72,LIDC-IDRI-0061,0,41,./lidc_patches_all\LIDC-IDRI-0061\LIDC-IDRI-0061_n0_k41_img.png,./lidc_patches_all\LIDC-IDRI-0061\LIDC-IDRI-0061_n0_k41_mask.png,170.24667966803202,315,363,356,403,4,1,6,4,5,1,1,5,4
72,LIDC-IDRI-0061,1,51,./lidc_patches_all\LIDC-IDRI-0061\LIDC-IDRI-0061_n1_k51_img.png,./lidc_patches_all\LIDC-IDRI-0061\LIDC-IDRI-0061_n1_k51_mask.png,337.80171222668804,288,221,336,265,3,1,6,5,5,1,1,5,2
72,LIDC-IDRI-0061,1,52,./lidc_patches_all\LIDC-IDRI-0061\LIDC-IDRI-0061_n1_k52_img.png,./lidc_patches_all\LIDC-IDRI-0061\LIDC-IDRI-0061_n1_k52_mask.png,425.9531550587521,288,221,336,265,3,1,6,5,5,1,1,5,2
72,LIDC-IDRI-0061,1,53,./lidc_patches_all\LIDC-IDRI-0061\LIDC-IDRI-0061_n1_k53_img.png,./lidc_patches_all\LIDC-IDRI-0061\LIDC-IDRI-0061_n1_k53_mask.png,439.41139060563205,288,221,336,265,3,1,6,5,5,1,1,5,2
72,LIDC-IDRI-0061,1,54,./lidc_patches_all\LIDC-IDRI-0061\LIDC-IDRI-0061_n1_k54_img.png,./lidc_patches_all\LIDC-IDRI-0061\LIDC-IDRI-0061_n1_k54_mask.png,405.76580173843206,288,221,336,265,3,1,6,5,5,1,1,5,2
72,LIDC-IDRI-0061,1,55,./lidc_patches_all\LIDC-IDRI-0061\LIDC-IDRI-0061_n1_k55_img.png,./lidc_patches_all\LIDC-IDRI-0061\LIDC-IDRI-0061_n1_k55_mask.png,394.32630152358405,288,221,336,265,3,1,6,5,5,1,1,5,2
72,LIDC-IDRI-0061,2,69,./lidc_patches_all\LIDC-IDRI-0061\LIDC-IDRI-0061_n2_k69_img.png,./lidc_patches_all\LIDC-IDRI-0061\LIDC-IDRI-0061_n2_k69_mask.png,18.841529765632004,233,387,252,409,3,1,6,4,4,1,1,4,3
72,LIDC-IDRI-0061,3,87,./lidc_patches_all\LIDC-IDRI-0061\LIDC-IDRI-0061_n3_k87_img.png,./lidc_patches_all\LIDC-IDRI-0061\LIDC-IDRI-0061_n3_k87_mask.png,65.27244240236801,285,275,313,299,3,1,6,4,5,1,1,5,3
72,LIDC-IDRI-0061,3,88,./lidc_patches_all\LIDC-IDRI-0061\LIDC-IDRI-0061_n3_k88_img.png,./lidc_patches_all\LIDC-IDRI-0061\LIDC-IDRI-0061_n3_k88_mask.png,76.03903083987201,285,275,313,299,3,1,6,4,5,1,1,5,3
72,LIDC-IDRI-0061,3,89,./lidc_patches_all\LIDC-IDRI-0061\LIDC-IDRI-0061_n3_k89_img.png,./lidc_patches_all\LIDC-IDRI-0061\LIDC-IDRI-0061_n3_k89_mask.png,57.19750107424001,285,275,313,299,3,1,6,4,5,1,1,5,3
72,LIDC-IDRI-0061,4,90,./lidc_patches_all\LIDC-IDRI-0061\LIDC-IDRI-0061_n4_k90_img.png,./lidc_patches_all\LIDC-IDRI-0061\LIDC-IDRI-0061_n4_k90_mask.png,47.10382441408001,191,319,212,346,4,1,6,4,5,1,1,5,2
72,LIDC-IDRI-0061,5,89,./lidc_patches_all\LIDC-IDRI-0061\LIDC-IDRI-0061_n5_k89_img.png,./lidc_patches_all\LIDC-IDRI-0061\LIDC-IDRI-0061_n5_k89_mask.png,694.4449542190081,334,315,387,373,4,1,6,5,5,1,1,5,4
72,LIDC-IDRI-0061,5,90,./lidc_patches_all\LIDC-IDRI-0061\LIDC-IDRI-0061_n5_k90_img.png,./lidc_patches_all\LIDC-IDRI-0061\LIDC-IDRI-0061_n5_k90_mask.png,752.9882788479362,334,315,387,373,4,1,6,5,5,1,1,5,4
72,LIDC-IDRI-0061,5,91,./lidc_patches_all\LIDC-IDRI-0061\LIDC-IDRI-0061_n5_k91_img.png,./lidc_patches_all\LIDC-IDRI-0061\LIDC-IDRI-0061_n5_k91_mask.png,781.9234852737281,334,315,387,373,4,1,6,5,5,1,1,5,4
72,LIDC-IDRI-0061,5,92,./lidc_patches_all\LIDC-IDRI-0061\LIDC-IDRI-0061_n5_k92_img.png,./lidc_patches_all\LIDC-IDRI-0061\LIDC-IDRI-0061_n5_k92_mask.png,779.2318381643521,334,315,387,373,4,1,6,5,5,1,1,5,4
72,LIDC-IDRI-0061,5,93,./lidc_patches_all\LIDC-IDRI-0061\LIDC-IDRI-0061_n5_k93_img.png,./lidc_patches_all\LIDC-IDRI-0061\LIDC-IDRI-0061_n5_k93_mask.png,728.763454863552,334,315,387,373,4,1,6,5,5,1,1,5,4
