scan_id,patient_id,nodule_index,k_global,img_path,mask_path,area_mm2,nodule_bbox_xmin,nodule_bbox_ymin,nodule_bbox_xmax,nodule_bbox_ymax,ann_subtlety,ann_internalStructure,ann_calcification,ann_sphericity,ann_margin,ann_lobulation,ann_spiculation,ann_texture,ann_malignancy
100,LIDC-IDRI-0092,0,161,./lidc_patches_all\LIDC-IDRI-0092\LIDC-IDRI-0092_n0_k161_img.png,./lidc_patches_all\LIDC-IDRI-0092\LIDC-IDRI-0092_n0_k161_mask.png,20.93722189454,218,203,241,224,5,1,4,4,5,1,1,5,1
100,LIDC-IDRI-0092,1,178,./lidc_patches_all\LIDC-IDRI-0092\LIDC-IDRI-0092_n1_k178_img.png,./lidc_patches_all\LIDC-IDRI-0092\LIDC-IDRI-0092_n1_k178_mask.png,44.8654754883,291,191,316,217,5,1,5,4,4,2,1,5,3
100,LIDC-IDRI-0092,2,199,./lidc_patches_all\LIDC-IDRI-0092\LIDC-IDRI-0092_n2_k199_img.png,./lidc_patches_all\LIDC-IDRI-0092\LIDC-IDRI-0092_n2_k199_mask.png,34.097761371108,279,162,300,186,4,1,4,2,5,1,1,5,2
100,LIDC-IDRI-0092,3,211,./lidc_patches_all\LIDC-IDRI-0092\LIDC-IDRI-0092_n3_k211_img.png,./lidc_patches_all\LIDC-IDRI-0092\LIDC-IDRI-0092_n3_k211_mask.png,12.562333136724,250,341,270,357,5,1,4,4,5,1,1,5,1
