scan_id,patient_id,nodule_index,k_global,img_path,mask_path,area_mm2,nodule_bbox_xmin,nodule_bbox_ymin,nodule_bbox_xmax,nodule_bbox_ymax,ann_subtlety,ann_internalStructure,ann_calcification,ann_sphericity,ann_margin,ann_lobulation,ann_spiculation,ann_texture,ann_malignancy
26,LIDC-IDRI-0015,0,178,./lidc_patches_all\LIDC-IDRI-0015\LIDC-IDRI-0015_n0_k178_img.png,./lidc_patches_all\LIDC-IDRI-0015\LIDC-IDRI-0015_n0_k178_mask.png,228.35468386847495,231,289,278,339,5,1,6,4,4,2,4,4,4
26,LIDC-IDRI-0015,0,179,./lidc_patches_all\LIDC-IDRI-0015\LIDC-IDRI-0015_n0_k179_img.png,./lidc_patches_all\LIDC-IDRI-0015\LIDC-IDRI-0015_n0_k179_mask.png,241.81559154914297,231,289,278,339,5,1,6,4,4,2,4,4,4
26,LIDC-IDRI-0015,0,180,./lidc_patches_all\LIDC-IDRI-0015\LIDC-IDRI-0015_n0_k180_img.png,./lidc_patches_all\LIDC-IDRI-0015\LIDC-IDRI-0015_n0_k180_mask.png,255.27649922981095,231,289,278,339,5,1,6,4,4,2,4,4,4
26,LIDC-IDRI-0015,0,181,./lidc_patches_all\LIDC-IDRI-0015\LIDC-IDRI-0015_n0_k181_img.png,./lidc_patches_all\LIDC-IDRI-0015\LIDC-IDRI-0015_n0_k181_mask.png,225.47020365118897,231,289,278,339,5,1,6,4,4,2,4,4,4
26,LIDC-IDRI-0015,0,182,./lidc_patches_all\LIDC-IDRI-0015\LIDC-IDRI-0015_n0_k182_img.png,./lidc_patches_all\LIDC-IDRI-0015\LIDC-IDRI-0015_n0_k182_mask.png,178.35702676885097,231,289,278,339,5,1,6,4,4,2,4,4,4
