scan_id,patient_id,nodule_index,k_global,img_path,mask_path,area_mm2,nodule_bbox_xmin,nodule_bbox_ymin,nodule_bbox_xmax,nodule_bbox_ymax,ann_subtlety,ann_internalStructure,ann_calcification,ann_sphericity,ann_margin,ann_lobulation,ann_spiculation,ann_texture,ann_malignancy
466,LIDC-IDRI-0461,0,92,./lidc_patches_all\LIDC-IDRI-0461\LIDC-IDRI-0461_n0_k92_img.png,./lidc_patches_all\LIDC-IDRI-0461\LIDC-IDRI-0461_n0_k92_mask.png,11.549367246095997,307,81,327,99,4,1,3,3,5,1,1,5,1
466,LIDC-IDRI-0461,1,99,./lidc_patches_all\LIDC-IDRI-0461\LIDC-IDRI-0461_n1_k99_img.png,./lidc_patches_all\LIDC-IDRI-0461\LIDC-IDRI-0461_n1_k99_mask.png,14.115893300783998,109,153,131,177,4,1,6,4,4,2,1,4,3
466,LIDC-IDRI-0461,2,128,./lidc_patches_all\LIDC-IDRI-0461\LIDC-IDRI-0461_n2_k128_img.png,./lidc_patches_all\LIDC-IDRI-0461\LIDC-IDRI-0461_n2_k128_mask.png,11.549367246095997,279,141,298,160,2,1,3,5,5,1,1,5,1
466,LIDC-IDRI-0461,3,154,./lidc_patches_all\LIDC-IDRI-0461\LIDC-IDRI-0461_n3_k154_img.png,./lidc_patches_all\LIDC-IDRI-0461\LIDC-IDRI-0461_n3_k154_mask.png,10.907735732423998,263,93,282,111,4,1,3,4,5,1,1,5,1
466,LIDC-IDRI-0461,4,177,./lidc_patches_all\LIDC-IDRI-0461\LIDC-IDRI-0461_n4_k177_img.png,./lidc_patches_all\LIDC-IDRI-0461\LIDC-IDRI-0461_n4_k177_mask.png,9.303656948243999,298,180,317,197,1,1,6,4,4,1,2,5,3
466,LIDC-IDRI-0461,5,211,./lidc_patches_all\LIDC-IDRI-0461\LIDC-IDRI-0461_n5_k211_img.png,./lidc_patches_all\LIDC-IDRI-0461\LIDC-IDRI-0461_n5_k211_mask.png,16.361603598636,224,341,245,362,4,1,4,4,5,2,1,5,2
