scan_id,patient_id,nodule_index,k_global,img_path,mask_path,area_mm2,nodule_bbox_xmin,nodule_bbox_ymin,nodule_bbox_xmax,nodule_bbox_ymax,ann_subtlety,ann_internalStructure,ann_calcification,ann_sphericity,ann_margin,ann_lobulation,ann_spiculation,ann_texture,ann_malignancy
441,LIDC-IDRI-0437,0,163,./lidc_patches_all\LIDC-IDRI-0437\LIDC-IDRI-0437_n0_k163_img.png,./lidc_patches_all\LIDC-IDRI-0437\LIDC-IDRI-0437_n0_k163_mask.png,42.51708984375,341,191,366,217,4,1,4,4,4,2,1,5,2
441,LIDC-IDRI-0437,1,206,./lidc_patches_all\LIDC-IDRI-0437\LIDC-IDRI-0437_n1_k206_img.png,./lidc_patches_all\LIDC-IDRI-0437\LIDC-IDRI-0437_n1_k206_mask.png,45.977783203125,399,317,420,346,3,1,6,3,3,1,1,5,2
441,LIDC-IDRI-0437,2,213,./lidc_patches_all\LIDC-IDRI-0437\LIDC-IDRI-0437_n2_k213_img.png,./lidc_patches_all\LIDC-IDRI-0437\LIDC-IDRI-0437_n2_k213_mask.png,25.7080078125,329,173,351,197,4,1,4,4,5,1,1,5,1
441,LIDC-IDRI-0437,3,305,./lidc_patches_all\LIDC-IDRI-0437\LIDC-IDRI-0437_n3_k305_img.png,./lidc_patches_all\LIDC-IDRI-0437\LIDC-IDRI-0437_n3_k305_mask.png,30.157470703125,313,383,337,407,4,1,4,4,5,1,2,5,1
441,LIDC-IDRI-0437,4,387,./lidc_patches_all\LIDC-IDRI-0437\LIDC-IDRI-0437_n4_k387_img.png,./lidc_patches_all\LIDC-IDRI-0437\LIDC-IDRI-0437_n4_k387_mask.png,31.146240234375,179,344,202,364,2,1,6,3,3,1,1,1,3
