scan_id,patient_id,nodule_index,k_global,img_path,mask_path,area_mm2,nodule_bbox_xmin,nodule_bbox_ymin,nodule_bbox_xmax,nodule_bbox_ymax,ann_subtlety,ann_internalStructure,ann_calcification,ann_sphericity,ann_margin,ann_lobulation,ann_spiculation,ann_texture,ann_malignancy
124,LIDC-IDRI-0119,0,161,./lidc_patches_all\LIDC-IDRI-0119\LIDC-IDRI-0119_n0_k161_img.png,./lidc_patches_all\LIDC-IDRI-0119\LIDC-IDRI-0119_n0_k161_mask.png,79.02843475341797,387,154,419,191,5,1,2,4,5,1,2,5,1
124,LIDC-IDRI-0119,0,162,./lidc_patches_all\LIDC-IDRI-0119\LIDC-IDRI-0119_n0_k162_img.png,./lidc_patches_all\LIDC-IDRI-0119\LIDC-IDRI-0119_n0_k162_mask.png,87.2239761352539,387,154,419,191,5,1,2,4,5,1,2,5,1
124,LIDC-IDRI-0119,0,163,./lidc_patches_all\LIDC-IDRI-0119\LIDC-IDRI-0119_n0_k163_img.png,./lidc_patches_all\LIDC-IDRI-0119\LIDC-IDRI-0119_n0_k163_mask.png,89.85825729370117,387,154,419,191,5,1,2,4,5,1,2,5,1
124,LIDC-IDRI-0119,0,164,./lidc_patches_all\LIDC-IDRI-0119\LIDC-IDRI-0119_n0_k164_img.png,./lidc_patches_all\LIDC-IDRI-0119\LIDC-IDRI-0119_n0_k164_mask.png,86.63858032226562,387,154,419,191,5,1,2,4,5,1,2,5,1
124,LIDC-IDRI-0119,0,165,./lidc_patches_all\LIDC-IDRI-0119\LIDC-IDRI-0119_n0_k165_img.png,./lidc_patches_all\LIDC-IDRI-0119\LIDC-IDRI-0119_n0_k165_mask.png,77.27224731445312,387,154,419,191,5,1,2,4,5,1,2,5,1
124,LIDC-IDRI-0119,1,196,./lidc_patches_all\LIDC-IDRI-0119\LIDC-IDRI-0119_n1_k196_img.png,./lidc_patches_all\LIDC-IDRI-0119\LIDC-IDRI-0119_n1_k196_mask.png,22.83043670654297,332,335,355,360,4,1,2,4,5,1,1,5,1
