scan_id,patient_id,nodule_index,k_global,img_path,mask_path,area_mm2,nodule_bbox_xmin,nodule_bbox_ymin,nodule_bbox_xmax,nodule_bbox_ymax,ann_subtlety,ann_internalStructure,ann_calcification,ann_sphericity,ann_margin,ann_lobulation,ann_spiculation,ann_texture,ann_malignancy
497,LIDC-IDRI-0491,0,92,./lidc_patches_all\LIDC-IDRI-0491\LIDC-IDRI-0491_n0_k92_img.png,./lidc_patches_all\LIDC-IDRI-0491\LIDC-IDRI-0491_n0_k92_mask.png,16.757176914072,350,147,369,168,5,1,3,4,5,1,1,5,1
497,LIDC-IDRI-0491,1,112,./lidc_patches_all\LIDC-IDRI-0491\LIDC-IDRI-0491_n1_k112_img.png,./lidc_patches_all\LIDC-IDRI-0491\LIDC-IDRI-0491_n1_k112_mask.png,15.434241894540001,218,73,237,92,5,1,3,5,5,1,1,5,1
497,LIDC-IDRI-0491,2,137,./lidc_patches_all\LIDC-IDRI-0491\LIDC-IDRI-0491_n2_k137_img.png,./lidc_patches_all\LIDC-IDRI-0491\LIDC-IDRI-0491_n2_k137_mask.png,11.465436835944,383,142,401,159,4,1,3,5,5,1,1,5,1
497,LIDC-IDRI-0491,3,160,./lidc_patches_all\LIDC-IDRI-0491\LIDC-IDRI-0491_n3_k160_img.png,./lidc_patches_all\LIDC-IDRI-0491\LIDC-IDRI-0491_n3_k160_mask.png,17.198155253916003,191,426,212,447,5,1,3,5,5,1,1,5,1
497,LIDC-IDRI-0491,4,253,./lidc_patches_all\LIDC-IDRI-0491\LIDC-IDRI-0491_n4_k253_img.png,./lidc_patches_all\LIDC-IDRI-0491\LIDC-IDRI-0491_n4_k253_mask.png,7.937610117192,372,108,389,125,5,1,3,5,5,1,1,5,1
497,LIDC-IDRI-0491,5,294,./lidc_patches_all\LIDC-IDRI-0491\LIDC-IDRI-0491_n5_k294_img.png,./lidc_patches_all\LIDC-IDRI-0491\LIDC-IDRI-0491_n5_k294_mask.png,12.788371855476,427,168,445,187,4,1,3,5,4,1,1,5,1
497,LIDC-IDRI-0491,6,313,./lidc_patches_all\LIDC-IDRI-0491\LIDC-IDRI-0491_n6_k313_img.png,./lidc_patches_all\LIDC-IDRI-0491\LIDC-IDRI-0491_n6_k313_mask.png,16.316198574228,179,295,197,315,4,1,3,4,5,1,1,5,1
497,LIDC-IDRI-0491,7,315,./lidc_patches_all\LIDC-IDRI-0491\LIDC-IDRI-0491_n7_k315_img.png,./lidc_patches_all\LIDC-IDRI-0491\LIDC-IDRI-0491_n7_k315_mask.png,14.993263554696002,222,366,243,386,4,1,3,2,5,2,2,5,1
497,LIDC-IDRI-0491,8,314,./lidc_patches_all\LIDC-IDRI-0491\LIDC-IDRI-0491_n8_k314_img.png,./lidc_patches_all\LIDC-IDRI-0491\LIDC-IDRI-0491_n8_k314_mask.png,66.58772931644401,404,179,434,208,5,1,5,4,5,2,2,5,3
497,LIDC-IDRI-0491,8,315,./lidc_patches_all\LIDC-IDRI-0491\LIDC-IDRI-0491_n8_k315_img.png,./lidc_patches_all\LIDC-IDRI-0491\LIDC-IDRI-0491_n8_k315_mask.png,67.91066433597601,404,179,434,208,5,1,5,4,5,2,2,5,3
497,LIDC-IDRI-0491,8,316,./lidc_patches_all\LIDC-IDRI-0491\LIDC-IDRI-0491_n8_k316_img.png,./lidc_patches_all\LIDC-IDRI-0491\LIDC-IDRI-0491_n8_k316_mask.png,69.233599355508,404,179,434,208,5,1,5,4,5,2,2,5,3
497,LIDC-IDRI-0491,8,317,./lidc_patches_all\LIDC-IDRI-0491\LIDC-IDRI-0491_n8_k317_img.png,./lidc_patches_all\LIDC-IDRI-0491\LIDC-IDRI-0491_n8_k317_mask.png,64.823815957068,404,179,434,208,5,1,5,4,5,2,2,5,3
497,LIDC-IDRI-0491,8,318,./lidc_patches_all\LIDC-IDRI-0491\LIDC-IDRI-0491_n8_k318_img.png,./lidc_patches_all\LIDC-IDRI-0491\LIDC-IDRI-0491_n8_k318_mask.png,59.532075878940006,404,179,434,208,5,1,5,4,5,2,2,5,3
497,LIDC-IDRI-0491,9,424,./lidc_patches_all\LIDC-IDRI-0491\LIDC-IDRI-0491_n9_k424_img.png,./lidc_patches_all\LIDC-IDRI-0491\LIDC-IDRI-0491_n9_k424_mask.png,13.22935019532,222,174,241,192,3,1,3,4,5,1,1,5,1
