scan_id,patient_id,nodule_index,k_global,img_path,mask_path,area_mm2,nodule_bbox_xmin,nodule_bbox_ymin,nodule_bbox_xmax,nodule_bbox_ymax,ann_subtlety,ann_internalStructure,ann_calcification,ann_sphericity,ann_margin,ann_lobulation,ann_spiculation,ann_texture,ann_malignancy
404,LIDC-IDRI-0400,0,84,./lidc_patches_all\LIDC-IDRI-0400\LIDC-IDRI-0400_n0_k84_img.png,./lidc_patches_all\LIDC-IDRI-0400\LIDC-IDRI-0400_n0_k84_mask.png,14.3218994140625,209,47,231,67,3,1,6,4,5,3,2,5,3
404,LIDC-IDRI-0400,1,88,./lidc_patches_all\LIDC-IDRI-0400\LIDC-IDRI-0400_n1_k88_img.png,./lidc_patches_all\LIDC-IDRI-0400\LIDC-IDRI-0400_n1_k88_mask.png,31.9488525390625,228,458,252,479,5,1,6,4,5,2,1,5,3
404,LIDC-IDRI-0400,2,108,./lidc_patches_all\LIDC-IDRI-0400\LIDC-IDRI-0400_n2_k108_img.png,./lidc_patches_all\LIDC-IDRI-0400\LIDC-IDRI-0400_n2_k108_mask.png,22.58453369140625,147,390,170,410,4,1,6,4,4,2,2,5,4
404,LIDC-IDRI-0400,3,130,./lidc_patches_all\LIDC-IDRI-0400\LIDC-IDRI-0400_n3_k130_img.png,./lidc_patches_all\LIDC-IDRI-0400\LIDC-IDRI-0400_n3_k130_mask.png,11.56768798828125,154,167,174,188,4,1,6,3,3,1,1,5,2
