scan_id,patient_id,nodule_index,k_global,img_path,mask_path,area_mm2,nodule_bbox_xmin,nodule_bbox_ymin,nodule_bbox_xmax,nodule_bbox_ymax,ann_subtlety,ann_internalStructure,ann_calcification,ann_sphericity,ann_margin,ann_lobulation,ann_spiculation,ann_texture,ann_malignancy
459,LIDC-IDRI-0454,0,64,./lidc_patches_all\LIDC-IDRI-0454\LIDC-IDRI-0454_n0_k64_img.png,./lidc_patches_all\LIDC-IDRI-0454\LIDC-IDRI-0454_n0_k64_mask.png,20.477291107177734,267,412,287,432,4,1,5,5,5,1,1,5,2
459,LIDC-IDRI-0454,1,128,./lidc_patches_all\LIDC-IDRI-0454\LIDC-IDRI-0454_n1_k128_img.png,./lidc_patches_all\LIDC-IDRI-0454\LIDC-IDRI-0454_n1_k128_mask.png,65.63234329223633,312,168,343,201,4,1,6,4,4,2,2,5,4
459,LIDC-IDRI-0454,1,129,./lidc_patches_all\LIDC-IDRI-0454\LIDC-IDRI-0454_n1_k129_img.png,./lidc_patches_all\LIDC-IDRI-0454\LIDC-IDRI-0454_n1_k129_mask.png,75.60845947265625,312,168,343,201,4,1,6,4,4,2,2,5,4
459,LIDC-IDRI-0454,1,130,./lidc_patches_all\LIDC-IDRI-0454\LIDC-IDRI-0454_n1_k130_img.png,./lidc_patches_all\LIDC-IDRI-0454\LIDC-IDRI-0454_n1_k130_mask.png,81.90916442871094,312,168,343,201,4,1,6,4,4,2,2,5,4
459,LIDC-IDRI-0454,1,131,./lidc_patches_all\LIDC-IDRI-0454\LIDC-IDRI-0454_n1_k131_img.png,./lidc_patches_all\LIDC-IDRI-0454\LIDC-IDRI-0454_n1_k131_mask.png,80.85904693603516,312,168,343,201,4,1,6,4,4,2,2,5,4
459,LIDC-IDRI-0454,2,152,./lidc_patches_all\LIDC-IDRI-0454\LIDC-IDRI-0454_n2_k152_img.png,./lidc_patches_all\LIDC-IDRI-0454\LIDC-IDRI-0454_n2_k152_mask.png,11.026233673095703,241,191,261,211,3,1,6,4,4,2,2,5,3
459,LIDC-IDRI-0454,3,157,./lidc_patches_all\LIDC-IDRI-0454\LIDC-IDRI-0454_n3_k157_img.png,./lidc_patches_all\LIDC-IDRI-0454\LIDC-IDRI-0454_n3_k157_mask.png,33.07870101928711,248,200,271,225,4,1,6,4,4,2,2,5,4
459,LIDC-IDRI-0454,4,159,./lidc_patches_all\LIDC-IDRI-0454\LIDC-IDRI-0454_n4_k159_img.png,./lidc_patches_all\LIDC-IDRI-0454\LIDC-IDRI-0454_n4_k159_mask.png,34.65387725830078,282,146,307,172,5,1,6,5,5,5,5,5,5
459,LIDC-IDRI-0454,5,197,./lidc_patches_all\LIDC-IDRI-0454\LIDC-IDRI-0454_n5_k197_img.png,./lidc_patches_all\LIDC-IDRI-0454\LIDC-IDRI-0454_n5_k197_mask.png,15.226703643798828,282,185,303,206,3,1,6,4,4,1,1,5,2
459,LIDC-IDRI-0454,6,208,./lidc_patches_all\LIDC-IDRI-0454\LIDC-IDRI-0454_n6_k208_img.png,./lidc_patches_all\LIDC-IDRI-0454\LIDC-IDRI-0454_n6_k208_mask.png,393.79405975341797,297,189,368,250,5,1,5,3,3,4,4,4,4
459,LIDC-IDRI-0454,6,209,./lidc_patches_all\LIDC-IDRI-0454\LIDC-IDRI-0454_n6_k209_img.png,./lidc_patches_all\LIDC-IDRI-0454\LIDC-IDRI-0454_n6_k209_mask.png,386.9682960510254,297,189,368,250,5,1,5,3,3,4,4,4,4
459,LIDC-IDRI-0454,6,210,./lidc_patches_all\LIDC-IDRI-0454\LIDC-IDRI-0454_n6_k210_img.png,./lidc_patches_all\LIDC-IDRI-0454\LIDC-IDRI-0454_n6_k210_mask.png,423.19734954833984,297,189,368,250,5,1,5,3,3,4,4,4,4
459,LIDC-IDRI-0454,6,211,./lidc_patches_all\LIDC-IDRI-0454\LIDC-IDRI-0454_n6_k211_img.png,./lidc_patches_all\LIDC-IDRI-0454\LIDC-IDRI-0454_n6_k211_mask.png,374.8919448852539,297,189,368,250,5,1,5,3,3,4,4,4,4
459,LIDC-IDRI-0454,6,212,./lidc_patches_all\LIDC-IDRI-0454\LIDC-IDRI-0454_n6_k212_img.png,./lidc_patches_all\LIDC-IDRI-0454\LIDC-IDRI-0454_n6_k212_mask.png,350.73924255371094,297,189,368,250,5,1,5,3,3,4,4,4,4
