scan_id,patient_id,nodule_index,k_global,img_path,mask_path,area_mm2,nodule_bbox_xmin,nodule_bbox_ymin,nodule_bbox_xmax,nodule_bbox_ymax,ann_subtlety,ann_internalStructure,ann_calcification,ann_sphericity,ann_margin,ann_lobulation,ann_spiculation,ann_texture,ann_malignancy
349,LIDC-IDRI-0347,0,69,./lidc_patches_all\LIDC-IDRI-0347\LIDC-IDRI-0347_n0_k69_img.png,./lidc_patches_all\LIDC-IDRI-0347\LIDC-IDRI-0347_n0_k69_mask.png,95.57199096679688,304,85,341,129,5,1,6,4,3,3,2,5,4
349,LIDC-IDRI-0347,0,70,./lidc_patches_all\LIDC-IDRI-0347\LIDC-IDRI-0347_n0_k70_img.png,./lidc_patches_all\LIDC-IDRI-0347\LIDC-IDRI-0347_n0_k70_mask.png,139.72209548950195,304,85,341,129,5,1,6,4,3,3,2,5,4
349,LIDC-IDRI-0347,0,71,./lidc_patches_all\LIDC-IDRI-0347\LIDC-IDRI-0347_n0_k71_img.png,./lidc_patches_all\LIDC-IDRI-0347\LIDC-IDRI-0347_n0_k71_mask.png,86.2225570678711,304,85,341,129,5,1,6,4,3,3,2,5,4
349,LIDC-IDRI-0347,0,72,./lidc_patches_all\LIDC-IDRI-0347\LIDC-IDRI-0347_n0_k72_img.png,./lidc_patches_all\LIDC-IDRI-0347\LIDC-IDRI-0347_n0_k72_mask.png,57.654842376708984,304,85,341,129,5,1,6,4,3,3,2,5,4
349,LIDC-IDRI-0347,1,76,./lidc_patches_all\LIDC-IDRI-0347\LIDC-IDRI-0347_n1_k76_img.png,./lidc_patches_all\LIDC-IDRI-0347\LIDC-IDRI-0347_n1_k76_mask.png,13.504737854003906,159,384,177,401,2,1,6,4,4,1,1,5,1
349,LIDC-IDRI-0347,2,84,./lidc_patches_all\LIDC-IDRI-0347\LIDC-IDRI-0347_n2_k84_img.png,./lidc_patches_all\LIDC-IDRI-0347\LIDC-IDRI-0347_n2_k84_mask.png,32.20360565185547,147,223,170,245,4,1,6,4,4,1,1,5,2
349,LIDC-IDRI-0347,3,92,./lidc_patches_all\LIDC-IDRI-0347\LIDC-IDRI-0347_n3_k92_img.png,./lidc_patches_all\LIDC-IDRI-0347\LIDC-IDRI-0347_n3_k92_mask.png,189.58574295043945,147,150,216,229,4,1,6,4,2,2,4,5,4
349,LIDC-IDRI-0347,3,93,./lidc_patches_all\LIDC-IDRI-0347\LIDC-IDRI-0347_n3_k93_img.png,./lidc_patches_all\LIDC-IDRI-0347\LIDC-IDRI-0347_n3_k93_mask.png,170.8868751525879,147,150,216,229,4,1,6,4,2,2,4,5,4
349,LIDC-IDRI-0347,3,94,./lidc_patches_all\LIDC-IDRI-0347\LIDC-IDRI-0347_n3_k94_img.png,./lidc_patches_all\LIDC-IDRI-0347\LIDC-IDRI-0347_n3_k94_mask.png,127.77559661865234,147,150,216,229,4,1,6,4,2,2,4,5,4
