scan_id,patient_id,nodule_index,k_global,img_path,mask_path,area_mm2,nodule_bbox_xmin,nodule_bbox_ymin,nodule_bbox_xmax,nodule_bbox_ymax,ann_subtlety,ann_internalStructure,ann_calcification,ann_sphericity,ann_margin,ann_lobulation,ann_spiculation,ann_texture,ann_malignancy
113,LIDC-IDRI-0106,0,23,./lidc_patches_all\LIDC-IDRI-0106\LIDC-IDRI-0106_n0_k23_img.png,./lidc_patches_all\LIDC-IDRI-0106\LIDC-IDRI-0106_n0_k23_mask.png,8.282467999999998,406,151,423,168,2,1,6,4,3,2,1,3,2
113,LIDC-IDRI-0106,1,64,./lidc_patches_all\LIDC-IDRI-0106\LIDC-IDRI-0106_n1_k64_img.png,./lidc_patches_all\LIDC-IDRI-0106\LIDC-IDRI-0106_n1_k64_mask.png,51.15641999999999,324,76,354,104,4,1,6,4,2,3,4,4,4
113,LIDC-IDRI-0106,2,68,./lidc_patches_all\LIDC-IDRI-0106\LIDC-IDRI-0106_n2_k68_img.png,./lidc_patches_all\LIDC-IDRI-0106\LIDC-IDRI-0106_n2_k68_mask.png,12.667303999999998,395,87,414,106,4,1,6,4,4,2,1,5,3
113,LIDC-IDRI-0106,3,68,./lidc_patches_all\LIDC-IDRI-0106\LIDC-IDRI-0106_n3_k68_img.png,./lidc_patches_all\LIDC-IDRI-0106\LIDC-IDRI-0106_n3_k68_mask.png,11.205691999999997,347,129,367,146,2,1,6,4,4,2,2,4,3
113,LIDC-IDRI-0106,4,79,./lidc_patches_all\LIDC-IDRI-0106\LIDC-IDRI-0106_n4_k79_img.png,./lidc_patches_all\LIDC-IDRI-0106\LIDC-IDRI-0106_n4_k79_mask.png,17.052139999999998,179,132,198,152,4,1,6,4,4,2,2,4,1
113,LIDC-IDRI-0106,5,80,./lidc_patches_all\LIDC-IDRI-0106\LIDC-IDRI-0106_n5_k80_img.png,./lidc_patches_all\LIDC-IDRI-0106\LIDC-IDRI-0106_n5_k80_mask.png,19.975363999999995,219,89,239,110,4,1,6,2,3,1,3,4,1
