scan_id,patient_id,nodule_index,k_global,img_path,mask_path,area_mm2,nodule_bbox_xmin,nodule_bbox_ymin,nodule_bbox_xmax,nodule_bbox_ymax,ann_subtlety,ann_internalStructure,ann_calcification,ann_sphericity,ann_margin,ann_lobulation,ann_spiculation,ann_texture,ann_malignancy
56,LIDC-IDRI-0045,0,25,./lidc_patches_all\LIDC-IDRI-0045\LIDC-IDRI-0045_n0_k25_img.png,./lidc_patches_all\LIDC-IDRI-0045\LIDC-IDRI-0045_n0_k25_mask.png,32.191418808612,351,348,375,372,4,1,6,3,4,1,1,5,3
56,LIDC-IDRI-0045,1,41,./lidc_patches_all\LIDC-IDRI-0045\LIDC-IDRI-0045_n1_k41_img.png,./lidc_patches_all\LIDC-IDRI-0045\LIDC-IDRI-0045_n1_k41_mask.png,30.868483789080003,259,160,282,184,2,1,6,4,3,1,1,2,3
56,LIDC-IDRI-0045,2,46,./lidc_patches_all\LIDC-IDRI-0045\LIDC-IDRI-0045_n2_k46_img.png,./lidc_patches_all\LIDC-IDRI-0045\LIDC-IDRI-0045_n2_k46_mask.png,59.97305421878401,353,322,385,351,4,1,6,3,4,4,3,5,4
56,LIDC-IDRI-0045,3,49,./lidc_patches_all\LIDC-IDRI-0045\LIDC-IDRI-0045_n3_k49_img.png,./lidc_patches_all\LIDC-IDRI-0045\LIDC-IDRI-0045_n3_k49_mask.png,105.83480156256,311,319,343,349,4,1,6,4,3,2,2,5,4
56,LIDC-IDRI-0045,3,50,./lidc_patches_all\LIDC-IDRI-0045\LIDC-IDRI-0045_n3_k50_img.png,./lidc_patches_all\LIDC-IDRI-0045\LIDC-IDRI-0045_n3_k50_mask.png,108.03969326178,311,319,343,349,4,1,6,4,3,2,2,5,4
56,LIDC-IDRI-0045,3,51,./lidc_patches_all\LIDC-IDRI-0045\LIDC-IDRI-0045_n3_k51_img.png,./lidc_patches_all\LIDC-IDRI-0045\LIDC-IDRI-0045_n3_k51_mask.png,105.83480156256,311,319,343,349,4,1,6,4,3,2,2,5,4
56,LIDC-IDRI-0045,4,56,./lidc_patches_all\LIDC-IDRI-0045\LIDC-IDRI-0045_n4_k56_img.png,./lidc_patches_all\LIDC-IDRI-0045\LIDC-IDRI-0045_n4_k56_mask.png,27.781635410172,216,108,238,131,2,1,6,4,2,2,1,2,3
56,LIDC-IDRI-0045,5,62,./lidc_patches_all\LIDC-IDRI-0045\LIDC-IDRI-0045_n5_k62_img.png,./lidc_patches_all\LIDC-IDRI-0045\LIDC-IDRI-0045_n5_k62_mask.png,27.340657070328003,317,75,339,96,5,1,4,5,5,1,1,5,2
56,LIDC-IDRI-0045,6,68,./lidc_patches_all\LIDC-IDRI-0045\LIDC-IDRI-0045_n6_k68_img.png,./lidc_patches_all\LIDC-IDRI-0045\LIDC-IDRI-0045_n6_k68_mask.png,51.153487421904,352,99,380,125,2,1,6,3,2,1,1,1,3
56,LIDC-IDRI-0045,6,69,./lidc_patches_all\LIDC-IDRI-0045\LIDC-IDRI-0045_n6_k69_img.png,./lidc_patches_all\LIDC-IDRI-0045\LIDC-IDRI-0045_n6_k69_mask.png,53.799357460968004,352,99,380,125,2,1,6,3,2,1,1,1,3
56,LIDC-IDRI-0045,7,70,./lidc_patches_all\LIDC-IDRI-0045\LIDC-IDRI-0045_n7_k70_img.png,./lidc_patches_all\LIDC-IDRI-0045\LIDC-IDRI-0045_n7_k70_mask.png,61.736967578160005,346,381,376,405,3,1,6,2,3,3,3,3,3
56,LIDC-IDRI-0045,7,71,./lidc_patches_all\LIDC-IDRI-0045\LIDC-IDRI-0045_n7_k71_img.png,./lidc_patches_all\LIDC-IDRI-0045\LIDC-IDRI-0045_n7_k71_mask.png,71.879469394572,346,381,376,405,3,1,6,2,3,3,3,3,3
56,LIDC-IDRI-0045,8,71,./lidc_patches_all\LIDC-IDRI-0045\LIDC-IDRI-0045_n8_k71_img.png,./lidc_patches_all\LIDC-IDRI-0045\LIDC-IDRI-0045_n8_k71_mask.png,13.670328535164002,222,201,241,219,3,1,6,4,2,1,1,3,3
56,LIDC-IDRI-0045,9,82,./lidc_patches_all\LIDC-IDRI-0045\LIDC-IDRI-0045_n9_k82_img.png,./lidc_patches_all\LIDC-IDRI-0045\LIDC-IDRI-0045_n9_k82_mask.png,111.56751998053201,182,283,228,322,5,1,6,4,4,3,2,5,4
56,LIDC-IDRI-0045,9,83,./lidc_patches_all\LIDC-IDRI-0045\LIDC-IDRI-0045_n9_k83_img.png,./lidc_patches_all\LIDC-IDRI-0045\LIDC-IDRI-0045_n9_k83_mask.png,135.380350332108,182,283,228,322,5,1,6,4,4,3,2,5,4
56,LIDC-IDRI-0045,9,84,./lidc_patches_all\LIDC-IDRI-0045\LIDC-IDRI-0045_n9_k84_img.png,./lidc_patches_all\LIDC-IDRI-0045\LIDC-IDRI-0045_n9_k84_mask.png,146.40480882820802,182,283,228,322,5,1,6,4,4,3,2,5,4
56,LIDC-IDRI-0045,9,85,./lidc_patches_all\LIDC-IDRI-0045\LIDC-IDRI-0045_n9_k85_img.png,./lidc_patches_all\LIDC-IDRI-0045\LIDC-IDRI-0045_n9_k85_mask.png,94.36936472661601,182,283,228,322,5,1,6,4,4,3,2,5,4
56,LIDC-IDRI-0045,9,86,./lidc_patches_all\LIDC-IDRI-0045\LIDC-IDRI-0045_n9_k86_img.png,./lidc_patches_all\LIDC-IDRI-0045\LIDC-IDRI-0045_n9_k86_mask.png,59.97305421878401,182,283,228,322,5,1,6,4,4,3,2,5,4
56,LIDC-IDRI-0045,10,85,./lidc_patches_all\LIDC-IDRI-0045\LIDC-IDRI-0045_n10_k85_img.png,./lidc_patches_all\LIDC-IDRI-0045\LIDC-IDRI-0045_n10_k85_mask.png,34.396310507832005,350,148,376,172,4,1,6,4,4,1,1,4,3
56,LIDC-IDRI-0045,11,86,./lidc_patches_all\LIDC-IDRI-0045\LIDC-IDRI-0045_n11_k86_img.png,./lidc_patches_all\LIDC-IDRI-0045\LIDC-IDRI-0045_n11_k86_mask.png,51.153487421904,180,267,206,294,4,1,6,4,3,2,2,5,4
56,LIDC-IDRI-0045,11,87,./lidc_patches_all\LIDC-IDRI-0045\LIDC-IDRI-0045_n11_k87_img.png,./lidc_patches_all\LIDC-IDRI-0045\LIDC-IDRI-0045_n11_k87_mask.png,56.445227500032004,180,267,206,294,4,1,6,4,3,2,2,5,4
