scan_id,patient_id,nodule_index,k_global,img_path,mask_path,area_mm2,nodule_bbox_xmin,nodule_bbox_ymin,nodule_bbox_xmax,nodule_bbox_ymax,ann_subtlety,ann_internalStructure,ann_calcification,ann_sphericity,ann_margin,ann_lobulation,ann_spiculation,ann_texture,ann_malignancy
394,LIDC-IDRI-0390,0,34,./lidc_patches_all\LIDC-IDRI-0390\LIDC-IDRI-0390_n0_k34_img.png,./lidc_patches_all\LIDC-IDRI-0390\LIDC-IDRI-0390_n0_k34_mask.png,51.417999267578125,196,396,222,425,4,1,3,4,4,1,1,5,1
394,LIDC-IDRI-0390,1,44,./lidc_patches_all\LIDC-IDRI-0390\LIDC-IDRI-0390_n1_k44_img.png,./lidc_patches_all\LIDC-IDRI-0390\LIDC-IDRI-0390_n1_k44_mask.png,55.37322998046875,231,144,255,174,4,1,3,3,5,1,1,5,1
394,LIDC-IDRI-0390,2,45,./lidc_patches_all\LIDC-IDRI-0390\LIDC-IDRI-0390_n2_k45_img.png,./lidc_patches_all\LIDC-IDRI-0390\LIDC-IDRI-0390_n2_k45_mask.png,40.73887634277344,328,180,351,205,4,1,3,4,5,1,1,5,1
394,LIDC-IDRI-0390,3,46,./lidc_patches_all\LIDC-IDRI-0390\LIDC-IDRI-0390_n3_k46_img.png,./lidc_patches_all\LIDC-IDRI-0390\LIDC-IDRI-0390_n3_k46_mask.png,9.888076782226562,187,88,206,106,5,1,6,4,5,1,1,5,2
394,LIDC-IDRI-0390,4,58,./lidc_patches_all\LIDC-IDRI-0390\LIDC-IDRI-0390_n4_k58_img.png,./lidc_patches_all\LIDC-IDRI-0390\LIDC-IDRI-0390_n4_k58_mask.png,48.64933776855469,253,152,280,178,4,1,3,4,5,1,1,5,1
394,LIDC-IDRI-0390,5,66,./lidc_patches_all\LIDC-IDRI-0390\LIDC-IDRI-0390_n5_k66_img.png,./lidc_patches_all\LIDC-IDRI-0390\LIDC-IDRI-0390_n5_k66_mask.png,102.44047546386719,321,85,354,123,5,1,4,4,4,2,1,5,2
394,LIDC-IDRI-0390,5,67,./lidc_patches_all\LIDC-IDRI-0390\LIDC-IDRI-0390_n5_k67_img.png,./lidc_patches_all\LIDC-IDRI-0390\LIDC-IDRI-0390_n5_k67_mask.png,119.05244445800781,321,85,354,123,5,1,4,4,4,2,1,5,2
394,LIDC-IDRI-0390,5,68,./lidc_patches_all\LIDC-IDRI-0390\LIDC-IDRI-0390_n5_k68_img.png,./lidc_patches_all\LIDC-IDRI-0390\LIDC-IDRI-0390_n5_k68_mask.png,88.99269104003906,321,85,354,123,5,1,4,4,4,2,1,5,2
394,LIDC-IDRI-0390,6,70,./lidc_patches_all\LIDC-IDRI-0390\LIDC-IDRI-0390_n6_k70_img.png,./lidc_patches_all\LIDC-IDRI-0390\LIDC-IDRI-0390_n6_k70_mask.png,22.1492919921875,351,123,372,144,4,1,3,5,5,1,1,5,1
394,LIDC-IDRI-0390,7,73,./lidc_patches_all\LIDC-IDRI-0390\LIDC-IDRI-0390_n7_k73_img.png,./lidc_patches_all\LIDC-IDRI-0390\LIDC-IDRI-0390_n7_k73_mask.png,15.8209228515625,170,181,190,204,4,1,3,4,5,1,1,5,1
