scan_id,patient_id,nodule_index,k_global,img_path,mask_path,area_mm2,nodule_bbox_xmin,nodule_bbox_ymin,nodule_bbox_xmax,nodule_bbox_ymax,ann_subtlety,ann_internalStructure,ann_calcification,ann_sphericity,ann_margin,ann_lobulation,ann_spiculation,ann_texture,ann_malignancy
195,LIDC-IDRI-0194,0,72,./lidc_patches_all\LIDC-IDRI-0194\LIDC-IDRI-0194_n0_k72_img.png,./lidc_patches_all\LIDC-IDRI-0194\LIDC-IDRI-0194_n0_k72_mask.png,393.6767578125,317,309,376,373,4,1,6,3,2,3,4,3,3
195,LIDC-IDRI-0194,0,73,./lidc_patches_all\LIDC-IDRI-0194\LIDC-IDRI-0194_n0_k73_img.png,./lidc_patches_all\LIDC-IDRI-0194\LIDC-IDRI-0194_n0_k73_mask.png,501.708984375,317,309,376,373,4,1,6,3,2,3,4,3,3
195,LIDC-IDRI-0194,0,74,./lidc_patches_all\LIDC-IDRI-0194\LIDC-IDRI-0194_n0_k74_img.png,./lidc_patches_all\LIDC-IDRI-0194\LIDC-IDRI-0194_n0_k74_mask.png,548.7060546875,317,309,376,373,4,1,6,3,2,3,4,3,3
195,LIDC-IDRI-0194,0,75,./lidc_patches_all\LIDC-IDRI-0194\LIDC-IDRI-0194_n0_k75_img.png,./lidc_patches_all\LIDC-IDRI-0194\LIDC-IDRI-0194_n0_k75_mask.png,241.69921875,317,309,376,373,4,1,6,3,2,3,4,3,3
195,LIDC-IDRI-0194,1,92,./lidc_patches_all\LIDC-IDRI-0194\LIDC-IDRI-0194_n1_k92_img.png,./lidc_patches_all\LIDC-IDRI-0194\LIDC-IDRI-0194_n1_k92_mask.png,128.7841796875,198,325,267,389,5,1,6,4,3,3,5,5,4
195,LIDC-IDRI-0194,1,93,./lidc_patches_all\LIDC-IDRI-0194\LIDC-IDRI-0194_n1_k93_img.png,./lidc_patches_all\LIDC-IDRI-0194\LIDC-IDRI-0194_n1_k93_mask.png,284.423828125,198,325,267,389,5,1,6,4,3,3,5,5,4
195,LIDC-IDRI-0194,1,94,./lidc_patches_all\LIDC-IDRI-0194\LIDC-IDRI-0194_n1_k94_img.png,./lidc_patches_all\LIDC-IDRI-0194\LIDC-IDRI-0194_n1_k94_mask.png,250.8544921875,198,325,267,389,5,1,6,4,3,3,5,5,4
195,LIDC-IDRI-0194,1,95,./lidc_patches_all\LIDC-IDRI-0194\LIDC-IDRI-0194_n1_k95_img.png,./lidc_patches_all\LIDC-IDRI-0194\LIDC-IDRI-0194_n1_k95_mask.png,241.69921875,198,325,267,389,5,1,6,4,3,3,5,5,4
195,LIDC-IDRI-0194,2,105,./lidc_patches_all\LIDC-IDRI-0194\LIDC-IDRI-0194_n2_k105_img.png,./lidc_patches_all\LIDC-IDRI-0194\LIDC-IDRI-0194_n2_k105_mask.png,134.27734375,193,316,233,347,5,1,6,4,3,3,4,4,4
195,LIDC-IDRI-0194,2,106,./lidc_patches_all\LIDC-IDRI-0194\LIDC-IDRI-0194_n2_k106_img.png,./lidc_patches_all\LIDC-IDRI-0194\LIDC-IDRI-0194_n2_k106_mask.png,138.5498046875,193,316,233,347,5,1,6,4,3,3,4,4,4
195,LIDC-IDRI-0194,2,107,./lidc_patches_all\LIDC-IDRI-0194\LIDC-IDRI-0194_n2_k107_img.png,./lidc_patches_all\LIDC-IDRI-0194\LIDC-IDRI-0194_n2_k107_mask.png,109.2529296875,193,316,233,347,5,1,6,4,3,3,4,4,4
