scan_id,patient_id,nodule_index,k_global,img_path,mask_path,area_mm2,nodule_bbox_xmin,nodule_bbox_ymin,nodule_bbox_xmax,nodule_bbox_ymax,ann_subtlety,ann_internalStructure,ann_calcification,ann_sphericity,ann_margin,ann_lobulation,ann_spiculation,ann_texture,ann_malignancy
446,LIDC-IDRI-0442,0,42,./lidc_patches_all\LIDC-IDRI-0442\LIDC-IDRI-0442_n0_k42_img.png,./lidc_patches_all\LIDC-IDRI-0442\LIDC-IDRI-0442_n0_k42_mask.png,16.58953857421875,294,436,318,456,4,1,6,3,5,1,1,5,2
446,LIDC-IDRI-0442,1,56,./lidc_patches_all\LIDC-IDRI-0442\LIDC-IDRI-0442_n1_k56_img.png,./lidc_patches_all\LIDC-IDRI-0442\LIDC-IDRI-0442_n1_k56_mask.png,21.082538604736328,180,159,201,182,4,1,6,4,3,1,1,5,2
446,LIDC-IDRI-0442,2,84,./lidc_patches_all\LIDC-IDRI-0442\LIDC-IDRI-0442_n2_k84_img.png,./lidc_patches_all\LIDC-IDRI-0442\LIDC-IDRI-0442_n2_k84_mask.png,10.368461608886719,238,432,258,452,3,1,6,3,3,2,1,3,2
447,LIDC-IDRI-0442,0,42,./lidc_patches_all\LIDC-IDRI-0442\LIDC-IDRI-0442_n0_k42_img.png,./lidc_patches_all\LIDC-IDRI-0442\LIDC-IDRI-0442_n0_k42_mask.png,18.5394287109375,309,427,334,448,4,1,6,3,4,1,1,4,3
447,LIDC-IDRI-0442,1,55,./lidc_patches_all\LIDC-IDRI-0442\LIDC-IDRI-0442_n1_k55_img.png,./lidc_patches_all\LIDC-IDRI-0442\LIDC-IDRI-0442_n1_k55_mask.png,20.94268798828125,178,151,202,174,4,1,6,4,3,2,1,3,3
447,LIDC-IDRI-0442,2,82,./lidc_patches_all\LIDC-IDRI-0442\LIDC-IDRI-0442_n2_k82_img.png,./lidc_patches_all\LIDC-IDRI-0442\LIDC-IDRI-0442_n2_k82_mask.png,20.94268798828125,259,427,280,447,2,1,6,4,3,2,1,2,2
