scan_id,patient_id,nodule_index,k_global,img_path,mask_path,area_mm2,nodule_bbox_xmin,nodule_bbox_ymin,nodule_bbox_xmax,nodule_bbox_ymax,ann_subtlety,ann_internalStructure,ann_calcification,ann_sphericity,ann_margin,ann_lobulation,ann_spiculation,ann_texture,ann_malignancy
25,LIDC-IDRI-0014,0,72,./lidc_patches_all\LIDC-IDRI-0014\LIDC-IDRI-0014_n0_k72_img.png,./lidc_patches_all\LIDC-IDRI-0014\LIDC-IDRI-0014_n0_k72_mask.png,90.40055966802001,260,340,295,377,4,1,6,4,4,1,1,5,4
25,LIDC-IDRI-0014,0,73,./lidc_patches_all\LIDC-IDRI-0014\LIDC-IDRI-0014_n0_k73_img.png,./lidc_patches_all\LIDC-IDRI-0014\LIDC-IDRI-0014_n0_k73_mask.png,140.23111207039202,260,340,295,377,4,1,6,4,4,1,1,5,4
25,LIDC-IDRI-0014,0,74,./lidc_patches_all\LIDC-IDRI-0014\LIDC-IDRI-0014_n0_k74_img.png,./lidc_patches_all\LIDC-IDRI-0014\LIDC-IDRI-0014_n0_k74_mask.png,162.280029062592,260,340,295,377,4,1,6,4,4,1,1,5,4
25,LIDC-IDRI-0014,0,75,./lidc_patches_all\LIDC-IDRI-0014\LIDC-IDRI-0014_n0_k75_img.png,./lidc_patches_all\LIDC-IDRI-0014\LIDC-IDRI-0014_n0_k75_mask.png,115.97730337897201,260,340,295,377,4,1,6,4,4,1,1,5,4
25,LIDC-IDRI-0014,0,76,./lidc_patches_all\LIDC-IDRI-0014\LIDC-IDRI-0014_n0_k76_img.png,./lidc_patches_all\LIDC-IDRI-0014\LIDC-IDRI-0014_n0_k76_mask.png,56.445227500032004,260,340,295,377,4,1,6,4,4,1,1,5,4
