scan_id,patient_id,nodule_index,k_global,img_path,mask_path,area_mm2,nodule_bbox_xmin,nodule_bbox_ymin,nodule_bbox_xmax,nodule_bbox_ymax,ann_subtlety,ann_internalStructure,ann_calcification,ann_sphericity,ann_margin,ann_lobulation,ann_spiculation,ann_texture,ann_malignancy
33,LIDC-IDRI-0022,0,103,./lidc_patches_all\LIDC-IDRI-0022\LIDC-IDRI-0022_n0_k103_img.png,./lidc_patches_all\LIDC-IDRI-0022\LIDC-IDRI-0022_n0_k103_mask.png,549.261474609375,364,170,420,233,5,1,6,3,3,3,2,5,2
33,LIDC-IDRI-0022,0,104,./lidc_patches_all\LIDC-IDRI-0022\LIDC-IDRI-0022_n0_k104_img.png,./lidc_patches_all\LIDC-IDRI-0022\LIDC-IDRI-0022_n0_k104_mask.png,623.419189453125,364,170,420,233,5,1,6,3,3,3,2,5,2
33,LIDC-IDRI-0022,0,105,./lidc_patches_all\LIDC-IDRI-0022\LIDC-IDRI-0022_n0_k105_img.png,./lidc_patches_all\LIDC-IDRI-0022\LIDC-IDRI-0022_n0_k105_mask.png,635.284423828125,364,170,420,233,5,1,6,3,3,3,2,5,2
33,LIDC-IDRI-0022,0,106,./lidc_patches_all\LIDC-IDRI-0022\LIDC-IDRI-0022_n0_k106_img.png,./lidc_patches_all\LIDC-IDRI-0022\LIDC-IDRI-0022_n0_k106_mask.png,533.441162109375,364,170,420,233,5,1,6,3,3,3,2,5,2
33,LIDC-IDRI-0022,0,107,./lidc_patches_all\LIDC-IDRI-0022\LIDC-IDRI-0022_n0_k107_img.png,./lidc_patches_all\LIDC-IDRI-0022\LIDC-IDRI-0022_n0_k107_mask.png,502.789306640625,364,170,420,233,5,1,6,3,3,3,2,5,2
