scan_id,patient_id,nodule_index,k_global,img_path,mask_path,area_mm2,nodule_bbox_xmin,nodule_bbox_ymin,nodule_bbox_xmax,nodule_bbox_ymax,ann_subtlety,ann_internalStructure,ann_calcification,ann_sphericity,ann_margin,ann_lobulation,ann_spiculation,ann_texture,ann_malignancy
444,LIDC-IDRI-0440,0,236,./lidc_patches_all\LIDC-IDRI-0440\LIDC-IDRI-0440_n0_k236_img.png,./lidc_patches_all\LIDC-IDRI-0440\LIDC-IDRI-0440_n0_k236_mask.png,55.37109375,125,124,164,158,4,1,6,4,3,2,2,4,3
444,LIDC-IDRI-0440,0,237,./lidc_patches_all\LIDC-IDRI-0440\LIDC-IDRI-0440_n0_k237_img.png,./lidc_patches_all\LIDC-IDRI-0440\LIDC-IDRI-0440_n0_k237_mask.png,53.3935546875,125,124,164,158,4,1,6,4,3,2,2,4,3
444,LIDC-IDRI-0440,1,343,./lidc_patches_all\LIDC-IDRI-0440\LIDC-IDRI-0440_n1_k343_img.png,./lidc_patches_all\LIDC-IDRI-0440\LIDC-IDRI-0440_n1_k343_mask.png,93.438720703125,140,289,175,319,5,1,3,4,4,2,1,5,1
444,LIDC-IDRI-0440,1,344,./lidc_patches_all\LIDC-IDRI-0440\LIDC-IDRI-0440_n1_k344_img.png,./lidc_patches_all\LIDC-IDRI-0440\LIDC-IDRI-0440_n1_k344_mask.png,93.93310546875,140,289,175,319,5,1,3,4,4,2,1,5,1
444,LIDC-IDRI-0440,1,345,./lidc_patches_all\LIDC-IDRI-0440\LIDC-IDRI-0440_n1_k345_img.png,./lidc_patches_all\LIDC-IDRI-0440\LIDC-IDRI-0440_n1_k345_mask.png,102.83203125,140,289,175,319,5,1,3,4,4,2,1,5,1
444,LIDC-IDRI-0440,1,346,./lidc_patches_all\LIDC-IDRI-0440\LIDC-IDRI-0440_n1_k346_img.png,./lidc_patches_all\LIDC-IDRI-0440\LIDC-IDRI-0440_n1_k346_mask.png,66.741943359375,140,289,175,319,5,1,3,4,4,2,1,5,1
444,LIDC-IDRI-0440,2,430,./lidc_patches_all\LIDC-IDRI-0440\LIDC-IDRI-0440_n2_k430_img.png,./lidc_patches_all\LIDC-IDRI-0440\LIDC-IDRI-0440_n2_k430_mask.png,37.078857421875,224,272,246,296,3,1,6,2,5,1,1,5,2
