scan_id,patient_id,nodule_index,k_global,img_path,mask_path,area_mm2,nodule_bbox_xmin,nodule_bbox_ymin,nodule_bbox_xmax,nodule_bbox_ymax,ann_subtlety,ann_internalStructure,ann_calcification,ann_sphericity,ann_margin,ann_lobulation,ann_spiculation,ann_texture,ann_malignancy
379,LIDC-IDRI-0375,0,165,./lidc_patches_all\LIDC-IDRI-0375\LIDC-IDRI-0375_n0_k165_img.png,./lidc_patches_all\LIDC-IDRI-0375\LIDC-IDRI-0375_n0_k165_mask.png,26.69677734375,173,147,195,169,4,1,3,4,5,1,1,5,1
379,LIDC-IDRI-0375,1,182,./lidc_patches_all\LIDC-IDRI-0375\LIDC-IDRI-0375_n1_k182_img.png,./lidc_patches_all\LIDC-IDRI-0375\LIDC-IDRI-0375_n1_k182_mask.png,61.3037109375,165,160,196,190,4,1,6,4,3,2,3,4,3
379,LIDC-IDRI-0375,1,183,./lidc_patches_all\LIDC-IDRI-0375\LIDC-IDRI-0375_n1_k183_img.png,./lidc_patches_all\LIDC-IDRI-0375\LIDC-IDRI-0375_n1_k183_mask.png,60.809326171875,165,160,196,190,4,1,6,4,3,2,3,4,3
379,LIDC-IDRI-0375,1,184,./lidc_patches_all\LIDC-IDRI-0375\LIDC-IDRI-0375_n1_k184_img.png,./lidc_patches_all\LIDC-IDRI-0375\LIDC-IDRI-0375_n1_k184_mask.png,60.31494140625,165,160,196,190,4,1,6,4,3,2,3,4,3
