scan_id,patient_id,nodule_index,k_global,img_path,mask_path,area_mm2,nodule_bbox_xmin,nodule_bbox_ymin,nodule_bbox_xmax,nodule_bbox_ymax,ann_subtlety,ann_internalStructure,ann_calcification,ann_sphericity,ann_margin,ann_lobulation,ann_spiculation,ann_texture,ann_malignancy
478,LIDC-IDRI-0473,0,87,./lidc_patches_all\LIDC-IDRI-0473\LIDC-IDRI-0473_n0_k87_img.png,./lidc_patches_all\LIDC-IDRI-0473\LIDC-IDRI-0473_n0_k87_mask.png,21.533176875008003,212,32,232,51,3,1,5,4,5,1,1,5,2
478,LIDC-IDRI-0473,1,126,./lidc_patches_all\LIDC-IDRI-0473\LIDC-IDRI-0473_n1_k126_img.png,./lidc_patches_all\LIDC-IDRI-0473\LIDC-IDRI-0473_n1_k126_mask.png,13.458235546880001,157,104,175,122,3,1,6,4,5,1,1,5,2
478,LIDC-IDRI-0473,2,145,./lidc_patches_all\LIDC-IDRI-0473\LIDC-IDRI-0473_n2_k145_img.png,./lidc_patches_all\LIDC-IDRI-0473\LIDC-IDRI-0473_n2_k145_mask.png,12.785323769536001,294,433,312,452,2,1,6,4,4,2,2,4,2
478,LIDC-IDRI-0473,3,200,./lidc_patches_all\LIDC-IDRI-0473\LIDC-IDRI-0473_n3_k200_img.png,./lidc_patches_all\LIDC-IDRI-0473\LIDC-IDRI-0473_n3_k200_mask.png,19.514441542976,324,182,344,202,3,1,6,3,4,1,1,3,2
