scan_id,patient_id,nodule_index,k_global,img_path,mask_path,area_mm2,nodule_bbox_xmin,nodule_bbox_ymin,nodule_bbox_xmax,nodule_bbox_ymax,ann_subtlety,ann_internalStructure,ann_calcification,ann_sphericity,ann_margin,ann_lobulation,ann_spiculation,ann_texture,ann_malignancy
151,LIDC-IDRI-0148,0,62,./lidc_patches_all\LIDC-IDRI-0148\LIDC-IDRI-0148_n0_k62_img.png,./lidc_patches_all\LIDC-IDRI-0148\LIDC-IDRI-0148_n0_k62_mask.png,9.765625,342,393,359,409,2,1,6,4,4,1,1,5,2
151,LIDC-IDRI-0148,1,81,./lidc_patches_all\LIDC-IDRI-0148\LIDC-IDRI-0148_n1_k81_img.png,./lidc_patches_all\LIDC-IDRI-0148\LIDC-IDRI-0148_n1_k81_mask.png,81.1767578125,290,125,321,154,5,1,6,4,4,4,2,5,4
151,LIDC-IDRI-0148,1,82,./lidc_patches_all\LIDC-IDRI-0148\LIDC-IDRI-0148_n1_k82_img.png,./lidc_patches_all\LIDC-IDRI-0148\LIDC-IDRI-0148_n1_k82_mask.png,94.6044921875,290,125,321,154,5,1,6,4,4,4,2,5,4
151,LIDC-IDRI-0148,1,83,./lidc_patches_all\LIDC-IDRI-0148\LIDC-IDRI-0148_n1_k83_img.png,./lidc_patches_all\LIDC-IDRI-0148\LIDC-IDRI-0148_n1_k83_mask.png,94.6044921875,290,125,321,154,5,1,6,4,4,4,2,5,4
151,LIDC-IDRI-0148,1,84,./lidc_patches_all\LIDC-IDRI-0148\LIDC-IDRI-0148_n1_k84_img.png,./lidc_patches_all\LIDC-IDRI-0148\LIDC-IDRI-0148_n1_k84_mask.png,72.6318359375,290,125,321,154,5,1,6,4,4,4,2,5,4
151,LIDC-IDRI-0148,2,82,./lidc_patches_all\LIDC-IDRI-0148\LIDC-IDRI-0148_n2_k82_img.png,./lidc_patches_all\LIDC-IDRI-0148\LIDC-IDRI-0148_n2_k82_mask.png,135.498046875,325,149,357,186,5,1,6,3,4,3,4,5,4
151,LIDC-IDRI-0148,2,83,./lidc_patches_all\LIDC-IDRI-0148\LIDC-IDRI-0148_n2_k83_img.png,./lidc_patches_all\LIDC-IDRI-0148\LIDC-IDRI-0148_n2_k83_mask.png,144.04296875,325,149,357,186,5,1,6,3,4,3,4,5,4
151,LIDC-IDRI-0148,2,84,./lidc_patches_all\LIDC-IDRI-0148\LIDC-IDRI-0148_n2_k84_img.png,./lidc_patches_all\LIDC-IDRI-0148\LIDC-IDRI-0148_n2_k84_mask.png,115.3564453125,325,149,357,186,5,1,6,3,4,3,4,5,4
151,LIDC-IDRI-0148,2,85,./lidc_patches_all\LIDC-IDRI-0148\LIDC-IDRI-0148_n2_k85_img.png,./lidc_patches_all\LIDC-IDRI-0148\LIDC-IDRI-0148_n2_k85_mask.png,57.373046875,325,149,357,186,5,1,6,3,4,3,4,5,4
