scan_id,patient_id,nodule_index,k_global,img_path,mask_path,area_mm2,nodule_bbox_xmin,nodule_bbox_ymin,nodule_bbox_xmax,nodule_bbox_ymax,ann_subtlety,ann_internalStructure,ann_calcification,ann_sphericity,ann_margin,ann_lobulation,ann_spiculation,ann_texture,ann_malignancy
177,LIDC-IDRI-0176,0,84,./lidc_patches_all\LIDC-IDRI-0176\LIDC-IDRI-0176_n0_k84_img.png,./lidc_patches_all\LIDC-IDRI-0176\LIDC-IDRI-0176_n0_k84_mask.png,60.809326171875,343,119,372,152,5,1,6,4,4,2,4,4,4
177,LIDC-IDRI-0176,0,85,./lidc_patches_all\LIDC-IDRI-0176\LIDC-IDRI-0176_n0_k85_img.png,./lidc_patches_all\LIDC-IDRI-0176\LIDC-IDRI-0176_n0_k85_mask.png,59.820556640625,343,119,372,152,5,1,6,4,4,2,4,4,4
177,LIDC-IDRI-0176,0,86,./lidc_patches_all\LIDC-IDRI-0176\LIDC-IDRI-0176_n0_k86_img.png,./lidc_patches_all\LIDC-IDRI-0176\LIDC-IDRI-0176_n0_k86_mask.png,64.27001953125,343,119,372,152,5,1,6,4,4,2,4,4,4
177,LIDC-IDRI-0176,1,166,./lidc_patches_all\LIDC-IDRI-0176\LIDC-IDRI-0176_n1_k166_img.png,./lidc_patches_all\LIDC-IDRI-0176\LIDC-IDRI-0176_n1_k166_mask.png,12.85400390625,297,116,316,134,3,1,6,5,5,1,1,5,1
177,LIDC-IDRI-0176,2,171,./lidc_patches_all\LIDC-IDRI-0176\LIDC-IDRI-0176_n2_k171_img.png,./lidc_patches_all\LIDC-IDRI-0176\LIDC-IDRI-0176_n2_k171_mask.png,23.236083984375,230,161,251,182,4,1,6,4,4,2,2,5,2
