scan_id,patient_id,nodule_index,k_global,img_path,mask_path,area_mm2,nodule_bbox_xmin,nodule_bbox_ymin,nodule_bbox_xmax,nodule_bbox_ymax,ann_subtlety,ann_internalStructure,ann_calcification,ann_sphericity,ann_margin,ann_lobulation,ann_spiculation,ann_texture,ann_malignancy
85,LIDC-IDRI-0075,0,86,./lidc_patches_all\LIDC-IDRI-0075\LIDC-IDRI-0075_n0_k86_img.png,./lidc_patches_all\LIDC-IDRI-0075\LIDC-IDRI-0075_n0_k86_mask.png,12.747802734375,354,304,371,320,1,1,6,3,2,1,1,1,3
85,LIDC-IDRI-0075,1,159,./lidc_patches_all\LIDC-IDRI-0075\LIDC-IDRI-0075_n1_k159_img.png,./lidc_patches_all\LIDC-IDRI-0075\LIDC-IDRI-0075_n1_k159_mask.png,460.62060546875,295,151,351,211,5,1,6,3,4,3,5,5,5
85,LIDC-IDRI-0075,1,160,./lidc_patches_all\LIDC-IDRI-0075\LIDC-IDRI-0075_n1_k160_img.png,./lidc_patches_all\LIDC-IDRI-0075\LIDC-IDRI-0075_n1_k160_mask.png,533.7080078125,295,151,351,211,5,1,6,3,4,3,5,5,5
85,LIDC-IDRI-0075,1,161,./lidc_patches_all\LIDC-IDRI-0075\LIDC-IDRI-0075_n1_k161_img.png,./lidc_patches_all\LIDC-IDRI-0075\LIDC-IDRI-0075_n1_k161_mask.png,563.452880859375,295,151,351,211,5,1,6,3,4,3,5,5,5
85,LIDC-IDRI-0075,1,162,./lidc_patches_all\LIDC-IDRI-0075\LIDC-IDRI-0075_n1_k162_img.png,./lidc_patches_all\LIDC-IDRI-0075\LIDC-IDRI-0075_n1_k162_mask.png,536.257568359375,295,151,351,211,5,1,6,3,4,3,5,5,5
85,LIDC-IDRI-0075,1,163,./lidc_patches_all\LIDC-IDRI-0075\LIDC-IDRI-0075_n1_k163_img.png,./lidc_patches_all\LIDC-IDRI-0075\LIDC-IDRI-0075_n1_k163_mask.png,427.476318359375,295,151,351,211,5,1,6,3,4,3,5,5,5
85,LIDC-IDRI-0075,2,179,./lidc_patches_all\LIDC-IDRI-0075\LIDC-IDRI-0075_n2_k179_img.png,./lidc_patches_all\LIDC-IDRI-0075\LIDC-IDRI-0075_n2_k179_mask.png,39.943115234375,302,331,322,363,2,1,6,2,1,2,2,3,3
85,LIDC-IDRI-0075,3,219,./lidc_patches_all\LIDC-IDRI-0075\LIDC-IDRI-0075_n3_k219_img.png,./lidc_patches_all\LIDC-IDRI-0075\LIDC-IDRI-0075_n3_k219_mask.png,73.08740234375,241,180,268,208,3,1,6,3,4,2,2,2,3
85,LIDC-IDRI-0075,3,220,./lidc_patches_all\LIDC-IDRI-0075\LIDC-IDRI-0075_n3_k220_img.png,./lidc_patches_all\LIDC-IDRI-0075\LIDC-IDRI-0075_n3_k220_mask.png,92.634033203125,241,180,268,208,3,1,6,3,4,2,2,2,3
85,LIDC-IDRI-0075,3,221,./lidc_patches_all\LIDC-IDRI-0075\LIDC-IDRI-0075_n3_k221_img.png,./lidc_patches_all\LIDC-IDRI-0075\LIDC-IDRI-0075_n3_k221_mask.png,59.48974609375,241,180,268,208,3,1,6,3,4,2,2,2,3
