scan_id,patient_id,nodule_index,k_global,img_path,mask_path,area_mm2,nodule_bbox_xmin,nodule_bbox_ymin,nodule_bbox_xmax,nodule_bbox_ymax,ann_subtlety,ann_internalStructure,ann_calcification,ann_sphericity,ann_margin,ann_lobulation,ann_spiculation,ann_texture,ann_malignancy
370,LIDC-IDRI-0366,0,86,./lidc_patches_all\LIDC-IDRI-0366\LIDC-IDRI-0366_n0_k86_img.png,./lidc_patches_all\LIDC-IDRI-0366\LIDC-IDRI-0366_n0_k86_mask.png,184.57171200000002,320,125,373,190,5,1,6,3,3,3,3,4,4
370,LIDC-IDRI-0366,0,87,./lidc_patches_all\LIDC-IDRI-0366\LIDC-IDRI-0366_n0_k87_img.png,./lidc_patches_all\LIDC-IDRI-0366\LIDC-IDRI-0366_n0_k87_mask.png,192.853776,320,125,373,190,5,1,6,3,3,3,3,4,4
370,LIDC-IDRI-0366,0,88,./lidc_patches_all\LIDC-IDRI-0366\LIDC-IDRI-0366_n0_k88_img.png,./lidc_patches_all\LIDC-IDRI-0366\LIDC-IDRI-0366_n0_k88_mask.png,98.990384,320,125,373,190,5,1,6,3,3,3,3,4,4
370,LIDC-IDRI-0366,0,89,./lidc_patches_all\LIDC-IDRI-0366\LIDC-IDRI-0366_n0_k89_img.png,./lidc_patches_all\LIDC-IDRI-0366\LIDC-IDRI-0366_n0_k89_mask.png,50.086768,320,125,373,190,5,1,6,3,3,3,3,4,4
370,LIDC-IDRI-0366,1,95,./lidc_patches_all\LIDC-IDRI-0366\LIDC-IDRI-0366_n1_k95_img.png,./lidc_patches_all\LIDC-IDRI-0366\LIDC-IDRI-0366_n1_k95_mask.png,14.197824,364,123,383,141,4,1,6,4,3,2,2,3,3
