scan_id,patient_id,nodule_index,k_global,img_path,mask_path,area_mm2,nodule_bbox_xmin,nodule_bbox_ymin,nodule_bbox_xmax,nodule_bbox_ymax,ann_subtlety,ann_internalStructure,ann_calcification,ann_sphericity,ann_margin,ann_lobulation,ann_spiculation,ann_texture,ann_malignancy
116,LIDC-IDRI-0109,0,110,./lidc_patches_all\LIDC-IDRI-0109\LIDC-IDRI-0109_n0_k110_img.png,./lidc_patches_all\LIDC-IDRI-0109\LIDC-IDRI-0109_n0_k110_mask.png,73.8525390625,354,323,384,351,4,1,6,5,5,1,1,5,3
116,LIDC-IDRI-0109,0,111,./lidc_patches_all\LIDC-IDRI-0109\LIDC-IDRI-0109_n0_k111_img.png,./lidc_patches_all\LIDC-IDRI-0109\LIDC-IDRI-0109_n0_k111_mask.png,87.2802734375,354,323,384,351,4,1,6,5,5,1,1,5,3
116,LIDC-IDRI-0109,0,112,./lidc_patches_all\LIDC-IDRI-0109\LIDC-IDRI-0109_n0_k112_img.png,./lidc_patches_all\LIDC-IDRI-0109\LIDC-IDRI-0109_n0_k112_mask.png,111.083984375,354,323,384,351,4,1,6,5,5,1,1,5,3
116,LIDC-IDRI-0109,0,113,./lidc_patches_all\LIDC-IDRI-0109\LIDC-IDRI-0109_n0_k113_img.png,./lidc_patches_all\LIDC-IDRI-0109\LIDC-IDRI-0109_n0_k113_mask.png,105.5908203125,354,323,384,351,4,1,6,5,5,1,1,5,3
116,LIDC-IDRI-0109,0,114,./lidc_patches_all\LIDC-IDRI-0109\LIDC-IDRI-0109_n0_k114_img.png,./lidc_patches_all\LIDC-IDRI-0109\LIDC-IDRI-0109_n0_k114_mask.png,62.8662109375,354,323,384,351,4,1,6,5,5,1,1,5,3
