scan_id,patient_id,nodule_index,k_global,img_path,mask_path,area_mm2,nodule_bbox_xmin,nodule_bbox_ymin,nodule_bbox_xmax,nodule_bbox_ymax,ann_subtlety,ann_internalStructure,ann_calcification,ann_sphericity,ann_margin,ann_lobulation,ann_spiculation,ann_texture,ann_malignancy
482,LIDC-IDRI-0477,0,110,./lidc_patches_all\LIDC-IDRI-0477\LIDC-IDRI-0477_n0_k110_img.png,./lidc_patches_all\LIDC-IDRI-0477\LIDC-IDRI-0477_n0_k110_mask.png,8.308404199219998,391,317,407,335,4,1,4,4,4,2,1,5,1
482,LIDC-IDRI-0477,1,113,./lidc_patches_all\LIDC-IDRI-0477\LIDC-IDRI-0477_n1_k113_img.png,./lidc_patches_all\LIDC-IDRI-0477\LIDC-IDRI-0477_n1_k113_mask.png,24.509792387698997,386,144,408,168,4,1,4,3,5,1,1,5,2
482,LIDC-IDRI-0477,2,171,./lidc_patches_all\LIDC-IDRI-0477\LIDC-IDRI-0477_n2_k171_img.png,./lidc_patches_all\LIDC-IDRI-0477\LIDC-IDRI-0477_n2_k171_mask.png,25.756053017581994,238,105,264,129,4,1,6,3,4,3,2,5,4
482,LIDC-IDRI-0477,3,183,./lidc_patches_all\LIDC-IDRI-0477\LIDC-IDRI-0477_n3_k183_img.png,./lidc_patches_all\LIDC-IDRI-0477\LIDC-IDRI-0477_n3_k183_mask.png,10.385505249024998,272,90,290,109,4,1,6,3,5,1,1,5,2
482,LIDC-IDRI-0477,4,213,./lidc_patches_all\LIDC-IDRI-0477\LIDC-IDRI-0477_n4_k213_img.png,./lidc_patches_all\LIDC-IDRI-0477\LIDC-IDRI-0477_n4_k213_mask.png,24.509792387698997,276,159,300,182,3,1,6,2,3,2,3,5,4
