scan_id,patient_id,nodule_index,k_global,img_path,mask_path,area_mm2,nodule_bbox_xmin,nodule_bbox_ymin,nodule_bbox_xmax,nodule_bbox_ymax,ann_subtlety,ann_internalStructure,ann_calcification,ann_sphericity,ann_margin,ann_lobulation,ann_spiculation,ann_texture,ann_malignancy
145,LIDC-IDRI-0142,0,98,./lidc_patches_all\LIDC-IDRI-0142\LIDC-IDRI-0142_n0_k98_img.png,./lidc_patches_all\LIDC-IDRI-0142\LIDC-IDRI-0142_n0_k98_mask.png,25.251686096191406,342,151,362,171,4,1,4,4,5,1,1,5,1
145,LIDC-IDRI-0142,1,193,./lidc_patches_all\LIDC-IDRI-0142\LIDC-IDRI-0142_n1_k193_img.png,./lidc_patches_all\LIDC-IDRI-0142\LIDC-IDRI-0142_n1_k193_mask.png,22.245532989501953,321,119,344,140,3,1,6,3,4,3,2,5,2
145,LIDC-IDRI-0142,2,201,./lidc_patches_all\LIDC-IDRI-0142\LIDC-IDRI-0142_n2_k201_img.png,./lidc_patches_all\LIDC-IDRI-0142\LIDC-IDRI-0142_n2_k201_mask.png,53.509525299072266,205,83,230,112,4,1,6,5,4,2,2,5,3
145,LIDC-IDRI-0142,2,202,./lidc_patches_all\LIDC-IDRI-0142\LIDC-IDRI-0142_n2_k202_img.png,./lidc_patches_all\LIDC-IDRI-0142\LIDC-IDRI-0142_n2_k202_mask.png,60.72429275512695,205,83,230,112,4,1,6,5,4,2,2,5,3
145,LIDC-IDRI-0142,2,203,./lidc_patches_all\LIDC-IDRI-0142\LIDC-IDRI-0142_n2_k203_img.png,./lidc_patches_all\LIDC-IDRI-0142\LIDC-IDRI-0142_n2_k203_mask.png,61.325523376464844,205,83,230,112,4,1,6,5,4,2,2,5,3
145,LIDC-IDRI-0142,2,204,./lidc_patches_all\LIDC-IDRI-0142\LIDC-IDRI-0142_n2_k204_img.png,./lidc_patches_all\LIDC-IDRI-0142\LIDC-IDRI-0142_n2_k204_mask.png,52.307064056396484,205,83,230,112,4,1,6,5,4,2,2,5,3
145,LIDC-IDRI-0142,3,248,./lidc_patches_all\LIDC-IDRI-0142\LIDC-IDRI-0142_n3_k248_img.png,./lidc_patches_all\LIDC-IDRI-0142\LIDC-IDRI-0142_n3_k248_mask.png,16.834457397460938,191,350,211,369,3,1,6,4,4,2,2,4,2
