scan_id,patient_id,nodule_index,k_global,img_path,mask_path,area_mm2,nodule_bbox_xmin,nodule_bbox_ymin,nodule_bbox_xmax,nodule_bbox_ymax,ann_subtlety,ann_internalStructure,ann_calcification,ann_sphericity,ann_margin,ann_lobulation,ann_spiculation,ann_texture,ann_malignancy
502,LIDC-IDRI-0496,0,80,./lidc_patches_all\LIDC-IDRI-0496\LIDC-IDRI-0496_n0_k80_img.png,./lidc_patches_all\LIDC-IDRI-0496\LIDC-IDRI-0496_n0_k80_mask.png,23.345987109391995,310,441,337,463,4,1,6,3,4,1,2,5,3
502,LIDC-IDRI-0496,1,88,./lidc_patches_all\LIDC-IDRI-0496\LIDC-IDRI-0496_n1_k88_img.png,./lidc_patches_all\LIDC-IDRI-0496\LIDC-IDRI-0496_n1_k88_mask.png,14.762903613291996,145,80,166,101,4,1,6,3,4,1,1,5,2
502,LIDC-IDRI-0496,2,141,./lidc_patches_all\LIDC-IDRI-0496\LIDC-IDRI-0496_n2_k141_img.png,./lidc_patches_all\LIDC-IDRI-0496\LIDC-IDRI-0496_n2_k141_mask.png,7.896436816411998,194,61,213,81,3,1,6,4,3,1,1,4,3
502,LIDC-IDRI-0496,3,226,./lidc_patches_all\LIDC-IDRI-0496\LIDC-IDRI-0496_n3_k226_img.png,./lidc_patches_all\LIDC-IDRI-0496\LIDC-IDRI-0496_n3_k226_mask.png,11.672993554695998,319,119,339,140,1,1,6,4,1,1,2,1,2
