scan_id,patient_id,nodule_index,k_global,img_path,mask_path,area_mm2,nodule_bbox_xmin,nodule_bbox_ymin,nodule_bbox_xmax,nodule_bbox_ymax,ann_subtlety,ann_internalStructure,ann_calcification,ann_sphericity,ann_margin,ann_lobulation,ann_spiculation,ann_texture,ann_malignancy
192,LIDC-IDRI-0191,0,85,./lidc_patches_all\LIDC-IDRI-0191\LIDC-IDRI-0191_n0_k85_img.png,./lidc_patches_all\LIDC-IDRI-0191\LIDC-IDRI-0191_n0_k85_mask.png,214.712763398504,234,123,311,198,5,1,6,4,4,3,5,5,5
192,LIDC-IDRI-0191,0,86,./lidc_patches_all\LIDC-IDRI-0191\LIDC-IDRI-0191_n0_k86_img.png,./lidc_patches_all\LIDC-IDRI-0191\LIDC-IDRI-0191_n0_k86_mask.png,596.514030644716,234,123,311,198,5,1,6,4,4,3,5,5,5
192,LIDC-IDRI-0191,0,87,./lidc_patches_all\LIDC-IDRI-0191\LIDC-IDRI-0191_n0_k87_img.png,./lidc_patches_all\LIDC-IDRI-0191\LIDC-IDRI-0191_n0_k87_mask.png,565.8407787306439,234,123,311,198,5,1,6,4,4,3,5,5,5
192,LIDC-IDRI-0191,0,88,./lidc_patches_all\LIDC-IDRI-0191\LIDC-IDRI-0191_n0_k88_img.png,./lidc_patches_all\LIDC-IDRI-0191\LIDC-IDRI-0191_n0_k88_mask.png,565.0335878907999,234,123,311,198,5,1,6,4,4,3,5,5,5
