scan_id,patient_id,nodule_index,k_global,img_path,mask_path,area_mm2,nodule_bbox_xmin,nodule_bbox_ymin,nodule_bbox_xmax,nodule_bbox_ymax,ann_subtlety,ann_internalStructure,ann_calcification,ann_sphericity,ann_margin,ann_lobulation,ann_spiculation,ann_texture,ann_malignancy
13,LIDC-IDRI-0002,0,184,./lidc_patches_all\LIDC-IDRI-0002\LIDC-IDRI-0002_n0_k184_img.png,./lidc_patches_all\LIDC-IDRI-0002\LIDC-IDRI-0002_n0_k184_mask.png,389.82830596715905,329,319,384,379,2,1,6,4,2,1,1,2,4
13,LIDC-IDRI-0002,0,185,./lidc_patches_all\LIDC-IDRI-0002\LIDC-IDRI-0002_n0_k185_img.png,./lidc_patches_all\LIDC-IDRI-0002\LIDC-IDRI-0002_n0_k185_mask.png,382.39415472106305,329,319,384,379,2,1,6,4,2,1,1,2,4
13,LIDC-IDRI-0002,0,186,./lidc_patches_all\LIDC-IDRI-0002\LIDC-IDRI-0002_n0_k186_img.png,./lidc_patches_all\LIDC-IDRI-0002\LIDC-IDRI-0002_n0_k186_mask.png,414.4539319698521,329,319,384,379,2,1,6,4,2,1,1,2,4
13,LIDC-IDRI-0002,0,187,./lidc_patches_all\LIDC-IDRI-0002\LIDC-IDRI-0002_n0_k187_img.png,./lidc_patches_all\LIDC-IDRI-0002\LIDC-IDRI-0002_n0_k187_mask.png,383.32342362682505,329,319,384,379,2,1,6,4,2,1,1,2,4
13,LIDC-IDRI-0002,0,188,./lidc_patches_all\LIDC-IDRI-0002\LIDC-IDRI-0002_n0_k188_img.png,./lidc_patches_all\LIDC-IDRI-0002\LIDC-IDRI-0002_n0_k188_mask.png,350.79901192515507,329,319,384,379,2,1,6,4,2,1,1,2,4
