scan_id,patient_id,nodule_index,k_global,img_path,mask_path,area_mm2,nodule_bbox_xmin,nodule_bbox_ymin,nodule_bbox_xmax,nodule_bbox_ymax,ann_subtlety,ann_internalStructure,ann_calcification,ann_sphericity,ann_margin,ann_lobulation,ann_spiculation,ann_texture,ann_malignancy
57,LIDC-IDRI-0046,0,20,./lidc_patches_all\LIDC-IDRI-0046\LIDC-IDRI-0046_n0_k20_img.png,./lidc_patches_all\LIDC-IDRI-0046\LIDC-IDRI-0046_n0_k20_mask.png,17.626976875007998,266,51,284,71,3,1,6,5,5,1,1,5,3
57,LIDC-IDRI-0046,1,33,./lidc_patches_all\LIDC-IDRI-0046\LIDC-IDRI-0046_n1_k33_img.png,./lidc_patches_all\LIDC-IDRI-0046\LIDC-IDRI-0046_n1_k33_mask.png,27.542151367199995,336,72,357,96,3,1,6,4,4,1,1,5,3
57,LIDC-IDRI-0046,2,37,./lidc_patches_all\LIDC-IDRI-0046\LIDC-IDRI-0046_n2_k37_img.png,./lidc_patches_all\LIDC-IDRI-0046\LIDC-IDRI-0046_n2_k37_mask.png,15.423604765631998,226,139,246,156,3,1,6,4,5,1,1,3,3
57,LIDC-IDRI-0046,3,38,./lidc_patches_all\LIDC-IDRI-0046\LIDC-IDRI-0046_n3_k38_img.png,./lidc_patches_all\LIDC-IDRI-0046\LIDC-IDRI-0046_n3_k38_mask.png,14.321918710943997,329,74,349,93,2,1,6,4,3,1,1,3,3
57,LIDC-IDRI-0046,4,40,./lidc_patches_all\LIDC-IDRI-0046\LIDC-IDRI-0046_n4_k40_img.png,./lidc_patches_all\LIDC-IDRI-0046\LIDC-IDRI-0046_n4_k40_mask.png,25.889622285167995,319,420,341,441,4,1,6,4,4,2,1,5,2
57,LIDC-IDRI-0046,5,42,./lidc_patches_all\LIDC-IDRI-0046\LIDC-IDRI-0046_n5_k42_img.png,./lidc_patches_all\LIDC-IDRI-0046\LIDC-IDRI-0046_n5_k42_mask.png,27.542151367199995,210,68,231,91,3,1,6,4,4,2,2,5,3
57,LIDC-IDRI-0046,6,48,./lidc_patches_all\LIDC-IDRI-0046\LIDC-IDRI-0046_n6_k48_img.png,./lidc_patches_all\LIDC-IDRI-0046\LIDC-IDRI-0046_n6_k48_mask.png,26.991308339855998,356,366,378,387,3,1,6,4,4,2,1,5,3
