scan_id,patient_id,nodule_index,k_global,img_path,mask_path,area_mm2,nodule_bbox_xmin,nodule_bbox_ymin,nodule_bbox_xmax,nodule_bbox_ymax,ann_subtlety,ann_internalStructure,ann_calcification,ann_sphericity,ann_margin,ann_lobulation,ann_spiculation,ann_texture,ann_malignancy
383,LIDC-IDRI-0379,0,47,./lidc_patches_all\LIDC-IDRI-0379\LIDC-IDRI-0379_n0_k47_img.png,./lidc_patches_all\LIDC-IDRI-0379\LIDC-IDRI-0379_n0_k47_mask.png,46.78569,306,417,330,445,4,1,6,3,3,1,2,4,3
383,LIDC-IDRI-0379,1,63,./lidc_patches_all\LIDC-IDRI-0379\LIDC-IDRI-0379_n1_k63_img.png,./lidc_patches_all\LIDC-IDRI-0379\LIDC-IDRI-0379_n1_k63_mask.png,10.39682,349,91,368,108,5,1,6,3,3,1,1,5,2
383,LIDC-IDRI-0379,2,64,./lidc_patches_all\LIDC-IDRI-0379\LIDC-IDRI-0379_n2_k64_img.png,./lidc_patches_all\LIDC-IDRI-0379\LIDC-IDRI-0379_n2_k64_mask.png,14.035707,321,392,342,413,4,1,3,4,5,1,1,5,1
383,LIDC-IDRI-0379,3,68,./lidc_patches_all\LIDC-IDRI-0379\LIDC-IDRI-0379_n3_k68_img.png,./lidc_patches_all\LIDC-IDRI-0379\LIDC-IDRI-0379_n3_k68_mask.png,31.710301,393,319,414,343,4,1,6,2,4,1,1,5,3
383,LIDC-IDRI-0379,4,93,./lidc_patches_all\LIDC-IDRI-0379\LIDC-IDRI-0379_n4_k93_img.png,./lidc_patches_all\LIDC-IDRI-0379\LIDC-IDRI-0379_n4_k93_mask.png,12.996025,279,96,296,114,4,1,6,4,4,1,1,4,3
