scan_id,patient_id,nodule_index,k_global,img_path,mask_path,area_mm2,nodule_bbox_xmin,nodule_bbox_ymin,nodule_bbox_xmax,nodule_bbox_ymax,ann_subtlety,ann_internalStructure,ann_calcification,ann_sphericity,ann_margin,ann_lobulation,ann_spiculation,ann_texture,ann_malignancy
236,LIDC-IDRI-0235,0,48,./lidc_patches_all\LIDC-IDRI-0235\LIDC-IDRI-0235_n0_k48_img.png,./lidc_patches_all\LIDC-IDRI-0235\LIDC-IDRI-0235_n0_k48_mask.png,25.213623046875,243,65,265,84,4,1,6,4,4,2,2,5,2
236,LIDC-IDRI-0235,1,75,./lidc_patches_all\LIDC-IDRI-0235\LIDC-IDRI-0235_n1_k75_img.png,./lidc_patches_all\LIDC-IDRI-0235\LIDC-IDRI-0235_n1_k75_mask.png,59.326171875,142,214,171,243,4,1,5,4,4,2,2,5,2
236,LIDC-IDRI-0235,1,76,./lidc_patches_all\LIDC-IDRI-0235\LIDC-IDRI-0235_n1_k76_img.png,./lidc_patches_all\LIDC-IDRI-0235\LIDC-IDRI-0235_n1_k76_mask.png,58.33740234375,142,214,171,243,4,1,5,4,4,2,2,5,2
236,LIDC-IDRI-0235,2,95,./lidc_patches_all\LIDC-IDRI-0235\LIDC-IDRI-0235_n2_k95_img.png,./lidc_patches_all\LIDC-IDRI-0235\LIDC-IDRI-0235_n2_k95_mask.png,27.191162109375,349,154,369,175,3,1,6,3,5,2,1,5,2
