scan_id,patient_id,nodule_index,k_global,img_path,mask_path,area_mm2,nodule_bbox_xmin,nodule_bbox_ymin,nodule_bbox_xmax,nodule_bbox_ymax,ann_subtlety,ann_internalStructure,ann_calcification,ann_sphericity,ann_margin,ann_lobulation,ann_spiculation,ann_texture,ann_malignancy
88,LIDC-IDRI-0080,0,82,./lidc_patches_all\LIDC-IDRI-0080\LIDC-IDRI-0080_n0_k82_img.png,./lidc_patches_all\LIDC-IDRI-0080\LIDC-IDRI-0080_n0_k82_mask.png,311.8896484375,274,183,323,235,5,1,6,4,5,2,1,5,4
88,LIDC-IDRI-0080,0,83,./lidc_patches_all\LIDC-IDRI-0080\LIDC-IDRI-0080_n0_k83_img.png,./lidc_patches_all\LIDC-IDRI-0080\LIDC-IDRI-0080_n0_k83_mask.png,304.5654296875,274,183,323,235,5,1,6,4,5,2,1,5,4
88,LIDC-IDRI-0080,0,84,./lidc_patches_all\LIDC-IDRI-0080\LIDC-IDRI-0080_n0_k84_img.png,./lidc_patches_all\LIDC-IDRI-0080\LIDC-IDRI-0080_n0_k84_mask.png,319.82421875,274,183,323,235,5,1,6,4,5,2,1,5,4
88,LIDC-IDRI-0080,0,85,./lidc_patches_all\LIDC-IDRI-0080\LIDC-IDRI-0080_n0_k85_img.png,./lidc_patches_all\LIDC-IDRI-0080\LIDC-IDRI-0080_n0_k85_mask.png,249.0234375,274,183,323,235,5,1,6,4,5,2,1,5,4
88,LIDC-IDRI-0080,0,86,./lidc_patches_all\LIDC-IDRI-0080\LIDC-IDRI-0080_n0_k86_img.png,./lidc_patches_all\LIDC-IDRI-0080\LIDC-IDRI-0080_n0_k86_mask.png,191.650390625,274,183,323,235,5,1,6,4,5,2,1,5,4
88,LIDC-IDRI-0080,1,96,./lidc_patches_all\LIDC-IDRI-0080\LIDC-IDRI-0080_n1_k96_img.png,./lidc_patches_all\LIDC-IDRI-0080\LIDC-IDRI-0080_n1_k96_mask.png,373.53515625,256,180,327,246,5,1,6,4,4,3,4,5,5
88,LIDC-IDRI-0080,1,97,./lidc_patches_all\LIDC-IDRI-0080\LIDC-IDRI-0080_n1_k97_img.png,./lidc_patches_all\LIDC-IDRI-0080\LIDC-IDRI-0080_n1_k97_mask.png,403.4423828125,256,180,327,246,5,1,6,4,4,3,4,5,5
88,LIDC-IDRI-0080,1,98,./lidc_patches_all\LIDC-IDRI-0080\LIDC-IDRI-0080_n1_k98_img.png,./lidc_patches_all\LIDC-IDRI-0080\LIDC-IDRI-0080_n1_k98_mask.png,472.412109375,256,180,327,246,5,1,6,4,4,3,4,5,5
88,LIDC-IDRI-0080,1,99,./lidc_patches_all\LIDC-IDRI-0080\LIDC-IDRI-0080_n1_k99_img.png,./lidc_patches_all\LIDC-IDRI-0080\LIDC-IDRI-0080_n1_k99_mask.png,440.0634765625,256,180,327,246,5,1,6,4,4,3,4,5,5
88,LIDC-IDRI-0080,1,100,./lidc_patches_all\LIDC-IDRI-0080\LIDC-IDRI-0080_n1_k100_img.png,./lidc_patches_all\LIDC-IDRI-0080\LIDC-IDRI-0080_n1_k100_mask.png,402.83203125,256,180,327,246,5,1,6,4,4,3,4,5,5
