scan_id,patient_id,nodule_index,k_global,img_path,mask_path,area_mm2,nodule_bbox_xmin,nodule_bbox_ymin,nodule_bbox_xmax,nodule_bbox_ymax,ann_subtlety,ann_internalStructure,ann_calcification,ann_sphericity,ann_margin,ann_lobulation,ann_spiculation,ann_texture,ann_malignancy
87,LIDC-IDRI-0077,0,71,./lidc_patches_all\LIDC-IDRI-0077\LIDC-IDRI-0077_n0_k71_img.png,./lidc_patches_all\LIDC-IDRI-0077\LIDC-IDRI-0077_n0_k71_mask.png,283.108094179848,266,200,313,242,5,1,6,4,5,2,2,5,4
87,LIDC-IDRI-0077,0,72,./lidc_patches_all\LIDC-IDRI-0077\LIDC-IDRI-0077_n0_k72_img.png,./lidc_patches_all\LIDC-IDRI-0077\LIDC-IDRI-0077_n0_k72_mask.png,295.896466035324,266,200,313,242,5,1,6,4,5,2,2,5,4
87,LIDC-IDRI-0077,0,73,./lidc_patches_all\LIDC-IDRI-0077\LIDC-IDRI-0077_n0_k73_img.png,./lidc_patches_all\LIDC-IDRI-0077\LIDC-IDRI-0077_n0_k73_mask.png,303.83407615251605,266,200,313,242,5,1,6,4,5,2,2,5,4
87,LIDC-IDRI-0077,0,74,./lidc_patches_all\LIDC-IDRI-0077\LIDC-IDRI-0077_n0_k74_img.png,./lidc_patches_all\LIDC-IDRI-0077\LIDC-IDRI-0077_n0_k74_mask.png,246.06591363295203,266,200,313,242,5,1,6,4,5,2,2,5,4
87,LIDC-IDRI-0077,0,75,./lidc_patches_all\LIDC-IDRI-0077\LIDC-IDRI-0077_n0_k75_img.png,./lidc_patches_all\LIDC-IDRI-0077\LIDC-IDRI-0077_n0_k75_mask.png,164.48492076181202,266,200,313,242,5,1,6,4,5,2,2,5,4
87,LIDC-IDRI-0077,1,107,./lidc_patches_all\LIDC-IDRI-0077\LIDC-IDRI-0077_n1_k107_img.png,./lidc_patches_all\LIDC-IDRI-0077\LIDC-IDRI-0077_n1_k107_mask.png,18.521090273448003,268,372,290,394,2,1,6,4,1,2,2,3,3
