scan_id,patient_id,nodule_index,k_global,img_path,mask_path,area_mm2,nodule_bbox_xmin,nodule_bbox_ymin,nodule_bbox_xmax,nodule_bbox_ymax,ann_subtlety,ann_internalStructure,ann_calcification,ann_sphericity,ann_margin,ann_lobulation,ann_spiculation,ann_texture,ann_malignancy
491,LIDC-IDRI-0485,0,95,./lidc_patches_all\LIDC-IDRI-0485\LIDC-IDRI-0485_n0_k95_img.png,./lidc_patches_all\LIDC-IDRI-0485\LIDC-IDRI-0485_n0_k95_mask.png,44.067442187519994,234,385,262,411,2,1,6,4,2,2,1,2,2
491,LIDC-IDRI-0485,1,109,./lidc_patches_all\LIDC-IDRI-0485\LIDC-IDRI-0485_n1_k109_img.png,./lidc_patches_all\LIDC-IDRI-0485\LIDC-IDRI-0485_n1_k109_mask.png,56.736831816431994,210,148,236,171,5,1,4,4,5,1,1,5,1
491,LIDC-IDRI-0485,2,127,./lidc_patches_all\LIDC-IDRI-0485\LIDC-IDRI-0485_n2_k127_img.png,./lidc_patches_all\LIDC-IDRI-0485\LIDC-IDRI-0485_n2_k127_mask.png,104.66017519535998,201,352,239,383,2,1,6,4,1,1,1,1,2
491,LIDC-IDRI-0485,2,128,./lidc_patches_all\LIDC-IDRI-0485\LIDC-IDRI-0485_n2_k128_img.png,./lidc_patches_all\LIDC-IDRI-0485\LIDC-IDRI-0485_n2_k128_mask.png,147.07508830084797,201,352,239,383,2,1,6,4,1,1,1,1,2
491,LIDC-IDRI-0485,2,129,./lidc_patches_all\LIDC-IDRI-0485\LIDC-IDRI-0485_n2_k129_img.png,./lidc_patches_all\LIDC-IDRI-0485\LIDC-IDRI-0485_n2_k129_mask.png,129.44811142583998,201,352,239,383,2,1,6,4,1,1,1,1,2
491,LIDC-IDRI-0485,2,130,./lidc_patches_all\LIDC-IDRI-0485\LIDC-IDRI-0485_n2_k130_img.png,./lidc_patches_all\LIDC-IDRI-0485\LIDC-IDRI-0485_n2_k130_mask.png,111.27029152348798,201,352,239,383,2,1,6,4,1,1,1,1,2
491,LIDC-IDRI-0485,3,168,./lidc_patches_all\LIDC-IDRI-0485\LIDC-IDRI-0485_n3_k168_img.png,./lidc_patches_all\LIDC-IDRI-0485\LIDC-IDRI-0485_n3_k168_mask.png,21.482878066415996,318,370,338,392,3,1,6,5,4,1,1,5,3
491,LIDC-IDRI-0485,4,193,./lidc_patches_all\LIDC-IDRI-0485\LIDC-IDRI-0485_n4_k193_img.png,./lidc_patches_all\LIDC-IDRI-0485\LIDC-IDRI-0485_n4_k193_mask.png,26.440465312511996,333,194,353,219,3,1,6,4,4,2,1,5,3
