scan_id,patient_id,nodule_index,k_global,img_path,mask_path,area_mm2,nodule_bbox_xmin,nodule_bbox_ymin,nodule_bbox_xmax,nodule_bbox_ymax,ann_subtlety,ann_internalStructure,ann_calcification,ann_sphericity,ann_margin,ann_lobulation,ann_spiculation,ann_texture,ann_malignancy
486,LIDC-IDRI-0481,0,81,./lidc_patches_all\LIDC-IDRI-0481\LIDC-IDRI-0481_n0_k81_img.png,./lidc_patches_all\LIDC-IDRI-0481\LIDC-IDRI-0481_n0_k81_mask.png,27.127838134765625,252,401,279,431,4,1,6,4,4,1,1,5,2
486,LIDC-IDRI-0481,1,96,./lidc_patches_all\LIDC-IDRI-0481\LIDC-IDRI-0481_n1_k96_img.png,./lidc_patches_all\LIDC-IDRI-0481\LIDC-IDRI-0481_n1_k96_mask.png,14.297103881835938,440,159,460,181,3,1,6,4,4,2,1,5,2
486,LIDC-IDRI-0481,2,109,./lidc_patches_all\LIDC-IDRI-0481\LIDC-IDRI-0481_n2_k109_img.png,./lidc_patches_all\LIDC-IDRI-0481\LIDC-IDRI-0481_n2_k109_mask.png,23.828506469726562,260,436,281,462,4,1,5,3,4,2,1,5,2
486,LIDC-IDRI-0481,3,112,./lidc_patches_all\LIDC-IDRI-0481\LIDC-IDRI-0481_n3_k112_img.png,./lidc_patches_all\LIDC-IDRI-0481\LIDC-IDRI-0481_n3_k112_mask.png,56.08863830566406,410,117,448,150,4,1,6,3,3,2,2,4,4
486,LIDC-IDRI-0481,3,113,./lidc_patches_all\LIDC-IDRI-0481\LIDC-IDRI-0481_n3_k113_img.png,./lidc_patches_all\LIDC-IDRI-0481\LIDC-IDRI-0481_n3_k113_mask.png,67.81959533691406,410,117,448,150,4,1,6,3,3,2,2,4,4
486,LIDC-IDRI-0481,3,114,./lidc_patches_all\LIDC-IDRI-0481\LIDC-IDRI-0481_n3_k114_img.png,./lidc_patches_all\LIDC-IDRI-0481\LIDC-IDRI-0481_n3_k114_mask.png,65.62004089355469,410,117,448,150,4,1,6,3,3,2,2,4,4
486,LIDC-IDRI-0481,4,116,./lidc_patches_all\LIDC-IDRI-0481\LIDC-IDRI-0481_n4_k116_img.png,./lidc_patches_all\LIDC-IDRI-0481\LIDC-IDRI-0481_n4_k116_mask.png,37.75901794433594,267,439,291,464,4,1,6,3,4,1,2,5,3
486,LIDC-IDRI-0481,5,117,./lidc_patches_all\LIDC-IDRI-0481\LIDC-IDRI-0481_n5_k117_img.png,./lidc_patches_all\LIDC-IDRI-0481\LIDC-IDRI-0481_n5_k117_mask.png,38.1256103515625,304,56,333,85,4,1,6,4,4,2,1,5,3
486,LIDC-IDRI-0481,6,126,./lidc_patches_all\LIDC-IDRI-0481\LIDC-IDRI-0481_n6_k126_img.png,./lidc_patches_all\LIDC-IDRI-0481\LIDC-IDRI-0481_n6_k126_mask.png,35.926055908203125,411,368,437,397,4,1,6,3,4,1,1,5,3
