scan_id,patient_id,nodule_index,k_global,img_path,mask_path,area_mm2,nodule_bbox_xmin,nodule_bbox_ymin,nodule_bbox_xmax,nodule_bbox_ymax,ann_subtlety,ann_internalStructure,ann_calcification,ann_sphericity,ann_margin,ann_lobulation,ann_spiculation,ann_texture,ann_malignancy
411,LIDC-IDRI-0407,0,94,./lidc_patches_all\LIDC-IDRI-0407\LIDC-IDRI-0407_n0_k94_img.png,./lidc_patches_all\LIDC-IDRI-0407\LIDC-IDRI-0407_n0_k94_mask.png,18.08013916015625,195,202,216,222,3,1,6,4,5,4,4,5,3
411,LIDC-IDRI-0407,1,94,./lidc_patches_all\LIDC-IDRI-0407\LIDC-IDRI-0407_n1_k94_img.png,./lidc_patches_all\LIDC-IDRI-0407\LIDC-IDRI-0407_n1_k94_mask.png,85.10894775390625,169,213,203,246,5,1,6,4,5,4,4,5,4
411,LIDC-IDRI-0407,1,95,./lidc_patches_all\LIDC-IDRI-0407\LIDC-IDRI-0407_n1_k95_img.png,./lidc_patches_all\LIDC-IDRI-0407\LIDC-IDRI-0407_n1_k95_mask.png,105.8349609375,169,213,203,246,5,1,6,4,5,4,4,5,4
411,LIDC-IDRI-0407,1,96,./lidc_patches_all\LIDC-IDRI-0407\LIDC-IDRI-0407_n1_k96_img.png,./lidc_patches_all\LIDC-IDRI-0407\LIDC-IDRI-0407_n1_k96_mask.png,110.68572998046875,169,213,203,246,5,1,6,4,5,4,4,5,4
411,LIDC-IDRI-0407,1,97,./lidc_patches_all\LIDC-IDRI-0407\LIDC-IDRI-0407_n1_k97_img.png,./lidc_patches_all\LIDC-IDRI-0407\LIDC-IDRI-0407_n1_k97_mask.png,94.81048583984375,169,213,203,246,5,1,6,4,5,4,4,5,4
411,LIDC-IDRI-0407,1,98,./lidc_patches_all\LIDC-IDRI-0407\LIDC-IDRI-0407_n1_k98_img.png,./lidc_patches_all\LIDC-IDRI-0407\LIDC-IDRI-0407_n1_k98_mask.png,62.17803955078125,169,213,203,246,5,1,6,4,5,4,4,5,4
411,LIDC-IDRI-0407,2,99,./lidc_patches_all\LIDC-IDRI-0407\LIDC-IDRI-0407_n2_k99_img.png,./lidc_patches_all\LIDC-IDRI-0407\LIDC-IDRI-0407_n2_k99_mask.png,16.31622314453125,350,103,372,124,5,1,4,5,5,4,4,5,2
411,LIDC-IDRI-0407,3,101,./lidc_patches_all\LIDC-IDRI-0407\LIDC-IDRI-0407_n3_k101_img.png,./lidc_patches_all\LIDC-IDRI-0407\LIDC-IDRI-0407_n3_k101_mask.png,14.9932861328125,197,392,218,410,2,1,6,4,3,5,5,5,1
