scan_id,patient_id,nodule_index,k_global,img_path,mask_path,area_mm2,nodule_bbox_xmin,nodule_bbox_ymin,nodule_bbox_xmax,nodule_bbox_ymax,ann_subtlety,ann_internalStructure,ann_calcification,ann_sphericity,ann_margin,ann_lobulation,ann_spiculation,ann_texture,ann_malignancy
363,LIDC-IDRI-0360,0,110,./lidc_patches_all\LIDC-IDRI-0360\LIDC-IDRI-0360_n0_k110_img.png,./lidc_patches_all\LIDC-IDRI-0360\LIDC-IDRI-0360_n0_k110_mask.png,12.39776611328125,237,188,255,205,3,1,6,5,4,1,1,3,2
363,LIDC-IDRI-0360,1,156,./lidc_patches_all\LIDC-IDRI-0360\LIDC-IDRI-0360_n1_k156_img.png,./lidc_patches_all\LIDC-IDRI-0360\LIDC-IDRI-0360_n1_k156_mask.png,20.9808349609375,187,156,204,175,4,1,6,4,4,1,1,4,2
363,LIDC-IDRI-0360,2,157,./lidc_patches_all\LIDC-IDRI-0360\LIDC-IDRI-0360_n2_k157_img.png,./lidc_patches_all\LIDC-IDRI-0360\LIDC-IDRI-0360_n2_k157_mask.png,52.45208740234375,250,327,278,351,4,1,6,5,4,1,2,5,3
363,LIDC-IDRI-0360,2,158,./lidc_patches_all\LIDC-IDRI-0360\LIDC-IDRI-0360_n2_k158_img.png,./lidc_patches_all\LIDC-IDRI-0360\LIDC-IDRI-0360_n2_k158_mask.png,68.66455078125,250,327,278,351,4,1,6,5,4,1,2,5,3
363,LIDC-IDRI-0360,2,159,./lidc_patches_all\LIDC-IDRI-0360\LIDC-IDRI-0360_n2_k159_img.png,./lidc_patches_all\LIDC-IDRI-0360\LIDC-IDRI-0360_n2_k159_mask.png,75.34027099609375,250,327,278,351,4,1,6,5,4,1,2,5,3
363,LIDC-IDRI-0360,2,160,./lidc_patches_all\LIDC-IDRI-0360\LIDC-IDRI-0360_n2_k160_img.png,./lidc_patches_all\LIDC-IDRI-0360\LIDC-IDRI-0360_n2_k160_mask.png,72.479248046875,250,327,278,351,4,1,6,5,4,1,2,5,3
363,LIDC-IDRI-0360,2,161,./lidc_patches_all\LIDC-IDRI-0360\LIDC-IDRI-0360_n2_k161_img.png,./lidc_patches_all\LIDC-IDRI-0360\LIDC-IDRI-0360_n2_k161_mask.png,65.80352783203125,250,327,278,351,4,1,6,5,4,1,2,5,3
363,LIDC-IDRI-0360,3,219,./lidc_patches_all\LIDC-IDRI-0360\LIDC-IDRI-0360_n3_k219_img.png,./lidc_patches_all\LIDC-IDRI-0360\LIDC-IDRI-0360_n3_k219_mask.png,52.45208740234375,270,202,296,227,4,1,6,4,4,1,2,4,3
363,LIDC-IDRI-0360,3,220,./lidc_patches_all\LIDC-IDRI-0360\LIDC-IDRI-0360_n3_k220_img.png,./lidc_patches_all\LIDC-IDRI-0360\LIDC-IDRI-0360_n3_k220_mask.png,57.220458984375,270,202,296,227,4,1,6,4,4,1,2,4,3
363,LIDC-IDRI-0360,3,221,./lidc_patches_all\LIDC-IDRI-0360\LIDC-IDRI-0360_n3_k221_img.png,./lidc_patches_all\LIDC-IDRI-0360\LIDC-IDRI-0360_n3_k221_mask.png,61.98883056640625,270,202,296,227,4,1,6,4,4,1,2,4,3
363,LIDC-IDRI-0360,3,222,./lidc_patches_all\LIDC-IDRI-0360\LIDC-IDRI-0360_n3_k222_img.png,./lidc_patches_all\LIDC-IDRI-0360\LIDC-IDRI-0360_n3_k222_mask.png,54.35943603515625,270,202,296,227,4,1,6,4,4,1,2,4,3
363,LIDC-IDRI-0360,3,223,./lidc_patches_all\LIDC-IDRI-0360\LIDC-IDRI-0360_n3_k223_img.png,./lidc_patches_all\LIDC-IDRI-0360\LIDC-IDRI-0360_n3_k223_mask.png,58.17413330078125,270,202,296,227,4,1,6,4,4,1,2,4,3
