scan_id,patient_id,nodule_index,k_global,img_path,mask_path,area_mm2,nodule_bbox_xmin,nodule_bbox_ymin,nodule_bbox_xmax,nodule_bbox_ymax,ann_subtlety,ann_internalStructure,ann_calcification,ann_sphericity,ann_margin,ann_lobulation,ann_spiculation,ann_texture,ann_malignancy
2,LIDC-IDRI-0069,0,39,./lidc_patches_all\LIDC-IDRI-0069\LIDC-IDRI-0069_n0_k39_img.png,./lidc_patches_all\LIDC-IDRI-0069\LIDC-IDRI-0069_n0_k39_mask.png,64.24247700000001,354,153,390,182,2,1,6,4,4,4,4,5,3
2,LIDC-IDRI-0069,1,52,./lidc_patches_all\LIDC-IDRI-0069\LIDC-IDRI-0069_n1_k52_img.png,./lidc_patches_all\LIDC-IDRI-0069\LIDC-IDRI-0069_n1_k52_mask.png,8.236215000000001,332,218,348,235,2,1,6,4,4,5,5,5,2
2,LIDC-IDRI-0069,2,81,./lidc_patches_all\LIDC-IDRI-0069\LIDC-IDRI-0069_n2_k81_img.png,./lidc_patches_all\LIDC-IDRI-0069\LIDC-IDRI-0069_n2_k81_mask.png,159.23349000000002,354,91,393,144,5,1,6,4,4,4,4,5,4
2,LIDC-IDRI-0069,2,82,./lidc_patches_all\LIDC-IDRI-0069\LIDC-IDRI-0069_n2_k82_img.png,./lidc_patches_all\LIDC-IDRI-0069\LIDC-IDRI-0069_n2_k82_mask.png,166.920624,354,91,393,144,5,1,6,4,4,4,4,5,4
2,LIDC-IDRI-0069,2,83,./lidc_patches_all\LIDC-IDRI-0069\LIDC-IDRI-0069_n2_k83_img.png,./lidc_patches_all\LIDC-IDRI-0069\LIDC-IDRI-0069_n2_k83_mask.png,185.040297,354,91,393,144,5,1,6,4,4,4,4,5,4
2,LIDC-IDRI-0069,2,84,./lidc_patches_all\LIDC-IDRI-0069\LIDC-IDRI-0069_n2_k84_img.png,./lidc_patches_all\LIDC-IDRI-0069\LIDC-IDRI-0069_n2_k84_mask.png,151.546356,354,91,393,144,5,1,6,4,4,4,4,5,4
2,LIDC-IDRI-0069,2,85,./lidc_patches_all\LIDC-IDRI-0069\LIDC-IDRI-0069_n2_k85_img.png,./lidc_patches_all\LIDC-IDRI-0069\LIDC-IDRI-0069_n2_k85_mask.png,80.16582600000001,354,91,393,144,5,1,6,4,4,4,4,5,4
