scan_id,patient_id,nodule_index,k_global,img_path,mask_path,area_mm2,nodule_bbox_xmin,nodule_bbox_ymin,nodule_bbox_xmax,nodule_bbox_ymax,ann_subtlety,ann_internalStructure,ann_calcification,ann_sphericity,ann_margin,ann_lobulation,ann_spiculation,ann_texture,ann_malignancy
242,LIDC-IDRI-0242,0,109,./lidc_patches_all\LIDC-IDRI-0242\LIDC-IDRI-0242_n0_k109_img.png,./lidc_patches_all\LIDC-IDRI-0242\LIDC-IDRI-0242_n0_k109_mask.png,233.7646484375,297,366,346,412,5,1,6,4,4,3,5,5,5
242,LIDC-IDRI-0242,0,110,./lidc_patches_all\LIDC-IDRI-0242\LIDC-IDRI-0242_n0_k110_img.png,./lidc_patches_all\LIDC-IDRI-0242\LIDC-IDRI-0242_n0_k110_mask.png,388.18359375,297,366,346,412,5,1,6,4,4,3,5,5,5
242,LIDC-IDRI-0242,0,111,./lidc_patches_all\LIDC-IDRI-0242\LIDC-IDRI-0242_n0_k111_img.png,./lidc_patches_all\LIDC-IDRI-0242\LIDC-IDRI-0242_n0_k111_mask.png,393.6767578125,297,366,346,412,5,1,6,4,4,3,5,5,5
242,LIDC-IDRI-0242,0,112,./lidc_patches_all\LIDC-IDRI-0242\LIDC-IDRI-0242_n0_k112_img.png,./lidc_patches_all\LIDC-IDRI-0242\LIDC-IDRI-0242_n0_k112_mask.png,360.7177734375,297,366,346,412,5,1,6,4,4,3,5,5,5
242,LIDC-IDRI-0242,0,113,./lidc_patches_all\LIDC-IDRI-0242\LIDC-IDRI-0242_n0_k113_img.png,./lidc_patches_all\LIDC-IDRI-0242\LIDC-IDRI-0242_n0_k113_mask.png,325.927734375,297,366,346,412,5,1,6,4,4,3,5,5,5
