scan_id,patient_id,nodule_index,k_global,img_path,mask_path,area_mm2,nodule_bbox_xmin,nodule_bbox_ymin,nodule_bbox_xmax,nodule_bbox_ymax,ann_subtlety,ann_internalStructure,ann_calcification,ann_sphericity,ann_margin,ann_lobulation,ann_spiculation,ann_texture,ann_malignancy
14,LIDC-IDRI-0003,0,64,./lidc_patches_all\LIDC-IDRI-0003\LIDC-IDRI-0003_n0_k64_img.png,./lidc_patches_all\LIDC-IDRI-0003\LIDC-IDRI-0003_n0_k64_mask.png,98.24511949222402,326,345,372,389,1,1,6,5,2,1,1,1,2
14,LIDC-IDRI-0003,0,65,./lidc_patches_all\LIDC-IDRI-0003\LIDC-IDRI-0003_n0_k65_img.png,./lidc_patches_all\LIDC-IDRI-0003\LIDC-IDRI-0003_n0_k65_mask.png,325.01638845715206,326,345,372,389,1,1,6,5,2,1,1,1,2
14,LIDC-IDRI-0003,0,66,./lidc_patches_all\LIDC-IDRI-0003\LIDC-IDRI-0003_n0_k66_img.png,./lidc_patches_all\LIDC-IDRI-0003\LIDC-IDRI-0003_n0_k66_mask.png,423.26150794937604,326,345,372,389,1,1,6,5,2,1,1,1,2
14,LIDC-IDRI-0003,0,67,./lidc_patches_all\LIDC-IDRI-0003\LIDC-IDRI-0003_n0_k67_img.png,./lidc_patches_all\LIDC-IDRI-0003\LIDC-IDRI-0003_n0_k67_mask.png,378.17641886732804,326,345,372,389,1,1,6,5,2,1,1,1,2
14,LIDC-IDRI-0003,0,68,./lidc_patches_all\LIDC-IDRI-0003\LIDC-IDRI-0003_n0_k68_img.png,./lidc_patches_all\LIDC-IDRI-0003\LIDC-IDRI-0003_n0_k68_mask.png,249.65026939462405,326,345,372,389,1,1,6,5,2,1,1,1,2
14,LIDC-IDRI-0003,1,74,./lidc_patches_all\LIDC-IDRI-0003\LIDC-IDRI-0003_n1_k74_img.png,./lidc_patches_all\LIDC-IDRI-0003\LIDC-IDRI-0003_n1_k74_mask.png,317.61435890636807,328,339,378,394,5,1,6,4,3,2,3,4,4
14,LIDC-IDRI-0003,1,75,./lidc_patches_all\LIDC-IDRI-0003\LIDC-IDRI-0003_n1_k75_img.png,./lidc_patches_all\LIDC-IDRI-0003\LIDC-IDRI-0003_n1_k75_mask.png,357.98906554700807,328,339,378,394,5,1,6,4,3,2,3,4,4
14,LIDC-IDRI-0003,1,76,./lidc_patches_all\LIDC-IDRI-0003\LIDC-IDRI-0003_n1_k76_img.png,./lidc_patches_all\LIDC-IDRI-0003\LIDC-IDRI-0003_n1_k76_mask.png,411.8220077345281,328,339,378,394,5,1,6,4,3,2,3,4,4
14,LIDC-IDRI-0003,1,77,./lidc_patches_all\LIDC-IDRI-0003\LIDC-IDRI-0003_n1_k77_img.png,./lidc_patches_all\LIDC-IDRI-0003\LIDC-IDRI-0003_n1_k77_mask.png,402.4012428517121,328,339,378,394,5,1,6,4,3,2,3,4,4
14,LIDC-IDRI-0003,1,78,./lidc_patches_all\LIDC-IDRI-0003\LIDC-IDRI-0003_n1_k78_img.png,./lidc_patches_all\LIDC-IDRI-0003\LIDC-IDRI-0003_n1_k78_mask.png,322.99765312512005,328,339,378,394,5,1,6,4,3,2,3,4,4
14,LIDC-IDRI-0003,2,82,./lidc_patches_all\LIDC-IDRI-0003\LIDC-IDRI-0003_n2_k82_img.png,./lidc_patches_all\LIDC-IDRI-0003\LIDC-IDRI-0003_n2_k82_mask.png,55.17876574220801,187,294,210,323,4,1,6,4,4,2,2,5,3
14,LIDC-IDRI-0003,2,83,./lidc_patches_all\LIDC-IDRI-0003\LIDC-IDRI-0003_n2_k83_img.png,./lidc_patches_all\LIDC-IDRI-0003\LIDC-IDRI-0003_n2_k83_mask.png,72.00156017580801,187,294,210,323,4,1,6,4,4,2,2,5,3
14,LIDC-IDRI-0003,3,82,./lidc_patches_all\LIDC-IDRI-0003\LIDC-IDRI-0003_n3_k82_img.png,./lidc_patches_all\LIDC-IDRI-0003\LIDC-IDRI-0003_n3_k82_mask.png,80.74941328128001,204,207,234,236,4,1,6,4,5,1,1,5,4
14,LIDC-IDRI-0003,3,83,./lidc_patches_all\LIDC-IDRI-0003\LIDC-IDRI-0003_n3_k83_img.png,./lidc_patches_all\LIDC-IDRI-0003\LIDC-IDRI-0003_n3_k83_mask.png,121.12411992192001,204,207,234,236,4,1,6,4,5,1,1,5,4
14,LIDC-IDRI-0003,3,84,./lidc_patches_all\LIDC-IDRI-0003\LIDC-IDRI-0003_n3_k84_img.png,./lidc_patches_all\LIDC-IDRI-0003\LIDC-IDRI-0003_n3_k84_mask.png,131.21779658208,204,207,234,236,4,1,6,4,5,1,1,5,4
14,LIDC-IDRI-0003,3,85,./lidc_patches_all\LIDC-IDRI-0003\LIDC-IDRI-0003_n3_k85_img.png,./lidc_patches_all\LIDC-IDRI-0003\LIDC-IDRI-0003_n3_k85_mask.png,98.24511949222402,204,207,234,236,4,1,6,4,5,1,1,5,4
