scan_id,patient_id,nodule_index,k_global,img_path,mask_path,area_mm2,nodule_bbox_xmin,nodule_bbox_ymin,nodule_bbox_xmax,nodule_bbox_ymax,ann_subtlety,ann_internalStructure,ann_calcification,ann_sphericity,ann_margin,ann_lobulation,ann_spiculation,ann_texture,ann_malignancy
12,LIDC-IDRI-0001,0,87,./lidc_patches_all\LIDC-IDRI-0001\LIDC-IDRI-0001_n0_k87_img.png,./lidc_patches_all\LIDC-IDRI-0001\LIDC-IDRI-0001_n0_k87_mask.png,328.765869140625,335,292,397,346,5,1,6,4,3,3,4,5,5
12,LIDC-IDRI-0001,0,88,./lidc_patches_all\LIDC-IDRI-0001\LIDC-IDRI-0001_n0_k88_img.png,./lidc_patches_all\LIDC-IDRI-0001\LIDC-IDRI-0001_n0_k88_mask.png,390.56396484375,335,292,397,346,5,1,6,4,3,3,4,5,5
12,LIDC-IDRI-0001,0,89,./lidc_patches_all\LIDC-IDRI-0001\LIDC-IDRI-0001_n0_k89_img.png,./lidc_patches_all\LIDC-IDRI-0001\LIDC-IDRI-0001_n0_k89_mask.png,456.8115234375,335,292,397,346,5,1,6,4,3,3,4,5,5
12,LIDC-IDRI-0001,0,90,./lidc_patches_all\LIDC-IDRI-0001\LIDC-IDRI-0001_n0_k90_img.png,./lidc_patches_all\LIDC-IDRI-0001\LIDC-IDRI-0001_n0_k90_mask.png,439.508056640625,335,292,397,346,5,1,6,4,3,3,4,5,5
12,LIDC-IDRI-0001,0,91,./lidc_patches_all\LIDC-IDRI-0001\LIDC-IDRI-0001_n0_k91_img.png,./lidc_patches_all\LIDC-IDRI-0001\LIDC-IDRI-0001_n0_k91_mask.png,388.092041015625,335,292,397,346,5,1,6,4,3,3,4,5,5
