scan_id,patient_id,nodule_index,k_global,img_path,mask_path,area_mm2,nodule_bbox_xmin,nodule_bbox_ymin,nodule_bbox_xmax,nodule_bbox_ymax,ann_subtlety,ann_internalStructure,ann_calcification,ann_sphericity,ann_margin,ann_lobulation,ann_spiculation,ann_texture,ann_malignancy
439,LIDC-IDRI-0435,0,26,./lidc_patches_all\LIDC-IDRI-0435\LIDC-IDRI-0435_n0_k26_img.png,./lidc_patches_all\LIDC-IDRI-0435\LIDC-IDRI-0435_n0_k26_mask.png,25.1181640625,190,115,215,137,4,1,6,3,4,1,1,5,2
439,LIDC-IDRI-0435,1,30,./lidc_patches_all\LIDC-IDRI-0435\LIDC-IDRI-0435_n1_k30_img.png,./lidc_patches_all\LIDC-IDRI-0435\LIDC-IDRI-0435_n1_k30_mask.png,14.111328125,178,148,198,170,4,1,6,4,4,1,1,5,2
439,LIDC-IDRI-0435,2,39,./lidc_patches_all\LIDC-IDRI-0435\LIDC-IDRI-0435_n2_k39_img.png,./lidc_patches_all\LIDC-IDRI-0435\LIDC-IDRI-0435_n2_k39_mask.png,23.9892578125,339,67,362,92,3,1,6,4,3,2,1,2,2
439,LIDC-IDRI-0435,3,40,./lidc_patches_all\LIDC-IDRI-0435\LIDC-IDRI-0435_n3_k40_img.png,./lidc_patches_all\LIDC-IDRI-0435\LIDC-IDRI-0435_n3_k40_mask.png,16.0869140625,378,81,398,104,2,1,6,1,3,1,1,5,1
439,LIDC-IDRI-0435,4,47,./lidc_patches_all\LIDC-IDRI-0435\LIDC-IDRI-0435_n4_k47_img.png,./lidc_patches_all\LIDC-IDRI-0435\LIDC-IDRI-0435_n4_k47_mask.png,28.787109375,278,118,300,150,4,1,6,4,2,2,2,4,2
439,LIDC-IDRI-0435,5,54,./lidc_patches_all\LIDC-IDRI-0435\LIDC-IDRI-0435_n5_k54_img.png,./lidc_patches_all\LIDC-IDRI-0435\LIDC-IDRI-0435_n5_k54_mask.png,22.013671875,408,191,436,215,4,1,6,3,4,2,2,4,2
439,LIDC-IDRI-0435,6,57,./lidc_patches_all\LIDC-IDRI-0435\LIDC-IDRI-0435_n6_k57_img.png,./lidc_patches_all\LIDC-IDRI-0435\LIDC-IDRI-0435_n6_k57_mask.png,20.6025390625,99,122,122,143,4,1,6,5,3,1,1,3,2
