scan_id,patient_id,nodule_index,k_global,img_path,mask_path,area_mm2,nodule_bbox_xmin,nodule_bbox_ymin,nodule_bbox_xmax,nodule_bbox_ymax,ann_subtlety,ann_internalStructure,ann_calcification,ann_sphericity,ann_margin,ann_lobulation,ann_spiculation,ann_texture,ann_malignancy
210,LIDC-IDRI-0209,0,43,./lidc_patches_all\LIDC-IDRI-0209\LIDC-IDRI-0209_n0_k43_img.png,./lidc_patches_all\LIDC-IDRI-0209\LIDC-IDRI-0209_n0_k43_mask.png,92.86182527347201,357,161,393,196,5,1,6,4,5,3,2,5,4
210,LIDC-IDRI-0209,0,44,./lidc_patches_all\LIDC-IDRI-0209\LIDC-IDRI-0209_n0_k44_img.png,./lidc_patches_all\LIDC-IDRI-0209\LIDC-IDRI-0209_n0_k44_mask.png,191.77985654304004,357,161,393,196,5,1,6,4,5,3,2,5,4
210,LIDC-IDRI-0209,0,45,./lidc_patches_all\LIDC-IDRI-0209\LIDC-IDRI-0209_n0_k45_img.png,./lidc_patches_all\LIDC-IDRI-0209\LIDC-IDRI-0209_n0_k45_mask.png,234.17329851571202,357,161,393,196,5,1,6,4,5,3,2,5,4
210,LIDC-IDRI-0209,0,46,./lidc_patches_all\LIDC-IDRI-0209\LIDC-IDRI-0209_n0_k46_img.png,./lidc_patches_all\LIDC-IDRI-0209\LIDC-IDRI-0209_n0_k46_mask.png,226.09835718758404,357,161,393,196,5,1,6,4,5,3,2,5,4
210,LIDC-IDRI-0209,0,47,./lidc_patches_all\LIDC-IDRI-0209\LIDC-IDRI-0209_n0_k47_img.png,./lidc_patches_all\LIDC-IDRI-0209\LIDC-IDRI-0209_n0_k47_mask.png,196.49023898444804,357,161,393,196,5,1,6,4,5,3,2,5,4
