scan_id,patient_id,nodule_index,k_global,img_path,mask_path,area_mm2,nodule_bbox_xmin,nodule_bbox_ymin,nodule_bbox_xmax,nodule_bbox_ymax,ann_subtlety,ann_internalStructure,ann_calcification,ann_sphericity,ann_margin,ann_lobulation,ann_spiculation,ann_texture,ann_malignancy
71,LIDC-IDRI-0060,0,39,./lidc_patches_all\LIDC-IDRI-0060\LIDC-IDRI-0060_n0_k39_img.png,./lidc_patches_all\LIDC-IDRI-0060\LIDC-IDRI-0060_n0_k39_mask.png,80.09033203125,288,367,326,399,4,1,6,4,3,3,4,4,4
71,LIDC-IDRI-0060,0,40,./lidc_patches_all\LIDC-IDRI-0060\LIDC-IDRI-0060_n0_k40_img.png,./lidc_patches_all\LIDC-IDRI-0060\LIDC-IDRI-0060_n0_k40_mask.png,86.02294921875,288,367,326,399,4,1,6,4,3,3,4,4,4
71,LIDC-IDRI-0060,0,41,./lidc_patches_all\LIDC-IDRI-0060\LIDC-IDRI-0060_n0_k41_img.png,./lidc_patches_all\LIDC-IDRI-0060\LIDC-IDRI-0060_n0_k41_mask.png,84.04541015625,288,367,326,399,4,1,6,4,3,3,4,4,4
71,LIDC-IDRI-0060,0,42,./lidc_patches_all\LIDC-IDRI-0060\LIDC-IDRI-0060_n0_k42_img.png,./lidc_patches_all\LIDC-IDRI-0060\LIDC-IDRI-0060_n0_k42_mask.png,54.38232421875,288,367,326,399,4,1,6,4,3,3,4,4,4
71,LIDC-IDRI-0060,1,61,./lidc_patches_all\LIDC-IDRI-0060\LIDC-IDRI-0060_n1_k61_img.png,./lidc_patches_all\LIDC-IDRI-0060\LIDC-IDRI-0060_n1_k61_mask.png,61.798095703125,216,377,250,419,4,1,6,3,4,2,3,5,5
71,LIDC-IDRI-0060,1,62,./lidc_patches_all\LIDC-IDRI-0060\LIDC-IDRI-0060_n1_k62_img.png,./lidc_patches_all\LIDC-IDRI-0060\LIDC-IDRI-0060_n1_k62_mask.png,127.55126953125,216,377,250,419,4,1,6,3,4,2,3,5,5
71,LIDC-IDRI-0060,1,63,./lidc_patches_all\LIDC-IDRI-0060\LIDC-IDRI-0060_n1_k63_img.png,./lidc_patches_all\LIDC-IDRI-0060\LIDC-IDRI-0060_n1_k63_mask.png,183.9111328125,216,377,250,419,4,1,6,3,4,2,3,5,5
71,LIDC-IDRI-0060,1,64,./lidc_patches_all\LIDC-IDRI-0060\LIDC-IDRI-0060_n1_k64_img.png,./lidc_patches_all\LIDC-IDRI-0060\LIDC-IDRI-0060_n1_k64_mask.png,164.630126953125,216,377,250,419,4,1,6,3,4,2,3,5,5
71,LIDC-IDRI-0060,2,78,./lidc_patches_all\LIDC-IDRI-0060\LIDC-IDRI-0060_n2_k78_img.png,./lidc_patches_all\LIDC-IDRI-0060\LIDC-IDRI-0060_n2_k78_mask.png,56.35986328125,239,374,263,403,4,1,6,3,2,5,4,4,5
71,LIDC-IDRI-0060,3,84,./lidc_patches_all\LIDC-IDRI-0060\LIDC-IDRI-0060_n3_k84_img.png,./lidc_patches_all\LIDC-IDRI-0060\LIDC-IDRI-0060_n3_k84_mask.png,63.28125,205,328,245,367,4,1,6,3,2,3,3,5,5
71,LIDC-IDRI-0060,3,85,./lidc_patches_all\LIDC-IDRI-0060\LIDC-IDRI-0060_n3_k85_img.png,./lidc_patches_all\LIDC-IDRI-0060\LIDC-IDRI-0060_n3_k85_mask.png,76.13525390625,205,328,245,367,4,1,6,3,2,3,3,5,5
71,LIDC-IDRI-0060,3,86,./lidc_patches_all\LIDC-IDRI-0060\LIDC-IDRI-0060_n3_k86_img.png,./lidc_patches_all\LIDC-IDRI-0060\LIDC-IDRI-0060_n3_k86_mask.png,83.056640625,205,328,245,367,4,1,6,3,2,3,3,5,5
71,LIDC-IDRI-0060,4,92,./lidc_patches_all\LIDC-IDRI-0060\LIDC-IDRI-0060_n4_k92_img.png,./lidc_patches_all\LIDC-IDRI-0060\LIDC-IDRI-0060_n4_k92_mask.png,28.179931640625,323,171,348,197,5,1,6,3,1,4,4,2,4
71,LIDC-IDRI-0060,5,91,./lidc_patches_all\LIDC-IDRI-0060\LIDC-IDRI-0060_n5_k91_img.png,./lidc_patches_all\LIDC-IDRI-0060\LIDC-IDRI-0060_n5_k91_mask.png,119.64111328125,221,149,274,193,4,2,6,3,2,2,2,4,4
71,LIDC-IDRI-0060,5,92,./lidc_patches_all\LIDC-IDRI-0060\LIDC-IDRI-0060_n5_k92_img.png,./lidc_patches_all\LIDC-IDRI-0060\LIDC-IDRI-0060_n5_k92_mask.png,188.360595703125,221,149,274,193,4,2,6,3,2,2,2,4,4
71,LIDC-IDRI-0060,5,93,./lidc_patches_all\LIDC-IDRI-0060\LIDC-IDRI-0060_n5_k93_img.png,./lidc_patches_all\LIDC-IDRI-0060\LIDC-IDRI-0060_n5_k93_mask.png,228.900146484375,221,149,274,193,4,2,6,3,2,2,2,4,4
71,LIDC-IDRI-0060,5,94,./lidc_patches_all\LIDC-IDRI-0060\LIDC-IDRI-0060_n5_k94_img.png,./lidc_patches_all\LIDC-IDRI-0060\LIDC-IDRI-0060_n5_k94_mask.png,228.40576171875,221,149,274,193,4,2,6,3,2,2,2,4,4
71,LIDC-IDRI-0060,5,95,./lidc_patches_all\LIDC-IDRI-0060\LIDC-IDRI-0060_n5_k95_img.png,./lidc_patches_all\LIDC-IDRI-0060\LIDC-IDRI-0060_n5_k95_mask.png,200.225830078125,221,149,274,193,4,2,6,3,2,2,2,4,4
