scan_id,patient_id,nodule_index,k_global,img_path,mask_path,area_mm2,nodule_bbox_xmin,nodule_bbox_ymin,nodule_bbox_xmax,nodule_bbox_ymax,ann_subtlety,ann_internalStructure,ann_calcification,ann_sphericity,ann_margin,ann_lobulation,ann_spiculation,ann_texture,ann_malignancy
31,LIDC-IDRI-0020,0,155,./lidc_patches_all\LIDC-IDRI-0020\LIDC-IDRI-0020_n0_k155_img.png,./lidc_patches_all\LIDC-IDRI-0020\LIDC-IDRI-0020_n0_k155_mask.png,284.603271484375,255,294,302,342,5,1,6,3,2,3,4,5,5
31,LIDC-IDRI-0020,0,156,./lidc_patches_all\LIDC-IDRI-0020\LIDC-IDRI-0020_n0_k156_img.png,./lidc_patches_all\LIDC-IDRI-0020\LIDC-IDRI-0020_n0_k156_mask.png,318.20703125,255,294,302,342,5,1,6,3,2,3,4,5,5
31,LIDC-IDRI-0020,0,157,./lidc_patches_all\LIDC-IDRI-0020\LIDC-IDRI-0020_n0_k157_img.png,./lidc_patches_all\LIDC-IDRI-0020\LIDC-IDRI-0020_n0_k157_mask.png,410.10302734375,255,294,302,342,5,1,6,3,2,3,4,5,5
31,LIDC-IDRI-0020,0,158,./lidc_patches_all\LIDC-IDRI-0020\LIDC-IDRI-0020_n0_k158_img.png,./lidc_patches_all\LIDC-IDRI-0020\LIDC-IDRI-0020_n0_k158_mask.png,341.52392578125,255,294,302,342,5,1,6,3,2,3,4,5,5
31,LIDC-IDRI-0020,0,159,./lidc_patches_all\LIDC-IDRI-0020\LIDC-IDRI-0020_n0_k159_img.png,./lidc_patches_all\LIDC-IDRI-0020\LIDC-IDRI-0020_n0_k159_mask.png,351.810791015625,255,294,302,342,5,1,6,3,2,3,4,5,5
31,LIDC-IDRI-0020,1,190,./lidc_patches_all\LIDC-IDRI-0020\LIDC-IDRI-0020_n1_k190_img.png,./lidc_patches_all\LIDC-IDRI-0020\LIDC-IDRI-0020_n1_k190_mask.png,19.2021484375,209,300,229,319,4,1,6,4,4,1,1,5,3
