scan_id,patient_id,nodule_index,k_global,img_path,mask_path,area_mm2,nodule_bbox_xmin,nodule_bbox_ymin,nodule_bbox_xmax,nodule_bbox_ymax,ann_subtlety,ann_internalStructure,ann_calcification,ann_sphericity,ann_margin,ann_lobulation,ann_spiculation,ann_texture,ann_malignancy
42,LIDC-IDRI-0031,0,54,./lidc_patches_all\LIDC-IDRI-0031\LIDC-IDRI-0031_n0_k54_img.png,./lidc_patches_all\LIDC-IDRI-0031\LIDC-IDRI-0031_n0_k54_mask.png,16.24755859375,383,164,401,182,2,1,6,5,4,1,1,5,2
42,LIDC-IDRI-0031,1,56,./lidc_patches_all\LIDC-IDRI-0031\LIDC-IDRI-0031_n1_k56_img.png,./lidc_patches_all\LIDC-IDRI-0031\LIDC-IDRI-0031_n1_k56_mask.png,19.940185546875,326,357,343,377,1,1,6,3,3,1,1,5,2
42,LIDC-IDRI-0031,2,88,./lidc_patches_all\LIDC-IDRI-0031\LIDC-IDRI-0031_n2_k88_img.png,./lidc_patches_all\LIDC-IDRI-0031\LIDC-IDRI-0031_n2_k88_mask.png,50.2197265625,341,141,368,168,4,1,6,4,4,2,1,5,4
42,LIDC-IDRI-0031,2,89,./lidc_patches_all\LIDC-IDRI-0031\LIDC-IDRI-0031_n2_k89_img.png,./lidc_patches_all\LIDC-IDRI-0031\LIDC-IDRI-0031_n2_k89_mask.png,76.068115234375,341,141,368,168,4,1,6,4,4,2,1,5,4
42,LIDC-IDRI-0031,2,90,./lidc_patches_all\LIDC-IDRI-0031\LIDC-IDRI-0031_n2_k90_img.png,./lidc_patches_all\LIDC-IDRI-0031\LIDC-IDRI-0031_n2_k90_mask.png,59.08203125,341,141,368,168,4,1,6,4,4,2,1,5,4
42,LIDC-IDRI-0031,3,113,./lidc_patches_all\LIDC-IDRI-0031\LIDC-IDRI-0031_n3_k113_img.png,./lidc_patches_all\LIDC-IDRI-0031\LIDC-IDRI-0031_n3_k113_mask.png,29.541015625,345,176,367,197,3,1,6,4,4,1,1,5,2
42,LIDC-IDRI-0031,4,111,./lidc_patches_all\LIDC-IDRI-0031\LIDC-IDRI-0031_n4_k111_img.png,./lidc_patches_all\LIDC-IDRI-0031\LIDC-IDRI-0031_n4_k111_mask.png,60.55908203125,299,332,332,367,4,1,6,4,4,2,2,4,4
42,LIDC-IDRI-0031,4,112,./lidc_patches_all\LIDC-IDRI-0031\LIDC-IDRI-0031_n4_k112_img.png,./lidc_patches_all\LIDC-IDRI-0031\LIDC-IDRI-0031_n4_k112_mask.png,118.1640625,299,332,332,367,4,1,6,4,4,2,2,4,4
42,LIDC-IDRI-0031,4,113,./lidc_patches_all\LIDC-IDRI-0031\LIDC-IDRI-0031_n4_k113_img.png,./lidc_patches_all\LIDC-IDRI-0031\LIDC-IDRI-0031_n4_k113_mask.png,172.81494140625,299,332,332,367,4,1,6,4,4,2,2,4,4
42,LIDC-IDRI-0031,4,114,./lidc_patches_all\LIDC-IDRI-0031\LIDC-IDRI-0031_n4_k114_img.png,./lidc_patches_all\LIDC-IDRI-0031\LIDC-IDRI-0031_n4_k114_mask.png,161.737060546875,299,332,332,367,4,1,6,4,4,2,2,4,4
42,LIDC-IDRI-0031,4,115,./lidc_patches_all\LIDC-IDRI-0031\LIDC-IDRI-0031_n4_k115_img.png,./lidc_patches_all\LIDC-IDRI-0031\LIDC-IDRI-0031_n4_k115_mask.png,116.68701171875,299,332,332,367,4,1,6,4,4,2,2,4,4
