scan_id,patient_id,nodule_index,k_global,img_path,mask_path,area_mm2,nodule_bbox_xmin,nodule_bbox_ymin,nodule_bbox_xmax,nodule_bbox_ymax,ann_subtlety,ann_internalStructure,ann_calcification,ann_sphericity,ann_margin,ann_lobulation,ann_spiculation,ann_texture,ann_malignancy
103,LIDC-IDRI-0095,0,192,./lidc_patches_all\LIDC-IDRI-0095\LIDC-IDRI-0095_n0_k192_img.png,./lidc_patches_all\LIDC-IDRI-0095\LIDC-IDRI-0095_n0_k192_mask.png,236.93119430541992,164,387,227,443,4,1,6,4,4,2,2,5,4
103,LIDC-IDRI-0095,0,193,./lidc_patches_all\LIDC-IDRI-0095\LIDC-IDRI-0095_n0_k193_img.png,./lidc_patches_all\LIDC-IDRI-0095\LIDC-IDRI-0095_n0_k193_mask.png,229.38103485107422,164,387,227,443,4,1,6,4,4,2,2,5,4
103,LIDC-IDRI-0095,0,194,./lidc_patches_all\LIDC-IDRI-0095\LIDC-IDRI-0095_n0_k194_img.png,./lidc_patches_all\LIDC-IDRI-0095\LIDC-IDRI-0095_n0_k194_mask.png,247.71713638305664,164,387,227,443,4,1,6,4,4,2,2,5,4
103,LIDC-IDRI-0095,0,195,./lidc_patches_all\LIDC-IDRI-0095\LIDC-IDRI-0095_n0_k195_img.png,./lidc_patches_all\LIDC-IDRI-0095\LIDC-IDRI-0095_n0_k195_mask.png,231.89775466918945,164,387,227,443,4,1,6,4,4,2,2,5,4
103,LIDC-IDRI-0095,0,196,./lidc_patches_all\LIDC-IDRI-0095\LIDC-IDRI-0095_n0_k196_img.png,./lidc_patches_all\LIDC-IDRI-0095\LIDC-IDRI-0095_n0_k196_mask.png,239.08838272094727,164,387,227,443,4,1,6,4,4,2,2,5,4
103,LIDC-IDRI-0095,1,202,./lidc_patches_all\LIDC-IDRI-0095\LIDC-IDRI-0095_n1_k202_img.png,./lidc_patches_all\LIDC-IDRI-0095\LIDC-IDRI-0095_n1_k202_mask.png,10.785942077636719,162,392,181,412,2,1,6,2,4,1,1,5,3
103,LIDC-IDRI-0095,2,206,./lidc_patches_all\LIDC-IDRI-0095\LIDC-IDRI-0095_n2_k206_img.png,./lidc_patches_all\LIDC-IDRI-0095\LIDC-IDRI-0095_n2_k206_mask.png,82.69222259521484,216,341,260,387,4,1,6,3,4,1,2,5,4
103,LIDC-IDRI-0095,2,207,./lidc_patches_all\LIDC-IDRI-0095\LIDC-IDRI-0095_n2_k207_img.png,./lidc_patches_all\LIDC-IDRI-0095\LIDC-IDRI-0095_n2_k207_mask.png,90.24238204956055,216,341,260,387,4,1,6,3,4,1,2,5,4
103,LIDC-IDRI-0095,2,208,./lidc_patches_all\LIDC-IDRI-0095\LIDC-IDRI-0095_n2_k208_img.png,./lidc_patches_all\LIDC-IDRI-0095\LIDC-IDRI-0095_n2_k208_mask.png,108.21895217895508,216,341,260,387,4,1,6,3,4,1,2,5,4
103,LIDC-IDRI-0095,2,209,./lidc_patches_all\LIDC-IDRI-0095\LIDC-IDRI-0095_n2_k209_img.png,./lidc_patches_all\LIDC-IDRI-0095\LIDC-IDRI-0095_n2_k209_mask.png,90.24238204956055,216,341,260,387,4,1,6,3,4,1,2,5,4
103,LIDC-IDRI-0095,2,210,./lidc_patches_all\LIDC-IDRI-0095\LIDC-IDRI-0095_n2_k210_img.png,./lidc_patches_all\LIDC-IDRI-0095\LIDC-IDRI-0095_n2_k210_mask.png,58.96315002441406,216,341,260,387,4,1,6,3,4,1,2,5,4
