scan_id,patient_id,nodule_index,k_global,img_path,mask_path,area_mm2,nodule_bbox_xmin,nodule_bbox_ymin,nodule_bbox_xmax,nodule_bbox_ymax,ann_subtlety,ann_internalStructure,ann_calcification,ann_sphericity,ann_margin,ann_lobulation,ann_spiculation,ann_texture,ann_malignancy
205,LIDC-IDRI-0204,0,31,./lidc_patches_all\LIDC-IDRI-0204\LIDC-IDRI-0204_n0_k31_img.png,./lidc_patches_all\LIDC-IDRI-0204\LIDC-IDRI-0204_n0_k31_mask.png,91.461181640625,342,337,385,386,4,1,6,2,4,3,3,5,4
205,LIDC-IDRI-0204,0,32,./lidc_patches_all\LIDC-IDRI-0204\LIDC-IDRI-0204_n0_k32_img.png,./lidc_patches_all\LIDC-IDRI-0204\LIDC-IDRI-0204_n0_k32_mask.png,125.079345703125,342,337,385,386,4,1,6,2,4,3,3,5,4
205,LIDC-IDRI-0204,0,33,./lidc_patches_all\LIDC-IDRI-0204\LIDC-IDRI-0204_n0_k33_img.png,./lidc_patches_all\LIDC-IDRI-0204\LIDC-IDRI-0204_n0_k33_mask.png,135.46142578125,342,337,385,386,4,1,6,2,4,3,3,5,4
205,LIDC-IDRI-0204,0,34,./lidc_patches_all\LIDC-IDRI-0204\LIDC-IDRI-0204_n0_k34_img.png,./lidc_patches_all\LIDC-IDRI-0204\LIDC-IDRI-0204_n0_k34_mask.png,83.056640625,342,337,385,386,4,1,6,2,4,3,3,5,4
