scan_id,patient_id,nodule_index,k_global,img_path,mask_path,area_mm2,nodule_bbox_xmin,nodule_bbox_ymin,nodule_bbox_xmax,nodule_bbox_ymax,ann_subtlety,ann_internalStructure,ann_calcification,ann_sphericity,ann_margin,ann_lobulation,ann_spiculation,ann_texture,ann_malignancy
322,LIDC-IDRI-0321,0,132,./lidc_patches_all\LIDC-IDRI-0321\LIDC-IDRI-0321_n0_k132_img.png,./lidc_patches_all\LIDC-IDRI-0321\LIDC-IDRI-0321_n0_k132_mask.png,21.607938652356,385,147,405,173,4,1,6,3,5,1,1,5,3
322,LIDC-IDRI-0321,1,171,./lidc_patches_all\LIDC-IDRI-0321\LIDC-IDRI-0321_n1_k171_img.png,./lidc_patches_all\LIDC-IDRI-0321\LIDC-IDRI-0321_n1_k171_mask.png,18.080111933604,289,373,307,394,4,1,3,4,5,1,1,5,1
322,LIDC-IDRI-0321,2,178,./lidc_patches_all\LIDC-IDRI-0321\LIDC-IDRI-0321_n2_k178_img.png,./lidc_patches_all\LIDC-IDRI-0321\LIDC-IDRI-0321_n2_k178_mask.png,48.066639042996,279,392,308,418,4,1,4,4,5,1,2,5,2
322,LIDC-IDRI-0321,3,183,./lidc_patches_all\LIDC-IDRI-0321\LIDC-IDRI-0321_n3_k183_img.png,./lidc_patches_all\LIDC-IDRI-0321\LIDC-IDRI-0321_n3_k183_mask.png,16.316198574228,266,353,285,372,1,1,3,5,5,1,2,5,1
