scan_id,patient_id,nodule_index,k_global,img_path,mask_path,area_mm2,nodule_bbox_xmin,nodule_bbox_ymin,nodule_bbox_xmax,nodule_bbox_ymax,ann_subtlety,ann_internalStructure,ann_calcification,ann_sphericity,ann_margin,ann_lobulation,ann_spiculation,ann_texture,ann_malignancy
391,LIDC-IDRI-0387,0,73,./lidc_patches_all\LIDC-IDRI-0387\LIDC-IDRI-0387_n0_k73_img.png,./lidc_patches_all\LIDC-IDRI-0387\LIDC-IDRI-0387_n0_k73_mask.png,67.07455444335938,296,370,337,403,5,1,6,2,2,2,2,4,4
391,LIDC-IDRI-0387,0,74,./lidc_patches_all\LIDC-IDRI-0387\LIDC-IDRI-0387_n0_k74_img.png,./lidc_patches_all\LIDC-IDRI-0387\LIDC-IDRI-0387_n0_k74_mask.png,81.98001098632812,296,370,337,403,5,1,6,2,2,2,2,4,4
391,LIDC-IDRI-0387,0,76,./lidc_patches_all\LIDC-IDRI-0387\LIDC-IDRI-0387_n0_k76_img.png,./lidc_patches_all\LIDC-IDRI-0387\LIDC-IDRI-0387_n0_k76_mask.png,50.814056396484375,296,370,337,403,5,1,6,2,2,2,2,4,4
391,LIDC-IDRI-0387,1,77,./lidc_patches_all\LIDC-IDRI-0387\LIDC-IDRI-0387_n1_k77_img.png,./lidc_patches_all\LIDC-IDRI-0387\LIDC-IDRI-0387_n1_k77_mask.png,38.95744323730469,275,343,302,369,4,1,6,4,1,2,2,3,3
