scan_id,patient_id,nodule_index,k_global,img_path,mask_path,area_mm2,nodule_bbox_xmin,nodule_bbox_ymin,nodule_bbox_xmax,nodule_bbox_ymax,ann_subtlety,ann_internalStructure,ann_calcification,ann_sphericity,ann_margin,ann_lobulation,ann_spiculation,ann_texture,ann_malignancy
243,LIDC-IDRI-0243,0,55,./lidc_patches_all\LIDC-IDRI-0243\LIDC-IDRI-0243_n0_k55_img.png,./lidc_patches_all\LIDC-IDRI-0243\LIDC-IDRI-0243_n0_k55_mask.png,141.31147324224003,192,162,226,193,4,1,6,4,3,2,2,5,2
243,LIDC-IDRI-0243,0,56,./lidc_patches_all\LIDC-IDRI-0243\LIDC-IDRI-0243_n0_k56_img.png,./lidc_patches_all\LIDC-IDRI-0243\LIDC-IDRI-0243_n0_k56_mask.png,121.12411992192001,192,162,226,193,4,1,6,4,3,2,2,5,2
243,LIDC-IDRI-0243,0,57,./lidc_patches_all\LIDC-IDRI-0243\LIDC-IDRI-0243_n0_k57_img.png,./lidc_patches_all\LIDC-IDRI-0243\LIDC-IDRI-0243_n0_k57_mask.png,70.65573662112001,192,162,226,193,4,1,6,4,3,2,2,5,2
243,LIDC-IDRI-0243,1,70,./lidc_patches_all\LIDC-IDRI-0243\LIDC-IDRI-0243_n1_k70_img.png,./lidc_patches_all\LIDC-IDRI-0243\LIDC-IDRI-0243_n1_k70_mask.png,9.420764882816002,385,185,402,205,3,1,6,3,4,1,4,5,2
