scan_id,patient_id,nodule_index,k_global,img_path,mask_path,area_mm2,nodule_bbox_xmin,nodule_bbox_ymin,nodule_bbox_xmax,nodule_bbox_ymax,ann_subtlety,ann_internalStructure,ann_calcification,ann_sphericity,ann_margin,ann_lobulation,ann_spiculation,ann_texture,ann_malignancy
505,LIDC-IDRI-0499,0,56,./lidc_patches_all\LIDC-IDRI-0499\LIDC-IDRI-0499_n0_k56_img.png,./lidc_patches_all\LIDC-IDRI-0499\LIDC-IDRI-0499_n0_k56_mask.png,24.061203002929688,338,177,361,199,4,1,6,3,4,1,1,4,3
505,LIDC-IDRI-0499,1,57,./lidc_patches_all\LIDC-IDRI-0499\LIDC-IDRI-0499_n1_k57_img.png,./lidc_patches_all\LIDC-IDRI-0499\LIDC-IDRI-0499_n1_k57_mask.png,9.303665161132812,140,77,160,95,4,1,6,3,4,1,1,4,2
505,LIDC-IDRI-0499,2,82,./lidc_patches_all\LIDC-IDRI-0499\LIDC-IDRI-0499_n2_k82_img.png,./lidc_patches_all\LIDC-IDRI-0499\LIDC-IDRI-0499_n2_k82_mask.png,7.6995849609375,264,423,282,441,4,1,6,4,5,1,1,5,2
505,LIDC-IDRI-0499,3,83,./lidc_patches_all\LIDC-IDRI-0499\LIDC-IDRI-0499_n3_k83_img.png,./lidc_patches_all\LIDC-IDRI-0499\LIDC-IDRI-0499_n3_k83_mask.png,17.644882202148438,158,123,181,145,4,1,6,4,4,2,2,4,2
505,LIDC-IDRI-0499,4,97,./lidc_patches_all\LIDC-IDRI-0499\LIDC-IDRI-0499_n4_k97_img.png,./lidc_patches_all\LIDC-IDRI-0499\LIDC-IDRI-0499_n4_k97_mask.png,8.341217041015625,167,134,185,152,4,1,6,5,5,1,1,5,2
505,LIDC-IDRI-0499,5,106,./lidc_patches_all\LIDC-IDRI-0499\LIDC-IDRI-0499_n5_k106_img.png,./lidc_patches_all\LIDC-IDRI-0499\LIDC-IDRI-0499_n5_k106_mask.png,16.040802001953125,347,298,368,320,4,1,6,4,4,1,1,4,2
505,LIDC-IDRI-0499,6,108,./lidc_patches_all\LIDC-IDRI-0499\LIDC-IDRI-0499_n6_k108_img.png,./lidc_patches_all\LIDC-IDRI-0499\LIDC-IDRI-0499_n6_k108_mask.png,5.774688720703125,327,178,343,196,5,1,6,4,5,1,1,5,3
