scan_id,patient_id,nodule_index,k_global,img_path,mask_path,area_mm2,nodule_bbox_xmin,nodule_bbox_ymin,nodule_bbox_xmax,nodule_bbox_ymax,ann_subtlety,ann_internalStructure,ann_calcification,ann_sphericity,ann_margin,ann_lobulation,ann_spiculation,ann_texture,ann_malignancy
17,LIDC-IDRI-0006,0,54,./lidc_patches_all\LIDC-IDRI-0006\LIDC-IDRI-0006_n0_k54_img.png,./lidc_patches_all\LIDC-IDRI-0006\LIDC-IDRI-0006_n0_k54_mask.png,19.921875,331,181,352,202,3,1,6,3,5,2,1,4,2
17,LIDC-IDRI-0006,1,68,./lidc_patches_all\LIDC-IDRI-0006\LIDC-IDRI-0006_n1_k68_img.png,./lidc_patches_all\LIDC-IDRI-0006\LIDC-IDRI-0006_n1_k68_mask.png,20.3125,323,382,344,402,2,1,6,3,4,2,2,4,3
17,LIDC-IDRI-0006,2,70,./lidc_patches_all\LIDC-IDRI-0006\LIDC-IDRI-0006_n2_k70_img.png,./lidc_patches_all\LIDC-IDRI-0006\LIDC-IDRI-0006_n2_k70_mask.png,79.6875,338,349,370,381,1,1,6,5,2,1,1,1,2
17,LIDC-IDRI-0006,3,84,./lidc_patches_all\LIDC-IDRI-0006\LIDC-IDRI-0006_n3_k84_img.png,./lidc_patches_all\LIDC-IDRI-0006\LIDC-IDRI-0006_n3_k84_mask.png,37.5,345,358,370,385,3,1,6,4,4,2,2,4,3
