scan_id,patient_id,nodule_index,k_global,img_path,mask_path,area_mm2,nodule_bbox_xmin,nodule_bbox_ymin,nodule_bbox_xmax,nodule_bbox_ymax,ann_subtlety,ann_internalStructure,ann_calcification,ann_sphericity,ann_margin,ann_lobulation,ann_spiculation,ann_texture,ann_malignancy
189,LIDC-IDRI-0188,0,52,./lidc_patches_all\LIDC-IDRI-0188\LIDC-IDRI-0188_n0_k52_img.png,./lidc_patches_all\LIDC-IDRI-0188\LIDC-IDRI-0188_n0_k52_mask.png,14.337158203125,432,173,450,191,2,1,6,5,5,1,1,5,2
189,LIDC-IDRI-0188,1,53,./lidc_patches_all\LIDC-IDRI-0188\LIDC-IDRI-0188_n1_k53_img.png,./lidc_patches_all\LIDC-IDRI-0188\LIDC-IDRI-0188_n1_k53_mask.png,13.348388671875,428,179,445,197,2,1,6,5,5,1,1,5,2
189,LIDC-IDRI-0188,2,57,./lidc_patches_all\LIDC-IDRI-0188\LIDC-IDRI-0188_n2_k57_img.png,./lidc_patches_all\LIDC-IDRI-0188\LIDC-IDRI-0188_n2_k57_mask.png,14.83154296875,402,306,420,324,2,1,6,5,5,1,1,5,2
189,LIDC-IDRI-0188,3,58,./lidc_patches_all\LIDC-IDRI-0188\LIDC-IDRI-0188_n3_k58_img.png,./lidc_patches_all\LIDC-IDRI-0188\LIDC-IDRI-0188_n3_k58_mask.png,246.20361328125,412,167,454,211,5,1,6,4,4,2,1,5,4
189,LIDC-IDRI-0188,3,59,./lidc_patches_all\LIDC-IDRI-0188\LIDC-IDRI-0188_n3_k59_img.png,./lidc_patches_all\LIDC-IDRI-0188\LIDC-IDRI-0188_n3_k59_mask.png,292.181396484375,412,167,454,211,5,1,6,4,4,2,1,5,4
189,LIDC-IDRI-0188,3,60,./lidc_patches_all\LIDC-IDRI-0188\LIDC-IDRI-0188_n3_k60_img.png,./lidc_patches_all\LIDC-IDRI-0188\LIDC-IDRI-0188_n3_k60_mask.png,300.5859375,412,167,454,211,5,1,6,4,4,2,1,5,4
189,LIDC-IDRI-0188,3,61,./lidc_patches_all\LIDC-IDRI-0188\LIDC-IDRI-0188_n3_k61_img.png,./lidc_patches_all\LIDC-IDRI-0188\LIDC-IDRI-0188_n3_k61_mask.png,272.406005859375,412,167,454,211,5,1,6,4,4,2,1,5,4
189,LIDC-IDRI-0188,3,62,./lidc_patches_all\LIDC-IDRI-0188\LIDC-IDRI-0188_n3_k62_img.png,./lidc_patches_all\LIDC-IDRI-0188\LIDC-IDRI-0188_n3_k62_mask.png,229.888916015625,412,167,454,211,5,1,6,4,4,2,1,5,4
189,LIDC-IDRI-0188,4,60,./lidc_patches_all\LIDC-IDRI-0188\LIDC-IDRI-0188_n4_k60_img.png,./lidc_patches_all\LIDC-IDRI-0188\LIDC-IDRI-0188_n4_k60_mask.png,22.74169921875,192,150,214,171,4,1,6,4,5,2,1,5,2
189,LIDC-IDRI-0188,5,67,./lidc_patches_all\LIDC-IDRI-0188\LIDC-IDRI-0188_n5_k67_img.png,./lidc_patches_all\LIDC-IDRI-0188\LIDC-IDRI-0188_n5_k67_mask.png,49.932861328125,342,346,368,371,4,1,6,4,4,2,1,5,3
189,LIDC-IDRI-0188,6,70,./lidc_patches_all\LIDC-IDRI-0188\LIDC-IDRI-0188_n6_k70_img.png,./lidc_patches_all\LIDC-IDRI-0188\LIDC-IDRI-0188_n6_k70_mask.png,34.112548828125,378,217,401,240,4,1,6,4,5,2,1,5,2
189,LIDC-IDRI-0188,7,75,./lidc_patches_all\LIDC-IDRI-0188\LIDC-IDRI-0188_n7_k75_img.png,./lidc_patches_all\LIDC-IDRI-0188\LIDC-IDRI-0188_n7_k75_mask.png,35.595703125,339,357,364,380,3,1,6,4,4,3,1,5,4
189,LIDC-IDRI-0188,8,90,./lidc_patches_all\LIDC-IDRI-0188\LIDC-IDRI-0188_n8_k90_img.png,./lidc_patches_all\LIDC-IDRI-0188\LIDC-IDRI-0188_n8_k90_mask.png,14.83154296875,310,138,328,156,4,1,6,4,4,2,1,5,2
189,LIDC-IDRI-0188,9,91,./lidc_patches_all\LIDC-IDRI-0188\LIDC-IDRI-0188_n9_k91_img.png,./lidc_patches_all\LIDC-IDRI-0188\LIDC-IDRI-0188_n9_k91_mask.png,19.281005859375,383,306,402,326,3,1,6,3,5,1,1,5,2
