scan_id,patient_id,nodule_index,k_global,img_path,mask_path,area_mm2,nodule_bbox_xmin,nodule_bbox_ymin,nodule_bbox_xmax,nodule_bbox_ymax,ann_subtlety,ann_internalStructure,ann_calcification,ann_sphericity,ann_margin,ann_lobulation,ann_spiculation,ann_texture,ann_malignancy
191,LIDC-IDRI-0190,0,47,./lidc_patches_all\LIDC-IDRI-0190\LIDC-IDRI-0190_n0_k47_img.png,./lidc_patches_all\LIDC-IDRI-0190\LIDC-IDRI-0190_n0_k47_mask.png,272.406005859375,214,403,269,440,5,1,6,4,5,3,1,5,4
191,LIDC-IDRI-0190,0,48,./lidc_patches_all\LIDC-IDRI-0190\LIDC-IDRI-0190_n0_k48_img.png,./lidc_patches_all\LIDC-IDRI-0190\LIDC-IDRI-0190_n0_k48_mask.png,301.080322265625,214,403,269,440,5,1,6,4,5,3,1,5,4
191,LIDC-IDRI-0190,0,49,./lidc_patches_all\LIDC-IDRI-0190\LIDC-IDRI-0190_n0_k49_img.png,./lidc_patches_all\LIDC-IDRI-0190\LIDC-IDRI-0190_n0_k49_mask.png,327.28271484375,214,403,269,440,5,1,6,4,5,3,1,5,4
191,LIDC-IDRI-0190,0,50,./lidc_patches_all\LIDC-IDRI-0190\LIDC-IDRI-0190_n0_k50_img.png,./lidc_patches_all\LIDC-IDRI-0190\LIDC-IDRI-0190_n0_k50_mask.png,294.158935546875,214,403,269,440,5,1,6,4,5,3,1,5,4
191,LIDC-IDRI-0190,0,51,./lidc_patches_all\LIDC-IDRI-0190\LIDC-IDRI-0190_n0_k51_img.png,./lidc_patches_all\LIDC-IDRI-0190\LIDC-IDRI-0190_n0_k51_mask.png,242.24853515625,214,403,269,440,5,1,6,4,5,3,1,5,4
191,LIDC-IDRI-0190,1,89,./lidc_patches_all\LIDC-IDRI-0190\LIDC-IDRI-0190_n1_k89_img.png,./lidc_patches_all\LIDC-IDRI-0190\LIDC-IDRI-0190_n1_k89_mask.png,148.809814453125,239,384,289,416,5,1,6,4,5,2,2,5,4
191,LIDC-IDRI-0190,1,90,./lidc_patches_all\LIDC-IDRI-0190\LIDC-IDRI-0190_n1_k90_img.png,./lidc_patches_all\LIDC-IDRI-0190\LIDC-IDRI-0190_n1_k90_mask.png,165.618896484375,239,384,289,416,5,1,6,4,5,2,2,5,4
191,LIDC-IDRI-0190,1,91,./lidc_patches_all\LIDC-IDRI-0190\LIDC-IDRI-0190_n1_k91_img.png,./lidc_patches_all\LIDC-IDRI-0190\LIDC-IDRI-0190_n1_k91_mask.png,186.383056640625,239,384,289,416,5,1,6,4,5,2,2,5,4
191,LIDC-IDRI-0190,1,92,./lidc_patches_all\LIDC-IDRI-0190\LIDC-IDRI-0190_n1_k92_img.png,./lidc_patches_all\LIDC-IDRI-0190\LIDC-IDRI-0190_n1_k92_mask.png,148.3154296875,239,384,289,416,5,1,6,4,5,2,2,5,4
191,LIDC-IDRI-0190,1,93,./lidc_patches_all\LIDC-IDRI-0190\LIDC-IDRI-0190_n1_k93_img.png,./lidc_patches_all\LIDC-IDRI-0190\LIDC-IDRI-0190_n1_k93_mask.png,112.7197265625,239,384,289,416,5,1,6,4,5,2,2,5,4
