scan_id,patient_id,nodule_index,k_global,img_path,mask_path,area_mm2,nodule_bbox_xmin,nodule_bbox_ymin,nodule_bbox_xmax,nodule_bbox_ymax,ann_subtlety,ann_internalStructure,ann_calcification,ann_sphericity,ann_margin,ann_lobulation,ann_spiculation,ann_texture,ann_malignancy
143,LIDC-IDRI-0140,0,285,./lidc_patches_all\LIDC-IDRI-0140\LIDC-IDRI-0140_n0_k285_img.png,./lidc_patches_all\LIDC-IDRI-0140\LIDC-IDRI-0140_n0_k285_mask.png,55.93806457519531,182,81,220,111,5,1,6,4,5,2,1,5,3
143,LIDC-IDRI-0140,0,286,./lidc_patches_all\LIDC-IDRI-0140\LIDC-IDRI-0140_n0_k286_img.png,./lidc_patches_all\LIDC-IDRI-0140\LIDC-IDRI-0140_n0_k286_mask.png,59.1043701171875,182,81,220,111,5,1,6,4,5,2,1,5,3
143,LIDC-IDRI-0140,0,287,./lidc_patches_all\LIDC-IDRI-0140\LIDC-IDRI-0140_n0_k287_img.png,./lidc_patches_all\LIDC-IDRI-0140\LIDC-IDRI-0140_n0_k287_mask.png,60.15980529785156,182,81,220,111,5,1,6,4,5,2,1,5,3
143,LIDC-IDRI-0140,0,288,./lidc_patches_all\LIDC-IDRI-0140\LIDC-IDRI-0140_n0_k288_img.png,./lidc_patches_all\LIDC-IDRI-0140\LIDC-IDRI-0140_n0_k288_mask.png,55.6742057800293,182,81,220,111,5,1,6,4,5,2,1,5,3
143,LIDC-IDRI-0140,0,289,./lidc_patches_all\LIDC-IDRI-0140\LIDC-IDRI-0140_n0_k289_img.png,./lidc_patches_all\LIDC-IDRI-0140\LIDC-IDRI-0140_n0_k289_mask.png,50.660888671875,182,81,220,111,5,1,6,4,5,2,1,5,3
