scan_id,patient_id,nodule_index,k_global,img_path,mask_path,area_mm2,nodule_bbox_xmin,nodule_bbox_ymin,nodule_bbox_xmax,nodule_bbox_ymax,ann_subtlety,ann_internalStructure,ann_calcification,ann_sphericity,ann_margin,ann_lobulation,ann_spiculation,ann_texture,ann_malignancy
298,LIDC-IDRI-0298,0,210,./lidc_patches_all\LIDC-IDRI-0298\LIDC-IDRI-0298_n0_k210_img.png,./lidc_patches_all\LIDC-IDRI-0298\LIDC-IDRI-0298_n0_k210_mask.png,77.26821899414062,339,153,373,193,2,1,6,4,2,1,1,1,3
298,LIDC-IDRI-0298,0,211,./lidc_patches_all\LIDC-IDRI-0298\LIDC-IDRI-0298_n0_k211_img.png,./lidc_patches_all\LIDC-IDRI-0298\LIDC-IDRI-0298_n0_k211_mask.png,90.56167602539062,339,153,373,193,2,1,6,4,2,1,1,1,3
298,LIDC-IDRI-0298,0,212,./lidc_patches_all\LIDC-IDRI-0298\LIDC-IDRI-0298_n0_k212_img.png,./lidc_patches_all\LIDC-IDRI-0298\LIDC-IDRI-0298_n0_k212_mask.png,95.13130187988281,339,153,373,193,2,1,6,4,2,1,1,1,3
298,LIDC-IDRI-0298,0,213,./lidc_patches_all\LIDC-IDRI-0298\LIDC-IDRI-0298_n0_k213_img.png,./lidc_patches_all\LIDC-IDRI-0298\LIDC-IDRI-0298_n0_k213_mask.png,88.48457336425781,339,153,373,193,2,1,6,4,2,1,1,1,3
298,LIDC-IDRI-0298,1,216,./lidc_patches_all\LIDC-IDRI-0298\LIDC-IDRI-0298_n1_k216_img.png,./lidc_patches_all\LIDC-IDRI-0298\LIDC-IDRI-0298_n1_k216_mask.png,44.44999694824219,266,304,293,330,4,1,6,4,5,1,1,5,2
298,LIDC-IDRI-0298,2,248,./lidc_patches_all\LIDC-IDRI-0298\LIDC-IDRI-0298_n2_k248_img.png,./lidc_patches_all\LIDC-IDRI-0298\LIDC-IDRI-0298_n2_k248_mask.png,38.21868896484375,309,278,337,308,4,1,6,3,4,1,1,5,2
298,LIDC-IDRI-0298,3,267,./lidc_patches_all\LIDC-IDRI-0298\LIDC-IDRI-0298_n3_k267_img.png,./lidc_patches_all\LIDC-IDRI-0298\LIDC-IDRI-0298_n3_k267_mask.png,31.987380981445312,275,216,300,242,2,1,6,4,3,1,1,2,2
298,LIDC-IDRI-0298,4,277,./lidc_patches_all\LIDC-IDRI-0298\LIDC-IDRI-0298_n4_k277_img.png,./lidc_patches_all\LIDC-IDRI-0298\LIDC-IDRI-0298_n4_k277_mask.png,23.678970336914062,329,168,351,190,2,1,6,4,3,1,1,2,3
298,LIDC-IDRI-0298,5,286,./lidc_patches_all\LIDC-IDRI-0298\LIDC-IDRI-0298_n5_k286_img.png,./lidc_patches_all\LIDC-IDRI-0298\LIDC-IDRI-0298_n5_k286_mask.png,14.539718627929688,229,188,253,208,3,1,6,4,3,1,2,4,2
298,LIDC-IDRI-0298,6,289,./lidc_patches_all\LIDC-IDRI-0298\LIDC-IDRI-0298_n6_k289_img.png,./lidc_patches_all\LIDC-IDRI-0298\LIDC-IDRI-0298_n6_k289_mask.png,58.989715576171875,274,359,304,391,2,1,6,4,2,1,1,2,2
298,LIDC-IDRI-0298,6,290,./lidc_patches_all\LIDC-IDRI-0298\LIDC-IDRI-0298_n6_k290_img.png,./lidc_patches_all\LIDC-IDRI-0298\LIDC-IDRI-0298_n6_k290_mask.png,51.92756652832031,274,359,304,391,2,1,6,4,2,1,1,2,2
