scan_id,patient_id,nodule_index,k_global,img_path,mask_path,area_mm2,nodule_bbox_xmin,nodule_bbox_ymin,nodule_bbox_xmax,nodule_bbox_ymax,ann_subtlety,ann_internalStructure,ann_calcification,ann_sphericity,ann_margin,ann_lobulation,ann_spiculation,ann_texture,ann_malignancy
64,LIDC-IDRI-0053,0,33,./lidc_patches_all\LIDC-IDRI-0053\LIDC-IDRI-0053_n0_k33_img.png,./lidc_patches_all\LIDC-IDRI-0053\LIDC-IDRI-0053_n0_k33_mask.png,306.5185546875,212,384,264,439,5,1,6,4,5,2,2,5,4
64,LIDC-IDRI-0053,0,34,./lidc_patches_all\LIDC-IDRI-0053\LIDC-IDRI-0053_n0_k34_img.png,./lidc_patches_all\LIDC-IDRI-0053\LIDC-IDRI-0053_n0_k34_mask.png,296.630859375,212,384,264,439,5,1,6,4,5,2,2,5,4
64,LIDC-IDRI-0053,0,35,./lidc_patches_all\LIDC-IDRI-0053\LIDC-IDRI-0053_n0_k35_img.png,./lidc_patches_all\LIDC-IDRI-0053\LIDC-IDRI-0053_n0_k35_mask.png,338.653564453125,212,384,264,439,5,1,6,4,5,2,2,5,4
64,LIDC-IDRI-0053,0,36,./lidc_patches_all\LIDC-IDRI-0053\LIDC-IDRI-0053_n0_k36_img.png,./lidc_patches_all\LIDC-IDRI-0053\LIDC-IDRI-0053_n0_k36_mask.png,316.900634765625,212,384,264,439,5,1,6,4,5,2,2,5,4
64,LIDC-IDRI-0053,0,37,./lidc_patches_all\LIDC-IDRI-0053\LIDC-IDRI-0053_n0_k37_img.png,./lidc_patches_all\LIDC-IDRI-0053\LIDC-IDRI-0053_n0_k37_mask.png,288.720703125,212,384,264,439,5,1,6,4,5,2,2,5,4
64,LIDC-IDRI-0053,1,46,./lidc_patches_all\LIDC-IDRI-0053\LIDC-IDRI-0053_n1_k46_img.png,./lidc_patches_all\LIDC-IDRI-0053\LIDC-IDRI-0053_n1_k46_mask.png,75.146484375,156,182,187,213,4,1,6,4,4,2,2,5,3
64,LIDC-IDRI-0053,1,47,./lidc_patches_all\LIDC-IDRI-0053\LIDC-IDRI-0053_n1_k47_img.png,./lidc_patches_all\LIDC-IDRI-0053\LIDC-IDRI-0053_n1_k47_mask.png,74.15771484375,156,182,187,213,4,1,6,4,4,2,2,5,3
