scan_id,patient_id,nodule_index,k_global,img_path,mask_path,area_mm2,nodule_bbox_xmin,nodule_bbox_ymin,nodule_bbox_xmax,nodule_bbox_ymax,ann_subtlety,ann_internalStructure,ann_calcification,ann_sphericity,ann_margin,ann_lobulation,ann_spiculation,ann_texture,ann_malignancy
118,LIDC-IDRI-0112,0,32,./lidc_patches_all\LIDC-IDRI-0112\LIDC-IDRI-0112_n0_k32_img.png,./lidc_patches_all\LIDC-IDRI-0112\LIDC-IDRI-0112_n0_k32_mask.png,107.77587890625,270,336,304,372,4,1,6,4,4,1,1,5,4
118,LIDC-IDRI-0112,0,33,./lidc_patches_all\LIDC-IDRI-0112\LIDC-IDRI-0112_n0_k33_img.png,./lidc_patches_all\LIDC-IDRI-0112\LIDC-IDRI-0112_n0_k33_mask.png,141.888427734375,270,336,304,372,4,1,6,4,4,1,1,5,4
118,LIDC-IDRI-0112,0,34,./lidc_patches_all\LIDC-IDRI-0112\LIDC-IDRI-0112_n0_k34_img.png,./lidc_patches_all\LIDC-IDRI-0112\LIDC-IDRI-0112_n0_k34_mask.png,143.865966796875,270,336,304,372,4,1,6,4,4,1,1,5,4
118,LIDC-IDRI-0112,0,35,./lidc_patches_all\LIDC-IDRI-0112\LIDC-IDRI-0112_n0_k35_img.png,./lidc_patches_all\LIDC-IDRI-0112\LIDC-IDRI-0112_n0_k35_mask.png,105.303955078125,270,336,304,372,4,1,6,4,4,1,1,5,4
