scan_id,patient_id,nodule_index,k_global,img_path,mask_path,area_mm2,nodule_bbox_xmin,nodule_bbox_ymin,nodule_bbox_xmax,nodule_bbox_ymax,ann_subtlety,ann_internalStructure,ann_calcification,ann_sphericity,ann_margin,ann_lobulation,ann_spiculation,ann_texture,ann_malignancy
188,LIDC-IDRI-0187,0,81,./lidc_patches_all\LIDC-IDRI-0187\LIDC-IDRI-0187_n0_k81_img.png,./lidc_patches_all\LIDC-IDRI-0187\LIDC-IDRI-0187_n0_k81_mask.png,42.83447265625,175,324,195,344,3,1,6,5,3,2,1,5,3
188,LIDC-IDRI-0187,1,94,./lidc_patches_all\LIDC-IDRI-0187\LIDC-IDRI-0187_n1_k94_img.png,./lidc_patches_all\LIDC-IDRI-0187\LIDC-IDRI-0187_n1_k94_mask.png,60.55908203125,297,370,321,393,2,1,6,4,2,2,2,1,2
188,LIDC-IDRI-0187,2,96,./lidc_patches_all\LIDC-IDRI-0187\LIDC-IDRI-0187_n2_k96_img.png,./lidc_patches_all\LIDC-IDRI-0187\LIDC-IDRI-0187_n2_k96_mask.png,16.24755859375,324,140,341,158,3,1,6,3,5,1,1,5,2
188,LIDC-IDRI-0187,3,120,./lidc_patches_all\LIDC-IDRI-0187\LIDC-IDRI-0187_n3_k120_img.png,./lidc_patches_all\LIDC-IDRI-0187\LIDC-IDRI-0187_n3_k120_mask.png,296.88720703125,257,335,301,374,4,1,6,4,4,3,3,5,4
188,LIDC-IDRI-0187,3,121,./lidc_patches_all\LIDC-IDRI-0187\LIDC-IDRI-0187_n3_k121_img.png,./lidc_patches_all\LIDC-IDRI-0187\LIDC-IDRI-0187_n3_k121_mask.png,318.304443359375,257,335,301,374,4,1,6,4,4,3,3,5,4
188,LIDC-IDRI-0187,3,122,./lidc_patches_all\LIDC-IDRI-0187\LIDC-IDRI-0187_n3_k122_img.png,./lidc_patches_all\LIDC-IDRI-0187\LIDC-IDRI-0187_n3_k122_mask.png,338.983154296875,257,335,301,374,4,1,6,4,4,3,3,5,4
188,LIDC-IDRI-0187,3,123,./lidc_patches_all\LIDC-IDRI-0187\LIDC-IDRI-0187_n3_k123_img.png,./lidc_patches_all\LIDC-IDRI-0187\LIDC-IDRI-0187_n3_k123_mask.png,273.25439453125,257,335,301,374,4,1,6,4,4,3,3,5,4
188,LIDC-IDRI-0187,3,124,./lidc_patches_all\LIDC-IDRI-0187\LIDC-IDRI-0187_n3_k124_img.png,./lidc_patches_all\LIDC-IDRI-0187\LIDC-IDRI-0187_n3_k124_mask.png,217.864990234375,257,335,301,374,4,1,6,4,4,3,3,5,4
