scan_id,patient_id,nodule_index,k_global,img_path,mask_path,area_mm2,nodule_bbox_xmin,nodule_bbox_ymin,nodule_bbox_xmax,nodule_bbox_ymax,ann_subtlety,ann_internalStructure,ann_calcification,ann_sphericity,ann_margin,ann_lobulation,ann_spiculation,ann_texture,ann_malignancy
186,LIDC-IDRI-0185,0,34,./lidc_patches_all\LIDC-IDRI-0185\LIDC-IDRI-0185_n0_k34_img.png,./lidc_patches_all\LIDC-IDRI-0185\LIDC-IDRI-0185_n0_k34_mask.png,31.1279296875,290,98,314,123,4,1,6,3,4,2,2,5,3
186,LIDC-IDRI-0185,1,54,./lidc_patches_all\LIDC-IDRI-0185\LIDC-IDRI-0185_n1_k54_img.png,./lidc_patches_all\LIDC-IDRI-0185\LIDC-IDRI-0185_n1_k54_mask.png,14.0380859375,322,225,341,244,3,1,6,4,4,2,2,5,2
186,LIDC-IDRI-0185,2,65,./lidc_patches_all\LIDC-IDRI-0185\LIDC-IDRI-0185_n2_k65_img.png,./lidc_patches_all\LIDC-IDRI-0185\LIDC-IDRI-0185_n2_k65_mask.png,17.7001953125,169,122,188,143,4,1,5,4,4,2,2,5,2
186,LIDC-IDRI-0185,3,76,./lidc_patches_all\LIDC-IDRI-0185\LIDC-IDRI-0185_n3_k76_img.png,./lidc_patches_all\LIDC-IDRI-0185\LIDC-IDRI-0185_n3_k76_mask.png,26.85546875,181,137,202,158,4,1,6,4,4,1,1,5,2
186,LIDC-IDRI-0185,4,93,./lidc_patches_all\LIDC-IDRI-0185\LIDC-IDRI-0185_n4_k93_img.png,./lidc_patches_all\LIDC-IDRI-0185\LIDC-IDRI-0185_n4_k93_mask.png,11.5966796875,199,156,217,174,3,1,6,4,4,1,2,5,3
186,LIDC-IDRI-0185,5,112,./lidc_patches_all\LIDC-IDRI-0185\LIDC-IDRI-0185_n5_k112_img.png,./lidc_patches_all\LIDC-IDRI-0185\LIDC-IDRI-0185_n5_k112_mask.png,53.7109375,267,362,292,388,5,1,4,4,4,1,1,5,1
186,LIDC-IDRI-0185,5,113,./lidc_patches_all\LIDC-IDRI-0185\LIDC-IDRI-0185_n5_k113_img.png,./lidc_patches_all\LIDC-IDRI-0185\LIDC-IDRI-0185_n5_k113_mask.png,54.931640625,267,362,292,388,5,1,4,4,4,1,1,5,1
