scan_id,patient_id,nodule_index,k_global,img_path,mask_path,area_mm2,nodule_bbox_xmin,nodule_bbox_ymin,nodule_bbox_xmax,nodule_bbox_ymax,ann_subtlety,ann_internalStructure,ann_calcification,ann_sphericity,ann_margin,ann_lobulation,ann_spiculation,ann_texture,ann_malignancy
40,LIDC-IDRI-0029,0,175,./lidc_patches_all\LIDC-IDRI-0029\LIDC-IDRI-0029_n0_k175_img.png,./lidc_patches_all\LIDC-IDRI-0029\LIDC-IDRI-0029_n0_k175_mask.png,277.31879670412394,259,297,306,336,5,1,6,4,4,4,3,5,5
40,LIDC-IDRI-0029,0,176,./lidc_patches_all\LIDC-IDRI-0029\LIDC-IDRI-0029_n0_k176_img.png,./lidc_patches_all\LIDC-IDRI-0029\LIDC-IDRI-0029_n0_k176_mask.png,291.995836084008,259,297,306,336,5,1,6,4,4,4,3,5,5
40,LIDC-IDRI-0029,0,177,./lidc_patches_all\LIDC-IDRI-0029\LIDC-IDRI-0029_n0_k177_img.png,./lidc_patches_all\LIDC-IDRI-0029\LIDC-IDRI-0029_n0_k177_mask.png,366.15350874026393,259,297,306,336,5,1,6,4,4,4,3,5,5
40,LIDC-IDRI-0029,0,178,./lidc_patches_all\LIDC-IDRI-0029\LIDC-IDRI-0029_n0_k178_img.png,./lidc_patches_all\LIDC-IDRI-0029\LIDC-IDRI-0029_n0_k178_mask.png,337.571905737332,259,297,306,336,5,1,6,4,4,4,3,5,5
40,LIDC-IDRI-0029,0,179,./lidc_patches_all\LIDC-IDRI-0029\LIDC-IDRI-0029_n0_k179_img.png,./lidc_patches_all\LIDC-IDRI-0029\LIDC-IDRI-0029_n0_k179_mask.png,352.24894511721595,259,297,306,336,5,1,6,4,4,4,3,5,5
