scan_id,patient_id,nodule_index,k_global,img_path,mask_path,area_mm2,nodule_bbox_xmin,nodule_bbox_ymin,nodule_bbox_xmax,nodule_bbox_ymax,ann_subtlety,ann_internalStructure,ann_calcification,ann_sphericity,ann_margin,ann_lobulation,ann_spiculation,ann_texture,ann_malignancy
97,LIDC-IDRI-0089,0,47,./lidc_patches_all\LIDC-IDRI-0089\LIDC-IDRI-0089_n0_k47_img.png,./lidc_patches_all\LIDC-IDRI-0089\LIDC-IDRI-0089_n0_k47_mask.png,413.16783128921605,205,343,253,392,5,1,6,4,5,2,3,5,4
97,LIDC-IDRI-0089,0,48,./lidc_patches_all\LIDC-IDRI-0089\LIDC-IDRI-0089_n0_k48_img.png,./lidc_patches_all\LIDC-IDRI-0089\LIDC-IDRI-0089_n0_k48_mask.png,449.50506726579204,205,343,253,392,5,1,6,4,5,2,3,5,4
97,LIDC-IDRI-0089,0,49,./lidc_patches_all\LIDC-IDRI-0089\LIDC-IDRI-0089_n0_k49_img.png,./lidc_patches_all\LIDC-IDRI-0089\LIDC-IDRI-0089_n0_k49_mask.png,466.3278616993921,205,343,253,392,5,1,6,4,5,2,3,5,4
97,LIDC-IDRI-0089,0,50,./lidc_patches_all\LIDC-IDRI-0089\LIDC-IDRI-0089_n0_k50_img.png,./lidc_patches_all\LIDC-IDRI-0089\LIDC-IDRI-0089_n0_k50_mask.png,423.9344197267201,205,343,253,392,5,1,6,4,5,2,3,5,4
97,LIDC-IDRI-0089,0,51,./lidc_patches_all\LIDC-IDRI-0089\LIDC-IDRI-0089_n0_k51_img.png,./lidc_patches_all\LIDC-IDRI-0089\LIDC-IDRI-0089_n0_k51_mask.png,392.9804779688961,205,343,253,392,5,1,6,4,5,2,3,5,4
