scan_id,patient_id,nodule_index,k_global,img_path,mask_path,area_mm2,nodule_bbox_xmin,nodule_bbox_ymin,nodule_bbox_xmax,nodule_bbox_ymax,ann_subtlety,ann_internalStructure,ann_calcification,ann_sphericity,ann_margin,ann_lobulation,ann_spiculation,ann_texture,ann_malignancy
355,LIDC-IDRI-0353,0,84,./lidc_patches_all\LIDC-IDRI-0353\LIDC-IDRI-0353_n0_k84_img.png,./lidc_patches_all\LIDC-IDRI-0353\LIDC-IDRI-0353_n0_k84_mask.png,14.83154296875,329,130,348,151,5,1,3,4,5,1,1,5,1
355,LIDC-IDRI-0353,1,107,./lidc_patches_all\LIDC-IDRI-0353\LIDC-IDRI-0353_n1_k107_img.png,./lidc_patches_all\LIDC-IDRI-0353\LIDC-IDRI-0353_n1_k107_mask.png,36.58447265625,165,133,188,156,5,1,6,4,4,1,1,5,3
355,LIDC-IDRI-0353,2,198,./lidc_patches_all\LIDC-IDRI-0353\LIDC-IDRI-0353_n2_k198_img.png,./lidc_patches_all\LIDC-IDRI-0353\LIDC-IDRI-0353_n2_k198_mask.png,101.348876953125,245,375,280,416,5,1,6,3,2,3,3,4,4
355,LIDC-IDRI-0353,2,199,./lidc_patches_all\LIDC-IDRI-0353\LIDC-IDRI-0353_n2_k199_img.png,./lidc_patches_all\LIDC-IDRI-0353\LIDC-IDRI-0353_n2_k199_mask.png,99.86572265625,245,375,280,416,5,1,6,3,2,3,3,4,4
