scan_id,patient_id,nodule_index,k_global,img_path,mask_path,area_mm2,nodule_bbox_xmin,nodule_bbox_ymin,nodule_bbox_xmax,nodule_bbox_ymax,ann_subtlety,ann_internalStructure,ann_calcification,ann_sphericity,ann_margin,ann_lobulation,ann_spiculation,ann_texture,ann_malignancy
193,LIDC-IDRI-0192,0,76,./lidc_patches_all\LIDC-IDRI-0192\LIDC-IDRI-0192_n0_k76_img.png,./lidc_patches_all\LIDC-IDRI-0192\LIDC-IDRI-0192_n0_k76_mask.png,8.8623046875,240,329,256,345,1,1,6,5,5,1,1,5,2
193,LIDC-IDRI-0192,1,78,./lidc_patches_all\LIDC-IDRI-0192\LIDC-IDRI-0192_n1_k78_img.png,./lidc_patches_all\LIDC-IDRI-0192\LIDC-IDRI-0192_n1_k78_mask.png,14.7705078125,270,393,288,410,1,1,6,5,5,1,1,5,2
193,LIDC-IDRI-0192,2,118,./lidc_patches_all\LIDC-IDRI-0192\LIDC-IDRI-0192_n2_k118_img.png,./lidc_patches_all\LIDC-IDRI-0192\LIDC-IDRI-0192_n2_k118_mask.png,50.2197265625,337,132,365,166,4,1,6,4,4,2,1,5,3
193,LIDC-IDRI-0192,3,143,./lidc_patches_all\LIDC-IDRI-0192\LIDC-IDRI-0192_n3_k143_img.png,./lidc_patches_all\LIDC-IDRI-0192\LIDC-IDRI-0192_n3_k143_mask.png,33.233642578125,338,204,359,225,4,1,6,4,5,1,2,5,3
193,LIDC-IDRI-0192,4,165,./lidc_patches_all\LIDC-IDRI-0192\LIDC-IDRI-0192_n4_k165_img.png,./lidc_patches_all\LIDC-IDRI-0192\LIDC-IDRI-0192_n4_k165_mask.png,24.371337890625,315,223,334,242,3,1,6,5,5,1,1,5,3
