scan_id,patient_id,nodule_index,k_global,img_path,mask_path,area_mm2,nodule_bbox_xmin,nodule_bbox_ymin,nodule_bbox_xmax,nodule_bbox_ymax,ann_subtlety,ann_internalStructure,ann_calcification,ann_sphericity,ann_margin,ann_lobulation,ann_spiculation,ann_texture,ann_malignancy
222,LIDC-IDRI-0221,0,101,./lidc_patches_all\LIDC-IDRI-0221\LIDC-IDRI-0221_n0_k101_img.png,./lidc_patches_all\LIDC-IDRI-0221\LIDC-IDRI-0221_n0_k101_mask.png,284.423828125,231,357,284,402,5,1,6,4,4,3,4,5,5
222,LIDC-IDRI-0221,0,102,./lidc_patches_all\LIDC-IDRI-0221\LIDC-IDRI-0221_n0_k102_img.png,./lidc_patches_all\LIDC-IDRI-0221\LIDC-IDRI-0221_n0_k102_mask.png,358.88671875,231,357,284,402,5,1,6,4,4,3,4,5,5
222,LIDC-IDRI-0221,0,103,./lidc_patches_all\LIDC-IDRI-0221\LIDC-IDRI-0221_n0_k103_img.png,./lidc_patches_all\LIDC-IDRI-0221\LIDC-IDRI-0221_n0_k103_mask.png,375.3662109375,231,357,284,402,5,1,6,4,4,3,4,5,5
222,LIDC-IDRI-0221,0,104,./lidc_patches_all\LIDC-IDRI-0221\LIDC-IDRI-0221_n0_k104_img.png,./lidc_patches_all\LIDC-IDRI-0221\LIDC-IDRI-0221_n0_k104_mask.png,363.76953125,231,357,284,402,5,1,6,4,4,3,4,5,5
222,LIDC-IDRI-0221,0,105,./lidc_patches_all\LIDC-IDRI-0221\LIDC-IDRI-0221_n0_k105_img.png,./lidc_patches_all\LIDC-IDRI-0221\LIDC-IDRI-0221_n0_k105_mask.png,339.35546875,231,357,284,402,5,1,6,4,4,3,4,5,5
