scan_id,patient_id,nodule_index,k_global,img_path,mask_path,area_mm2,nodule_bbox_xmin,nodule_bbox_ymin,nodule_bbox_xmax,nodule_bbox_ymax,ann_subtlety,ann_internalStructure,ann_calcification,ann_sphericity,ann_margin,ann_lobulation,ann_spiculation,ann_texture,ann_malignancy
54,LIDC-IDRI-0043,0,56,./lidc_patches_all\LIDC-IDRI-0043\LIDC-IDRI-0043_n0_k56_img.png,./lidc_patches_all\LIDC-IDRI-0043\LIDC-IDRI-0043_n0_k56_mask.png,47.923343378927996,312,388,336,415,4,1,6,4,4,1,1,5,3
54,LIDC-IDRI-0043,1,83,./lidc_patches_all\LIDC-IDRI-0043\LIDC-IDRI-0043_n1_k83_img.png,./lidc_patches_all\LIDC-IDRI-0043\LIDC-IDRI-0043_n1_k83_mask.png,96.39752978519999,199,118,235,154,4,1,6,4,5,2,1,5,3
54,LIDC-IDRI-0043,1,84,./lidc_patches_all\LIDC-IDRI-0043\LIDC-IDRI-0043_n1_k84_img.png,./lidc_patches_all\LIDC-IDRI-0043\LIDC-IDRI-0043_n1_k84_mask.png,89.78741345707199,199,118,235,154,4,1,6,4,5,2,1,5,3
54,LIDC-IDRI-0043,1,85,./lidc_patches_all\LIDC-IDRI-0043\LIDC-IDRI-0043_n1_k85_img.png,./lidc_patches_all\LIDC-IDRI-0043\LIDC-IDRI-0043_n1_k85_mask.png,113.47366363286399,199,118,235,154,4,1,6,4,5,2,1,5,3
54,LIDC-IDRI-0043,1,86,./lidc_patches_all\LIDC-IDRI-0043\LIDC-IDRI-0043_n1_k86_img.png,./lidc_patches_all\LIDC-IDRI-0043\LIDC-IDRI-0043_n1_k86_mask.png,99.15174492191998,199,118,235,154,4,1,6,4,5,2,1,5,3
54,LIDC-IDRI-0043,1,87,./lidc_patches_all\LIDC-IDRI-0043\LIDC-IDRI-0043_n1_k87_img.png,./lidc_patches_all\LIDC-IDRI-0043\LIDC-IDRI-0043_n1_k87_mask.png,77.11802382815999,199,118,235,154,4,1,6,4,5,2,1,5,3
54,LIDC-IDRI-0043,2,89,./lidc_patches_all\LIDC-IDRI-0043\LIDC-IDRI-0043_n2_k89_img.png,./lidc_patches_all\LIDC-IDRI-0043\LIDC-IDRI-0043_n2_k89_mask.png,124.49052417974399,287,120,327,159,5,1,6,4,4,4,2,5,4
54,LIDC-IDRI-0043,2,90,./lidc_patches_all\LIDC-IDRI-0043\LIDC-IDRI-0043_n2_k90_img.png,./lidc_patches_all\LIDC-IDRI-0043\LIDC-IDRI-0043_n2_k90_mask.png,171.31218150398396,287,120,327,159,5,1,6,4,4,4,2,5,4
54,LIDC-IDRI-0043,2,91,./lidc_patches_all\LIDC-IDRI-0043\LIDC-IDRI-0043_n2_k91_img.png,./lidc_patches_all\LIDC-IDRI-0043\LIDC-IDRI-0043_n2_k91_mask.png,197.75264681649597,287,120,327,159,5,1,6,4,4,4,2,5,4
54,LIDC-IDRI-0043,2,92,./lidc_patches_all\LIDC-IDRI-0043\LIDC-IDRI-0043_n2_k92_img.png,./lidc_patches_all\LIDC-IDRI-0043\LIDC-IDRI-0043_n2_k92_mask.png,176.82061177742398,287,120,327,159,5,1,6,4,4,4,2,5,4
54,LIDC-IDRI-0043,2,93,./lidc_patches_all\LIDC-IDRI-0043\LIDC-IDRI-0043_n2_k93_img.png,./lidc_patches_all\LIDC-IDRI-0043\LIDC-IDRI-0043_n2_k93_mask.png,129.99895445318398,287,120,327,159,5,1,6,4,4,4,2,5,4
