scan_id,patient_id,nodule_index,k_global,img_path,mask_path,area_mm2,nodule_bbox_xmin,nodule_bbox_ymin,nodule_bbox_xmax,nodule_bbox_ymax,ann_subtlety,ann_internalStructure,ann_calcification,ann_sphericity,ann_margin,ann_lobulation,ann_spiculation,ann_texture,ann_malignancy
53,LIDC-IDRI-0042,0,39,./lidc_patches_all\LIDC-IDRI-0042\LIDC-IDRI-0042_n0_k39_img.png,./lidc_patches_all\LIDC-IDRI-0042\LIDC-IDRI-0042_n0_k39_mask.png,22.247314453125,350,152,370,172,4,1,6,4,4,1,1,4,3
53,LIDC-IDRI-0042,1,41,./lidc_patches_all\LIDC-IDRI-0042\LIDC-IDRI-0042_n1_k41_img.png,./lidc_patches_all\LIDC-IDRI-0042\LIDC-IDRI-0042_n1_k41_mask.png,20.76416015625,326,404,347,423,4,1,6,4,2,1,1,4,3
53,LIDC-IDRI-0042,2,42,./lidc_patches_all\LIDC-IDRI-0042\LIDC-IDRI-0042_n2_k42_img.png,./lidc_patches_all\LIDC-IDRI-0042\LIDC-IDRI-0042_n2_k42_mask.png,21.258544921875,338,291,359,311,3,1,6,4,4,1,1,5,3
53,LIDC-IDRI-0042,3,48,./lidc_patches_all\LIDC-IDRI-0042\LIDC-IDRI-0042_n3_k48_img.png,./lidc_patches_all\LIDC-IDRI-0042\LIDC-IDRI-0042_n3_k48_mask.png,35.101318359375,256,165,279,190,4,1,6,4,3,1,3,4,3
53,LIDC-IDRI-0042,4,48,./lidc_patches_all\LIDC-IDRI-0042\LIDC-IDRI-0042_n4_k48_img.png,./lidc_patches_all\LIDC-IDRI-0042\LIDC-IDRI-0042_n4_k48_mask.png,20.269775390625,368,347,387,368,4,1,6,3,2,1,1,4,3
53,LIDC-IDRI-0042,5,60,./lidc_patches_all\LIDC-IDRI-0042\LIDC-IDRI-0042_n5_k60_img.png,./lidc_patches_all\LIDC-IDRI-0042\LIDC-IDRI-0042_n5_k60_mask.png,29.168701171875,175,148,195,169,2,1,6,4,2,1,1,2,2
53,LIDC-IDRI-0042,6,66,./lidc_patches_all\LIDC-IDRI-0042\LIDC-IDRI-0042_n6_k66_img.png,./lidc_patches_all\LIDC-IDRI-0042\LIDC-IDRI-0042_n6_k66_mask.png,17.7978515625,366,310,386,328,4,1,6,4,4,1,1,4,3
53,LIDC-IDRI-0042,7,77,./lidc_patches_all\LIDC-IDRI-0042\LIDC-IDRI-0042_n7_k77_img.png,./lidc_patches_all\LIDC-IDRI-0042\LIDC-IDRI-0042_n7_k77_mask.png,22.247314453125,366,148,386,167,2,1,6,4,2,2,1,4,2
53,LIDC-IDRI-0042,8,78,./lidc_patches_all\LIDC-IDRI-0042\LIDC-IDRI-0042_n8_k78_img.png,./lidc_patches_all\LIDC-IDRI-0042\LIDC-IDRI-0042_n8_k78_mask.png,24.71923828125,357,279,377,299,4,1,6,5,5,1,1,5,3
53,LIDC-IDRI-0042,9,85,./lidc_patches_all\LIDC-IDRI-0042\LIDC-IDRI-0042_n9_k85_img.png,./lidc_patches_all\LIDC-IDRI-0042\LIDC-IDRI-0042_n9_k85_mask.png,13.8427734375,269,390,287,408,2,1,6,4,3,1,1,2,2
