scan_id,patient_id,nodule_index,k_global,img_path,mask_path,area_mm2,nodule_bbox_xmin,nodule_bbox_ymin,nodule_bbox_xmax,nodule_bbox_ymax,ann_subtlety,ann_internalStructure,ann_calcification,ann_sphericity,ann_margin,ann_lobulation,ann_spiculation,ann_texture,ann_malignancy
493,LIDC-IDRI-0487,0,54,./lidc_patches_all\LIDC-IDRI-0487\LIDC-IDRI-0487_n0_k54_img.png,./lidc_patches_all\LIDC-IDRI-0487\LIDC-IDRI-0487_n0_k54_mask.png,29.10748291015625,214,5,244,33,4,1,6,4,4,1,1,5,3
493,LIDC-IDRI-0487,1,131,./lidc_patches_all\LIDC-IDRI-0487\LIDC-IDRI-0487_n1_k131_img.png,./lidc_patches_all\LIDC-IDRI-0487\LIDC-IDRI-0487_n1_k131_mask.png,5.73651123046875,78,398,96,417,5,1,6,5,5,1,1,5,3
493,LIDC-IDRI-0487,2,133,./lidc_patches_all\LIDC-IDRI-0487\LIDC-IDRI-0487_n2_k133_img.png,./lidc_patches_all\LIDC-IDRI-0487\LIDC-IDRI-0487_n2_k133_mask.png,23.7958984375,154,30,182,56,3,1,6,3,3,3,4,5,3
493,LIDC-IDRI-0487,3,172,./lidc_patches_all\LIDC-IDRI-0487\LIDC-IDRI-0487_n3_k172_img.png,./lidc_patches_all\LIDC-IDRI-0487\LIDC-IDRI-0487_n3_k172_mask.png,8.28607177734375,91,156,111,175,5,1,6,5,5,1,1,5,3
493,LIDC-IDRI-0487,4,178,./lidc_patches_all\LIDC-IDRI-0487\LIDC-IDRI-0487_n4_k178_img.png,./lidc_patches_all\LIDC-IDRI-0487\LIDC-IDRI-0487_n4_k178_mask.png,30.1697998046875,415,318,445,350,5,1,6,3,1,1,1,4,2
493,LIDC-IDRI-0487,5,200,./lidc_patches_all\LIDC-IDRI-0487\LIDC-IDRI-0487_n5_k200_img.png,./lidc_patches_all\LIDC-IDRI-0487\LIDC-IDRI-0487_n5_k200_mask.png,10.83563232421875,134,110,159,137,4,1,4,3,4,1,1,5,2
493,LIDC-IDRI-0487,6,317,./lidc_patches_all\LIDC-IDRI-0487\LIDC-IDRI-0487_n6_k317_img.png,./lidc_patches_all\LIDC-IDRI-0487\LIDC-IDRI-0487_n6_k317_mask.png,12.3228759765625,367,94,390,118,5,1,6,3,4,1,1,5,3
493,LIDC-IDRI-0487,7,317,./lidc_patches_all\LIDC-IDRI-0487\LIDC-IDRI-0487_n7_k317_img.png,./lidc_patches_all\LIDC-IDRI-0487\LIDC-IDRI-0487_n7_k317_mask.png,14.0225830078125,351,79,376,103,5,1,6,3,3,1,1,5,3
493,LIDC-IDRI-0487,8,335,./lidc_patches_all\LIDC-IDRI-0487\LIDC-IDRI-0487_n8_k335_img.png,./lidc_patches_all\LIDC-IDRI-0487\LIDC-IDRI-0487_n8_k335_mask.png,8.28607177734375,375,170,395,191,5,1,6,4,4,1,1,5,3
