scan_id,patient_id,nodule_index,k_global,img_path,mask_path,area_mm2,nodule_bbox_xmin,nodule_bbox_ymin,nodule_bbox_xmax,nodule_bbox_ymax,ann_subtlety,ann_internalStructure,ann_calcification,ann_sphericity,ann_margin,ann_lobulation,ann_spiculation,ann_texture,ann_malignancy
7,LIDC-IDRI-0132,0,73,./lidc_patches_all\LIDC-IDRI-0132\LIDC-IDRI-0132_n0_k73_img.png,./lidc_patches_all\LIDC-IDRI-0132\LIDC-IDRI-0132_n0_k73_mask.png,16.443729400634766,391,116,416,140,3,1,6,4,4,2,2,5,2
7,LIDC-IDRI-0132,1,92,./lidc_patches_all\LIDC-IDRI-0132\LIDC-IDRI-0132_n1_k92_img.png,./lidc_patches_all\LIDC-IDRI-0132\LIDC-IDRI-0132_n1_k92_mask.png,20.194053649902344,405,124,426,147,4,1,6,3,4,2,1,5,2
7,LIDC-IDRI-0132,2,93,./lidc_patches_all\LIDC-IDRI-0132\LIDC-IDRI-0132_n2_k93_img.png,./lidc_patches_all\LIDC-IDRI-0132\LIDC-IDRI-0132_n2_k93_mask.png,43.272972106933594,321,130,352,155,4,1,6,3,2,4,3,5,3
7,LIDC-IDRI-0132,3,96,./lidc_patches_all\LIDC-IDRI-0132\LIDC-IDRI-0132_n3_k96_img.png,./lidc_patches_all\LIDC-IDRI-0132\LIDC-IDRI-0132_n3_k96_mask.png,218.96123886108398,345,377,395,450,5,1,6,4,4,2,2,5,4
7,LIDC-IDRI-0132,3,97,./lidc_patches_all\LIDC-IDRI-0132\LIDC-IDRI-0132_n3_k97_img.png,./lidc_patches_all\LIDC-IDRI-0132\LIDC-IDRI-0132_n3_k97_mask.png,272.90821075439453,345,377,395,450,5,1,6,4,4,2,2,5,4
7,LIDC-IDRI-0132,3,98,./lidc_patches_all\LIDC-IDRI-0132\LIDC-IDRI-0132_n3_k98_img.png,./lidc_patches_all\LIDC-IDRI-0132\LIDC-IDRI-0132_n3_k98_mask.png,231.36615753173828,345,377,395,450,5,1,6,4,4,2,2,5,4
7,LIDC-IDRI-0132,3,99,./lidc_patches_all\LIDC-IDRI-0132\LIDC-IDRI-0132_n3_k99_img.png,./lidc_patches_all\LIDC-IDRI-0132\LIDC-IDRI-0132_n3_k99_mask.png,172.80340194702148,345,377,395,450,5,1,6,4,4,2,2,5,4
7,LIDC-IDRI-0132,4,110,./lidc_patches_all\LIDC-IDRI-0132\LIDC-IDRI-0132_n4_k110_img.png,./lidc_patches_all\LIDC-IDRI-0132\LIDC-IDRI-0132_n4_k110_mask.png,37.79172897338867,328,218,356,242,4,1,6,3,1,3,3,2,4
7,LIDC-IDRI-0132,5,111,./lidc_patches_all\LIDC-IDRI-0132\LIDC-IDRI-0132_n5_k111_img.png,./lidc_patches_all\LIDC-IDRI-0132\LIDC-IDRI-0132_n5_k111_mask.png,27.6947021484375,354,145,380,170,4,1,6,2,3,3,3,5,3
136,LIDC-IDRI-0132,0,57,./lidc_patches_all\LIDC-IDRI-0132\LIDC-IDRI-0132_n0_k57_img.png,./lidc_patches_all\LIDC-IDRI-0132\LIDC-IDRI-0132_n0_k57_mask.png,25.1220703125,420,330,443,353,4,1,6,4,4,1,1,4,4
136,LIDC-IDRI-0132,1,64,./lidc_patches_all\LIDC-IDRI-0132\LIDC-IDRI-0132_n1_k64_img.png,./lidc_patches_all\LIDC-IDRI-0132\LIDC-IDRI-0132_n1_k64_mask.png,21.234130859375,381,115,408,137,4,1,6,4,4,2,1,4,4
136,LIDC-IDRI-0132,2,69,./lidc_patches_all\LIDC-IDRI-0132\LIDC-IDRI-0132_n2_k69_img.png,./lidc_patches_all\LIDC-IDRI-0132\LIDC-IDRI-0132_n2_k69_mask.png,9.271240234375,417,358,435,377,5,1,6,5,5,1,1,4,3
136,LIDC-IDRI-0132,3,75,./lidc_patches_all\LIDC-IDRI-0132\LIDC-IDRI-0132_n3_k75_img.png,./lidc_patches_all\LIDC-IDRI-0132\LIDC-IDRI-0132_n3_k75_mask.png,83.740234375,358,89,394,125,5,2,6,5,5,1,1,5,4
136,LIDC-IDRI-0132,3,76,./lidc_patches_all\LIDC-IDRI-0132\LIDC-IDRI-0132_n3_k76_img.png,./lidc_patches_all\LIDC-IDRI-0132\LIDC-IDRI-0132_n3_k76_mask.png,77.16064453125,358,89,394,125,5,2,6,5,5,1,1,5,4
136,LIDC-IDRI-0132,3,77,./lidc_patches_all\LIDC-IDRI-0132\LIDC-IDRI-0132_n3_k77_img.png,./lidc_patches_all\LIDC-IDRI-0132\LIDC-IDRI-0132_n3_k77_mask.png,55.926513671875,358,89,394,125,5,2,6,5,5,1,1,5,4
136,LIDC-IDRI-0132,4,79,./lidc_patches_all\LIDC-IDRI-0132\LIDC-IDRI-0132_n4_k79_img.png,./lidc_patches_all\LIDC-IDRI-0132\LIDC-IDRI-0132_n4_k79_mask.png,31.70166015625,357,164,379,191,4,1,6,3,4,1,1,5,4
136,LIDC-IDRI-0132,5,83,./lidc_patches_all\LIDC-IDRI-0132\LIDC-IDRI-0132_n5_k83_img.png,./lidc_patches_all\LIDC-IDRI-0132\LIDC-IDRI-0132_n5_k83_mask.png,16.748046875,404,125,423,148,3,1,6,3,4,1,1,5,3
136,LIDC-IDRI-0132,6,87,./lidc_patches_all\LIDC-IDRI-0132\LIDC-IDRI-0132_n6_k87_img.png,./lidc_patches_all\LIDC-IDRI-0132\LIDC-IDRI-0132_n6_k87_mask.png,255.108642578125,341,382,395,443,5,2,6,4,4,4,2,4,4
136,LIDC-IDRI-0132,6,88,./lidc_patches_all\LIDC-IDRI-0132\LIDC-IDRI-0132_n6_k88_img.png,./lidc_patches_all\LIDC-IDRI-0132\LIDC-IDRI-0132_n6_k88_mask.png,290.997314453125,341,382,395,443,5,2,6,4,4,4,2,4,4
136,LIDC-IDRI-0132,6,89,./lidc_patches_all\LIDC-IDRI-0132\LIDC-IDRI-0132_n6_k89_img.png,./lidc_patches_all\LIDC-IDRI-0132\LIDC-IDRI-0132_n6_k89_mask.png,301.46484375,341,382,395,443,5,2,6,4,4,4,2,4,4
136,LIDC-IDRI-0132,6,90,./lidc_patches_all\LIDC-IDRI-0132\LIDC-IDRI-0132_n6_k90_img.png,./lidc_patches_all\LIDC-IDRI-0132\LIDC-IDRI-0132_n6_k90_mask.png,232.080078125,341,382,395,443,5,2,6,4,4,4,2,4,4
136,LIDC-IDRI-0132,6,91,./lidc_patches_all\LIDC-IDRI-0132\LIDC-IDRI-0132_n6_k91_img.png,./lidc_patches_all\LIDC-IDRI-0132\LIDC-IDRI-0132_n6_k91_mask.png,144.7509765625,341,382,395,443,5,2,6,4,4,4,2,4,4
136,LIDC-IDRI-0132,7,102,./lidc_patches_all\LIDC-IDRI-0132\LIDC-IDRI-0132_n7_k102_img.png,./lidc_patches_all\LIDC-IDRI-0132\LIDC-IDRI-0132_n7_k102_mask.png,16.14990234375,344,299,365,320,4,1,6,5,5,1,1,5,2
