scan_id,patient_id,nodule_index,k_global,img_path,mask_path,area_mm2,nodule_bbox_xmin,nodule_bbox_ymin,nodule_bbox_xmax,nodule_bbox_ymax,ann_subtlety,ann_internalStructure,ann_calcification,ann_sphericity,ann_margin,ann_lobulation,ann_spiculation,ann_texture,ann_malignancy
184,LIDC-IDRI-0183,0,95,./lidc_patches_all\LIDC-IDRI-0183\LIDC-IDRI-0183_n0_k95_img.png,./lidc_patches_all\LIDC-IDRI-0183\LIDC-IDRI-0183_n0_k95_mask.png,20.187353320320003,265,371,286,390,3,1,6,4,5,2,1,5,3
184,LIDC-IDRI-0183,1,112,./lidc_patches_all\LIDC-IDRI-0183\LIDC-IDRI-0183_n1_k112_img.png,./lidc_patches_all\LIDC-IDRI-0183\LIDC-IDRI-0183_n1_k112_mask.png,130.54488480473603,320,148,380,191,5,1,6,2,4,3,4,5,4
184,LIDC-IDRI-0183,1,113,./lidc_patches_all\LIDC-IDRI-0183\LIDC-IDRI-0183_n1_k113_img.png,./lidc_patches_all\LIDC-IDRI-0183\LIDC-IDRI-0183_n1_k113_mask.png,150.73223812505603,320,148,380,191,5,1,6,2,4,3,4,5,4
184,LIDC-IDRI-0183,1,114,./lidc_patches_all\LIDC-IDRI-0183\LIDC-IDRI-0183_n1_k114_img.png,./lidc_patches_all\LIDC-IDRI-0183\LIDC-IDRI-0183_n1_k114_mask.png,172.26541500006402,320,148,380,191,5,1,6,2,4,3,4,5,4
184,LIDC-IDRI-0183,1,115,./lidc_patches_all\LIDC-IDRI-0183\LIDC-IDRI-0183_n1_k115_img.png,./lidc_patches_all\LIDC-IDRI-0183\LIDC-IDRI-0183_n1_k115_mask.png,89.49726638675202,320,148,380,191,5,1,6,2,4,3,4,5,4
