scan_id,patient_id,nodule_index,k_global,img_path,mask_path,area_mm2,nodule_bbox_xmin,nodule_bbox_ymin,nodule_bbox_xmax,nodule_bbox_ymax,ann_subtlety,ann_internalStructure,ann_calcification,ann_sphericity,ann_margin,ann_lobulation,ann_spiculation,ann_texture,ann_malignancy
294,LIDC-IDRI-0294,0,96,./lidc_patches_all\LIDC-IDRI-0294\LIDC-IDRI-0294_n0_k96_img.png,./lidc_patches_all\LIDC-IDRI-0294\LIDC-IDRI-0294_n0_k96_mask.png,11.8621826171875,411,83,431,102,2,1,6,4,3,1,1,4,2
294,LIDC-IDRI-0294,1,102,./lidc_patches_all\LIDC-IDRI-0294\LIDC-IDRI-0294_n1_k102_img.png,./lidc_patches_all\LIDC-IDRI-0294\LIDC-IDRI-0294_n1_k102_mask.png,162.71820068359375,184,288,230,339,5,1,5,4,4,3,2,5,4
294,LIDC-IDRI-0294,1,103,./lidc_patches_all\LIDC-IDRI-0294\LIDC-IDRI-0294_n1_k103_img.png,./lidc_patches_all\LIDC-IDRI-0294\LIDC-IDRI-0294_n1_k103_mask.png,193.4051513671875,184,288,230,339,5,1,5,4,4,3,2,5,4
294,LIDC-IDRI-0294,1,104,./lidc_patches_all\LIDC-IDRI-0294\LIDC-IDRI-0294_n1_k104_img.png,./lidc_patches_all\LIDC-IDRI-0294\LIDC-IDRI-0294_n1_k104_mask.png,212.48779296875,184,288,230,339,5,1,5,4,4,3,2,5,4
294,LIDC-IDRI-0294,1,105,./lidc_patches_all\LIDC-IDRI-0294\LIDC-IDRI-0294_n1_k105_img.png,./lidc_patches_all\LIDC-IDRI-0294\LIDC-IDRI-0294_n1_k105_mask.png,204.7515869140625,184,288,230,339,5,1,5,4,4,3,2,5,4
294,LIDC-IDRI-0294,1,106,./lidc_patches_all\LIDC-IDRI-0294\LIDC-IDRI-0294_n1_k106_img.png,./lidc_patches_all\LIDC-IDRI-0294\LIDC-IDRI-0294_n1_k106_mask.png,160.13946533203125,184,288,230,339,5,1,5,4,4,3,2,5,4
