scan_id,patient_id,nodule_index,k_global,img_path,mask_path,area_mm2,nodule_bbox_xmin,nodule_bbox_ymin,nodule_bbox_xmax,nodule_bbox_ymax,ann_subtlety,ann_internalStructure,ann_calcification,ann_sphericity,ann_margin,ann_lobulation,ann_spiculation,ann_texture,ann_malignancy
90,LIDC-IDRI-0082,0,169,./lidc_patches_all\LIDC-IDRI-0082\LIDC-IDRI-0082_n0_k169_img.png,./lidc_patches_all\LIDC-IDRI-0082\LIDC-IDRI-0082_n0_k169_mask.png,134.47265625,310,85,358,136,5,1,6,4,4,2,5,5,5
90,LIDC-IDRI-0082,0,170,./lidc_patches_all\LIDC-IDRI-0082\LIDC-IDRI-0082_n0_k170_img.png,./lidc_patches_all\LIDC-IDRI-0082\LIDC-IDRI-0082_n0_k170_mask.png,213.57421875,310,85,358,136,5,1,6,4,4,2,5,5,5
90,LIDC-IDRI-0082,0,171,./lidc_patches_all\LIDC-IDRI-0082\LIDC-IDRI-0082_n0_k171_img.png,./lidc_patches_all\LIDC-IDRI-0082\LIDC-IDRI-0082_n0_k171_mask.png,291.68701171875,310,85,358,136,5,1,6,4,4,2,5,5,5
90,LIDC-IDRI-0082,0,172,./lidc_patches_all\LIDC-IDRI-0082\LIDC-IDRI-0082_n0_k172_img.png,./lidc_patches_all\LIDC-IDRI-0082\LIDC-IDRI-0082_n0_k172_mask.png,256.585693359375,310,85,358,136,5,1,6,4,4,2,5,5,5
90,LIDC-IDRI-0082,0,173,./lidc_patches_all\LIDC-IDRI-0082\LIDC-IDRI-0082_n0_k173_img.png,./lidc_patches_all\LIDC-IDRI-0082\LIDC-IDRI-0082_n0_k173_mask.png,233.349609375,310,85,358,136,5,1,6,4,4,2,5,5,5
