scan_id,patient_id,nodule_index,k_global,img_path,mask_path,area_mm2,nodule_bbox_xmin,nodule_bbox_ymin,nodule_bbox_xmax,nodule_bbox_ymax,ann_subtlety,ann_internalStructure,ann_calcification,ann_sphericity,ann_margin,ann_lobulation,ann_spiculation,ann_texture,ann_malignancy
51,LIDC-IDRI-0040,0,34,./lidc_patches_all\LIDC-IDRI-0040\LIDC-IDRI-0040_n0_k34_img.png,./lidc_patches_all\LIDC-IDRI-0040\LIDC-IDRI-0040_n0_k34_mask.png,10.142501816412,425,162,441,180,1,1,3,2,5,1,1,5,1
51,LIDC-IDRI-0040,1,43,./lidc_patches_all\LIDC-IDRI-0040\LIDC-IDRI-0040_n1_k43_img.png,./lidc_patches_all\LIDC-IDRI-0040\LIDC-IDRI-0040_n1_k43_mask.png,24.694787031264003,376,90,399,113,3,1,6,4,4,1,1,4,3
51,LIDC-IDRI-0040,2,44,./lidc_patches_all\LIDC-IDRI-0040\LIDC-IDRI-0040_n2_k44_img.png,./lidc_patches_all\LIDC-IDRI-0040\LIDC-IDRI-0040_n2_k44_mask.png,10.583480156256002,362,119,380,137,1,1,6,2,4,1,1,4,3
51,LIDC-IDRI-0040,3,67,./lidc_patches_all\LIDC-IDRI-0040\LIDC-IDRI-0040_n3_k67_img.png,./lidc_patches_all\LIDC-IDRI-0040\LIDC-IDRI-0040_n3_k67_mask.png,10.583480156256002,223,110,240,129,2,1,6,3,4,1,1,5,3
