scan_id,patient_id,nodule_index,k_global,img_path,mask_path,area_mm2,nodule_bbox_xmin,nodule_bbox_ymin,nodule_bbox_xmax,nodule_bbox_ymax,ann_subtlety,ann_internalStructure,ann_calcification,ann_sphericity,ann_margin,ann_lobulation,ann_spiculation,ann_texture,ann_malignancy
315,LIDC-IDRI-0315,0,40,./lidc_patches_all\LIDC-IDRI-0315\LIDC-IDRI-0315_n0_k40_img.png,./lidc_patches_all\LIDC-IDRI-0315\LIDC-IDRI-0315_n0_k40_mask.png,28.352828979492188,201,425,221,448,4,1,6,2,4,2,1,5,2
315,LIDC-IDRI-0315,1,63,./lidc_patches_all\LIDC-IDRI-0315\LIDC-IDRI-0315_n1_k63_img.png,./lidc_patches_all\LIDC-IDRI-0315\LIDC-IDRI-0315_n1_k63_mask.png,27.064064025878906,162,150,187,170,5,1,6,5,5,4,1,5,3
315,LIDC-IDRI-0315,2,71,./lidc_patches_all\LIDC-IDRI-0315\LIDC-IDRI-0315_n2_k71_img.png,./lidc_patches_all\LIDC-IDRI-0315\LIDC-IDRI-0315_n2_k71_mask.png,9.021354675292969,170,111,186,127,2,1,6,4,4,1,1,1,3
315,LIDC-IDRI-0315,3,72,./lidc_patches_all\LIDC-IDRI-0315\LIDC-IDRI-0315_n3_k72_img.png,./lidc_patches_all\LIDC-IDRI-0315\LIDC-IDRI-0315_n3_k72_mask.png,81.19219207763672,327,297,362,325,4,1,6,4,4,3,2,4,4
315,LIDC-IDRI-0315,3,73,./lidc_patches_all\LIDC-IDRI-0315\LIDC-IDRI-0315_n3_k73_img.png,./lidc_patches_all\LIDC-IDRI-0315\LIDC-IDRI-0315_n3_k73_mask.png,108.25625610351562,327,297,362,325,4,1,6,4,4,3,2,4,4
315,LIDC-IDRI-0315,3,74,./lidc_patches_all\LIDC-IDRI-0315\LIDC-IDRI-0315_n3_k74_img.png,./lidc_patches_all\LIDC-IDRI-0315\LIDC-IDRI-0315_n3_k74_mask.png,67.01577758789062,327,297,362,325,4,1,6,4,4,3,2,4,4
315,LIDC-IDRI-0315,4,83,./lidc_patches_all\LIDC-IDRI-0315\LIDC-IDRI-0315_n4_k83_img.png,./lidc_patches_all\LIDC-IDRI-0315\LIDC-IDRI-0315_n4_k83_mask.png,41.88486099243164,319,115,342,139,3,1,6,3,4,2,2,4,2
315,LIDC-IDRI-0315,5,85,./lidc_patches_all\LIDC-IDRI-0315\LIDC-IDRI-0315_n5_k85_img.png,./lidc_patches_all\LIDC-IDRI-0315\LIDC-IDRI-0315_n5_k85_mask.png,47.684303283691406,342,311,362,336,4,1,6,4,4,2,3,4,3
315,LIDC-IDRI-0315,6,105,./lidc_patches_all\LIDC-IDRI-0315\LIDC-IDRI-0315_n6_k105_img.png,./lidc_patches_all\LIDC-IDRI-0315\LIDC-IDRI-0315_n6_k105_mask.png,28.997211456298828,296,273,322,295,3,1,6,4,4,1,2,5,2
316,LIDC-IDRI-0315,0,66,./lidc_patches_all\LIDC-IDRI-0315\LIDC-IDRI-0315_n0_k66_img.png,./lidc_patches_all\LIDC-IDRI-0315\LIDC-IDRI-0315_n0_k66_mask.png,178.66352700000002,339,306,380,339,5,1,6,3,2,2,3,4,4
316,LIDC-IDRI-0315,0,67,./lidc_patches_all\LIDC-IDRI-0315\LIDC-IDRI-0315_n0_k67_img.png,./lidc_patches_all\LIDC-IDRI-0315\LIDC-IDRI-0315_n0_k67_mask.png,156.87529200000003,339,306,380,339,5,1,6,3,2,2,3,4,4
316,LIDC-IDRI-0315,0,68,./lidc_patches_all\LIDC-IDRI-0315\LIDC-IDRI-0315_n0_k68_img.png,./lidc_patches_all\LIDC-IDRI-0315\LIDC-IDRI-0315_n0_k68_mask.png,86.53041900000001,339,306,380,339,5,1,6,3,2,2,3,4,4
316,LIDC-IDRI-0315,1,70,./lidc_patches_all\LIDC-IDRI-0315\LIDC-IDRI-0315_n1_k70_img.png,./lidc_patches_all\LIDC-IDRI-0315\LIDC-IDRI-0315_n1_k70_mask.png,10.582857000000002,155,142,173,161,3,1,6,4,4,1,1,4,2
316,LIDC-IDRI-0315,2,76,./lidc_patches_all\LIDC-IDRI-0315\LIDC-IDRI-0315_n2_k76_img.png,./lidc_patches_all\LIDC-IDRI-0315\LIDC-IDRI-0315_n2_k76_mask.png,28.013445000000004,364,329,385,353,4,1,6,4,4,2,1,5,3
316,LIDC-IDRI-0315,3,82,./lidc_patches_all\LIDC-IDRI-0315\LIDC-IDRI-0315_n3_k82_img.png,./lidc_patches_all\LIDC-IDRI-0315\LIDC-IDRI-0315_n3_k82_mask.png,27.390924000000005,316,123,335,146,4,1,6,5,4,1,1,5,3
316,LIDC-IDRI-0315,4,100,./lidc_patches_all\LIDC-IDRI-0315\LIDC-IDRI-0315_n4_k100_img.png,./lidc_patches_all\LIDC-IDRI-0315\LIDC-IDRI-0315_n4_k100_mask.png,36.728739000000004,312,289,337,312,4,1,6,4,4,2,2,4,3
