scan_id,patient_id,nodule_index,k_global,img_path,mask_path,area_mm2,nodule_bbox_xmin,nodule_bbox_ymin,nodule_bbox_xmax,nodule_bbox_ymax,ann_subtlety,ann_internalStructure,ann_calcification,ann_sphericity,ann_margin,ann_lobulation,ann_spiculation,ann_texture,ann_malignancy
123,LIDC-IDRI-0118,0,67,./lidc_patches_all\LIDC-IDRI-0118\LIDC-IDRI-0118_n0_k67_img.png,./lidc_patches_all\LIDC-IDRI-0118\LIDC-IDRI-0118_n0_k67_mask.png,17.145854601568,327,124,346,143,4,1,4,4,5,1,1,5,1
123,LIDC-IDRI-0118,1,69,./lidc_patches_all\LIDC-IDRI-0118\LIDC-IDRI-0118_n1_k69_img.png,./lidc_patches_all\LIDC-IDRI-0118\LIDC-IDRI-0118_n1_k69_mask.png,22.601353792976,326,196,344,215,4,1,3,4,5,1,1,5,1
123,LIDC-IDRI-0118,2,94,./lidc_patches_all\LIDC-IDRI-0118\LIDC-IDRI-0118_n2_k94_img.png,./lidc_patches_all\LIDC-IDRI-0118\LIDC-IDRI-0118_n2_k94_mask.png,16.366497574224,212,195,232,214,5,1,3,5,5,1,1,5,1
123,LIDC-IDRI-0118,3,142,./lidc_patches_all\LIDC-IDRI-0118\LIDC-IDRI-0118_n3_k142_img.png,./lidc_patches_all\LIDC-IDRI-0118\LIDC-IDRI-0118_n3_k142_mask.png,20.263282710944,264,383,285,402,5,1,3,4,5,1,1,5,1
123,LIDC-IDRI-0118,4,157,./lidc_patches_all\LIDC-IDRI-0118\LIDC-IDRI-0118_n4_k157_img.png,./lidc_patches_all\LIDC-IDRI-0118\LIDC-IDRI-0118_n4_k157_mask.png,15.58714054688,237,370,254,388,5,1,3,4,5,3,1,5,1
123,LIDC-IDRI-0118,5,159,./lidc_patches_all\LIDC-IDRI-0118\LIDC-IDRI-0118_n5_k159_img.png,./lidc_patches_all\LIDC-IDRI-0118\LIDC-IDRI-0118_n5_k159_mask.png,15.58714054688,305,211,323,232,4,1,4,5,5,1,1,5,1
