scan_id,patient_id,nodule_index,k_global,img_path,mask_path,area_mm2,nodule_bbox_xmin,nodule_bbox_ymin,nodule_bbox_xmax,nodule_bbox_ymax,ann_subtlety,ann_internalStructure,ann_calcification,ann_sphericity,ann_margin,ann_lobulation,ann_spiculation,ann_texture,ann_malignancy
150,LIDC-IDRI-0147,0,17,./lidc_patches_all\LIDC-IDRI-0147\LIDC-IDRI-0147_n0_k17_img.png,./lidc_patches_all\LIDC-IDRI-0147\LIDC-IDRI-0147_n0_k17_mask.png,29.152500000000003,369,177,392,200,4,1,6,4,4,2,1,5,3
150,LIDC-IDRI-0147,1,31,./lidc_patches_all\LIDC-IDRI-0147\LIDC-IDRI-0147_n1_k31_img.png,./lidc_patches_all\LIDC-IDRI-0147\LIDC-IDRI-0147_n1_k31_mask.png,24.927500000000002,300,100,321,121,4,1,6,4,4,2,1,4,3
150,LIDC-IDRI-0147,2,31,./lidc_patches_all\LIDC-IDRI-0147\LIDC-IDRI-0147_n2_k31_img.png,./lidc_patches_all\LIDC-IDRI-0147\LIDC-IDRI-0147_n2_k31_mask.png,21.125000000000004,357,83,377,105,5,1,6,5,4,1,1,5,3
150,LIDC-IDRI-0147,3,37,./lidc_patches_all\LIDC-IDRI-0147\LIDC-IDRI-0147_n3_k37_img.png,./lidc_patches_all\LIDC-IDRI-0147\LIDC-IDRI-0147_n3_k37_mask.png,21.547500000000003,309,63,329,82,4,1,6,3,4,2,2,4,3
150,LIDC-IDRI-0147,4,41,./lidc_patches_all\LIDC-IDRI-0147\LIDC-IDRI-0147_n4_k41_img.png,./lidc_patches_all\LIDC-IDRI-0147\LIDC-IDRI-0147_n4_k41_mask.png,19.012500000000003,379,105,399,126,4,1,6,5,4,1,2,4,4
150,LIDC-IDRI-0147,5,48,./lidc_patches_all\LIDC-IDRI-0147\LIDC-IDRI-0147_n5_k48_img.png,./lidc_patches_all\LIDC-IDRI-0147\LIDC-IDRI-0147_n5_k48_mask.png,13.097500000000002,351,84,370,103,4,1,6,4,3,1,2,5,3
150,LIDC-IDRI-0147,6,51,./lidc_patches_all\LIDC-IDRI-0147\LIDC-IDRI-0147_n6_k51_img.png,./lidc_patches_all\LIDC-IDRI-0147\LIDC-IDRI-0147_n6_k51_mask.png,30.42,393,130,415,154,4,1,6,4,4,2,1,4,3
