scan_id,patient_id,nodule_index,k_global,img_path,mask_path,area_mm2,nodule_bbox_xmin,nodule_bbox_ymin,nodule_bbox_xmax,nodule_bbox_ymax,ann_subtlety,ann_internalStructure,ann_calcification,ann_sphericity,ann_margin,ann_lobulation,ann_spiculation,ann_texture,ann_malignancy
55,LIDC-IDRI-0044,0,51,./lidc_patches_all\LIDC-IDRI-0044\LIDC-IDRI-0044_n0_k51_img.png,./lidc_patches_all\LIDC-IDRI-0044\LIDC-IDRI-0044_n0_k51_mask.png,42.022705078125,369,132,392,162,1,1,6,5,2,1,1,1,2
55,LIDC-IDRI-0044,1,64,./lidc_patches_all\LIDC-IDRI-0044\LIDC-IDRI-0044_n1_k64_img.png,./lidc_patches_all\LIDC-IDRI-0044\LIDC-IDRI-0044_n1_k64_mask.png,70.20263671875,299,126,329,150,4,1,4,4,5,1,1,5,2
55,LIDC-IDRI-0044,1,65,./lidc_patches_all\LIDC-IDRI-0044\LIDC-IDRI-0044_n1_k65_img.png,./lidc_patches_all\LIDC-IDRI-0044\LIDC-IDRI-0044_n1_k65_mask.png,58.33740234375,299,126,329,150,4,1,4,4,5,1,1,5,2
55,LIDC-IDRI-0044,2,66,./lidc_patches_all\LIDC-IDRI-0044\LIDC-IDRI-0044_n2_k66_img.png,./lidc_patches_all\LIDC-IDRI-0044\LIDC-IDRI-0044_n2_k66_mask.png,405.3955078125,350,321,413,370,5,1,6,4,4,4,3,4,4
55,LIDC-IDRI-0044,2,67,./lidc_patches_all\LIDC-IDRI-0044\LIDC-IDRI-0044_n2_k67_img.png,./lidc_patches_all\LIDC-IDRI-0044\LIDC-IDRI-0044_n2_k67_mask.png,422.20458984375,350,321,413,370,5,1,6,4,4,4,3,4,4
55,LIDC-IDRI-0044,2,68,./lidc_patches_all\LIDC-IDRI-0044\LIDC-IDRI-0044_n2_k68_img.png,./lidc_patches_all\LIDC-IDRI-0044\LIDC-IDRI-0044_n2_k68_mask.png,481.53076171875,350,321,413,370,5,1,6,4,4,4,3,4,4
55,LIDC-IDRI-0044,2,69,./lidc_patches_all\LIDC-IDRI-0044\LIDC-IDRI-0044_n2_k69_img.png,./lidc_patches_all\LIDC-IDRI-0044\LIDC-IDRI-0044_n2_k69_mask.png,424.18212890625,350,321,413,370,5,1,6,4,4,4,3,4,4
55,LIDC-IDRI-0044,2,70,./lidc_patches_all\LIDC-IDRI-0044\LIDC-IDRI-0044_n2_k70_img.png,./lidc_patches_all\LIDC-IDRI-0044\LIDC-IDRI-0044_n2_k70_mask.png,302.069091796875,350,321,413,370,5,1,6,4,4,4,3,4,4
55,LIDC-IDRI-0044,3,72,./lidc_patches_all\LIDC-IDRI-0044\LIDC-IDRI-0044_n3_k72_img.png,./lidc_patches_all\LIDC-IDRI-0044\LIDC-IDRI-0044_n3_k72_mask.png,64.764404296875,208,90,238,119,4,1,6,4,4,2,1,5,3
55,LIDC-IDRI-0044,3,73,./lidc_patches_all\LIDC-IDRI-0044\LIDC-IDRI-0044_n3_k73_img.png,./lidc_patches_all\LIDC-IDRI-0044\LIDC-IDRI-0044_n3_k73_mask.png,81.0791015625,208,90,238,119,4,1,6,4,4,2,1,5,3
55,LIDC-IDRI-0044,3,74,./lidc_patches_all\LIDC-IDRI-0044\LIDC-IDRI-0044_n3_k74_img.png,./lidc_patches_all\LIDC-IDRI-0044\LIDC-IDRI-0044_n3_k74_mask.png,73.663330078125,208,90,238,119,4,1,6,4,4,2,1,5,3
