scan_id,patient_id,nodule_index,k_global,img_path,mask_path,area_mm2,nodule_bbox_xmin,nodule_bbox_ymin,nodule_bbox_xmax,nodule_bbox_ymax,ann_subtlety,ann_internalStructure,ann_calcification,ann_sphericity,ann_margin,ann_lobulation,ann_spiculation,ann_texture,ann_malignancy
196,LIDC-IDRI-0195,0,37,./lidc_patches_all\LIDC-IDRI-0195\LIDC-IDRI-0195_n0_k37_img.png,./lidc_patches_all\LIDC-IDRI-0195\LIDC-IDRI-0195_n0_k37_mask.png,65.70577263675601,252,283,287,314,3,1,6,3,4,2,1,5,4
196,LIDC-IDRI-0195,1,42,./lidc_patches_all\LIDC-IDRI-0195\LIDC-IDRI-0195_n1_k42_img.png,./lidc_patches_all\LIDC-IDRI-0195\LIDC-IDRI-0195_n1_k42_mask.png,78.053166152388,359,290,390,326,5,1,6,4,4,2,2,5,4
196,LIDC-IDRI-0195,1,43,./lidc_patches_all\LIDC-IDRI-0195\LIDC-IDRI-0195_n1_k43_img.png,./lidc_patches_all\LIDC-IDRI-0195\LIDC-IDRI-0195_n1_k43_mask.png,101.86599650396401,359,290,390,326,5,1,6,4,4,2,2,5,4
196,LIDC-IDRI-0195,1,44,./lidc_patches_all\LIDC-IDRI-0195\LIDC-IDRI-0195_n1_k44_img.png,./lidc_patches_all\LIDC-IDRI-0195\LIDC-IDRI-0195_n1_k44_mask.png,91.723494687552,359,290,390,326,5,1,6,4,4,2,2,5,4
196,LIDC-IDRI-0195,1,45,./lidc_patches_all\LIDC-IDRI-0195\LIDC-IDRI-0195_n1_k45_img.png,./lidc_patches_all\LIDC-IDRI-0195\LIDC-IDRI-0195_n1_k45_mask.png,69.674577695352,359,290,390,326,5,1,6,4,4,2,2,5,4
196,LIDC-IDRI-0195,2,47,./lidc_patches_all\LIDC-IDRI-0195\LIDC-IDRI-0195_n2_k47_img.png,./lidc_patches_all\LIDC-IDRI-0195\LIDC-IDRI-0195_n2_k47_mask.png,55.12229248050001,356,322,387,350,5,1,6,3,4,2,2,5,4
196,LIDC-IDRI-0195,2,48,./lidc_patches_all\LIDC-IDRI-0195\LIDC-IDRI-0195_n2_k48_img.png,./lidc_patches_all\LIDC-IDRI-0195\LIDC-IDRI-0195_n2_k48_mask.png,71.879469394572,356,322,387,350,5,1,6,3,4,2,2,5,4
196,LIDC-IDRI-0195,2,49,./lidc_patches_all\LIDC-IDRI-0195\LIDC-IDRI-0195_n2_k49_img.png,./lidc_patches_all\LIDC-IDRI-0195\LIDC-IDRI-0195_n2_k49_mask.png,63.500880937536,356,322,387,350,5,1,6,3,4,2,2,5,4
196,LIDC-IDRI-0195,3,53,./lidc_patches_all\LIDC-IDRI-0195\LIDC-IDRI-0195_n3_k53_img.png,./lidc_patches_all\LIDC-IDRI-0195\LIDC-IDRI-0195_n3_k53_mask.png,178.15524929697602,178,337,217,379,5,1,6,4,4,2,2,5,4
196,LIDC-IDRI-0195,3,54,./lidc_patches_all\LIDC-IDRI-0195\LIDC-IDRI-0195_n3_k54_img.png,./lidc_patches_all\LIDC-IDRI-0195\LIDC-IDRI-0195_n3_k54_mask.png,227.10384501966,178,337,217,379,5,1,6,4,4,2,2,5,4
196,LIDC-IDRI-0195,3,55,./lidc_patches_all\LIDC-IDRI-0195\LIDC-IDRI-0195_n3_k55_img.png,./lidc_patches_all\LIDC-IDRI-0195\LIDC-IDRI-0195_n3_k55_mask.png,242.53808691420002,178,337,217,379,5,1,6,4,4,2,2,5,4
196,LIDC-IDRI-0195,3,56,./lidc_patches_all\LIDC-IDRI-0195\LIDC-IDRI-0195_n3_k56_img.png,./lidc_patches_all\LIDC-IDRI-0195\LIDC-IDRI-0195_n3_k56_mask.png,194.03046953136,178,337,217,379,5,1,6,4,4,2,2,5,4
196,LIDC-IDRI-0195,3,57,./lidc_patches_all\LIDC-IDRI-0195\LIDC-IDRI-0195_n3_k57_img.png,./lidc_patches_all\LIDC-IDRI-0195\LIDC-IDRI-0195_n3_k57_mask.png,108.48067160162401,178,337,217,379,5,1,6,4,4,2,2,5,4
196,LIDC-IDRI-0195,4,82,./lidc_patches_all\LIDC-IDRI-0195\LIDC-IDRI-0195_n4_k82_img.png,./lidc_patches_all\LIDC-IDRI-0195\LIDC-IDRI-0195_n4_k82_mask.png,77.1712094727,190,321,223,358,5,1,5,2,5,2,2,5,4
196,LIDC-IDRI-0195,4,83,./lidc_patches_all\LIDC-IDRI-0195\LIDC-IDRI-0195_n4_k83_img.png,./lidc_patches_all\LIDC-IDRI-0195\LIDC-IDRI-0195_n4_k83_mask.png,90.841538007864,190,321,223,358,5,1,5,2,5,2,2,5,4
196,LIDC-IDRI-0195,4,84,./lidc_patches_all\LIDC-IDRI-0195\LIDC-IDRI-0195_n4_k84_img.png,./lidc_patches_all\LIDC-IDRI-0195\LIDC-IDRI-0195_n4_k84_mask.png,117.74121673834802,190,321,223,358,5,1,5,2,5,2,2,5,4
196,LIDC-IDRI-0195,4,85,./lidc_patches_all\LIDC-IDRI-0195\LIDC-IDRI-0195_n4_k85_img.png,./lidc_patches_all\LIDC-IDRI-0195\LIDC-IDRI-0195_n4_k85_mask.png,57.32718417972001,190,321,223,358,5,1,5,2,5,2,2,5,4
196,LIDC-IDRI-0195,5,84,./lidc_patches_all\LIDC-IDRI-0195\LIDC-IDRI-0195_n5_k84_img.png,./lidc_patches_all\LIDC-IDRI-0195\LIDC-IDRI-0195_n5_k84_mask.png,119.505130097724,281,89,324,136,5,1,6,2,4,2,2,5,4
196,LIDC-IDRI-0195,5,85,./lidc_patches_all\LIDC-IDRI-0195\LIDC-IDRI-0195_n5_k85_img.png,./lidc_patches_all\LIDC-IDRI-0195\LIDC-IDRI-0195_n5_k85_mask.png,136.262307011796,281,89,324,136,5,1,6,2,4,2,2,5,4
196,LIDC-IDRI-0195,5,86,./lidc_patches_all\LIDC-IDRI-0195\LIDC-IDRI-0195_n5_k86_img.png,./lidc_patches_all\LIDC-IDRI-0195\LIDC-IDRI-0195_n5_k86_mask.png,166.689812461032,281,89,324,136,5,1,6,2,4,2,2,5,4
196,LIDC-IDRI-0195,5,87,./lidc_patches_all\LIDC-IDRI-0195\LIDC-IDRI-0195_n5_k87_img.png,./lidc_patches_all\LIDC-IDRI-0195\LIDC-IDRI-0195_n5_k87_mask.png,106.716758242248,281,89,324,136,5,1,6,2,4,2,2,5,4
196,LIDC-IDRI-0195,5,88,./lidc_patches_all\LIDC-IDRI-0195\LIDC-IDRI-0195_n5_k88_img.png,./lidc_patches_all\LIDC-IDRI-0195\LIDC-IDRI-0195_n5_k88_mask.png,88.19566796880001,281,89,324,136,5,1,6,2,4,2,2,5,4
196,LIDC-IDRI-0195,6,108,./lidc_patches_all\LIDC-IDRI-0195\LIDC-IDRI-0195_n6_k108_img.png,./lidc_patches_all\LIDC-IDRI-0195\LIDC-IDRI-0195_n6_k108_mask.png,47.184682363308006,237,187,262,213,5,1,6,4,4,2,2,5,4
