scan_id,patient_id,nodule_index,k_global,img_path,mask_path,area_mm2,nodule_bbox_xmin,nodule_bbox_ymin,nodule_bbox_xmax,nodule_bbox_ymax,ann_subtlety,ann_internalStructure,ann_calcification,ann_sphericity,ann_margin,ann_lobulation,ann_spiculation,ann_texture,ann_malignancy
250,LIDC-IDRI-0250,0,85,./lidc_patches_all\LIDC-IDRI-0250\LIDC-IDRI-0250_n0_k85_img.png,./lidc_patches_all\LIDC-IDRI-0250\LIDC-IDRI-0250_n0_k85_mask.png,80.07650150393602,339,348,365,380,4,1,6,4,4,2,2,5,4
250,LIDC-IDRI-0250,0,86,./lidc_patches_all\LIDC-IDRI-0250\LIDC-IDRI-0250_n0_k86_img.png,./lidc_patches_all\LIDC-IDRI-0250\LIDC-IDRI-0250_n0_k86_mask.png,84.78688394534402,339,348,365,380,4,1,6,4,4,2,2,5,4
250,LIDC-IDRI-0250,0,87,./lidc_patches_all\LIDC-IDRI-0250\LIDC-IDRI-0250_n0_k87_img.png,./lidc_patches_all\LIDC-IDRI-0250\LIDC-IDRI-0250_n0_k87_mask.png,96.22638416019201,339,348,365,380,4,1,6,4,4,2,2,5,4
250,LIDC-IDRI-0250,0,88,./lidc_patches_all\LIDC-IDRI-0250\LIDC-IDRI-0250_n0_k88_img.png,./lidc_patches_all\LIDC-IDRI-0250\LIDC-IDRI-0250_n0_k88_mask.png,65.94535417971201,339,348,365,380,4,1,6,4,4,2,2,5,4
250,LIDC-IDRI-0250,1,87,./lidc_patches_all\LIDC-IDRI-0250\LIDC-IDRI-0250_n1_k87_img.png,./lidc_patches_all\LIDC-IDRI-0250\LIDC-IDRI-0250_n1_k87_mask.png,74.69320728518402,310,352,339,383,4,1,6,4,5,1,2,5,4
250,LIDC-IDRI-0250,1,88,./lidc_patches_all\LIDC-IDRI-0250\LIDC-IDRI-0250_n1_k88_img.png,./lidc_patches_all\LIDC-IDRI-0250\LIDC-IDRI-0250_n1_k88_mask.png,106.32006082035201,310,352,339,383,4,1,6,4,5,1,2,5,4
250,LIDC-IDRI-0250,1,89,./lidc_patches_all\LIDC-IDRI-0250\LIDC-IDRI-0250_n1_k89_img.png,./lidc_patches_all\LIDC-IDRI-0250\LIDC-IDRI-0250_n1_k89_mask.png,100.93676660160001,310,352,339,383,4,1,6,4,5,1,2,5,4
250,LIDC-IDRI-0250,1,90,./lidc_patches_all\LIDC-IDRI-0250\LIDC-IDRI-0250_n1_k90_img.png,./lidc_patches_all\LIDC-IDRI-0250\LIDC-IDRI-0250_n1_k90_mask.png,69.98282484377602,310,352,339,383,4,1,6,4,5,1,2,5,4
250,LIDC-IDRI-0250,2,89,./lidc_patches_all\LIDC-IDRI-0250\LIDC-IDRI-0250_n2_k89_img.png,./lidc_patches_all\LIDC-IDRI-0250\LIDC-IDRI-0250_n2_k89_mask.png,12.112411992192001,294,380,313,396,4,1,3,3,5,1,1,5,1
