scan_id,patient_id,nodule_index,k_global,img_path,mask_path,area_mm2,nodule_bbox_xmin,nodule_bbox_ymin,nodule_bbox_xmax,nodule_bbox_ymax,ann_subtlety,ann_internalStructure,ann_calcification,ann_sphericity,ann_margin,ann_lobulation,ann_spiculation,ann_texture,ann_malignancy
204,LIDC-IDRI-0203,0,41,./lidc_patches_all\LIDC-IDRI-0203\LIDC-IDRI-0203_n0_k41_img.png,./lidc_patches_all\LIDC-IDRI-0203\LIDC-IDRI-0203_n0_k41_mask.png,28.6865234375,323,298,344,320,5,1,3,4,5,1,1,5,1
204,LIDC-IDRI-0203,1,115,./lidc_patches_all\LIDC-IDRI-0203\LIDC-IDRI-0203_n1_k115_img.png,./lidc_patches_all\LIDC-IDRI-0203\LIDC-IDRI-0203_n1_k115_mask.png,198.3642578125,190,293,258,352,5,1,6,3,4,3,3,4,4
204,LIDC-IDRI-0203,1,116,./lidc_patches_all\LIDC-IDRI-0203\LIDC-IDRI-0203_n1_k116_img.png,./lidc_patches_all\LIDC-IDRI-0203\LIDC-IDRI-0203_n1_k116_mask.png,252.0751953125,190,293,258,352,5,1,6,3,4,3,3,4,4
204,LIDC-IDRI-0203,1,117,./lidc_patches_all\LIDC-IDRI-0203\LIDC-IDRI-0203_n1_k117_img.png,./lidc_patches_all\LIDC-IDRI-0203\LIDC-IDRI-0203_n1_k117_mask.png,393.06640625,190,293,258,352,5,1,6,3,4,3,3,4,4
204,LIDC-IDRI-0203,1,118,./lidc_patches_all\LIDC-IDRI-0203\LIDC-IDRI-0203_n1_k118_img.png,./lidc_patches_all\LIDC-IDRI-0203\LIDC-IDRI-0203_n1_k118_mask.png,300.29296875,190,293,258,352,5,1,6,3,4,3,3,4,4
204,LIDC-IDRI-0203,1,119,./lidc_patches_all\LIDC-IDRI-0203\LIDC-IDRI-0203_n1_k119_img.png,./lidc_patches_all\LIDC-IDRI-0203\LIDC-IDRI-0203_n1_k119_mask.png,316.7724609375,190,293,258,352,5,1,6,3,4,3,3,4,4
