scan_id,patient_id,nodule_index,k_global,img_path,mask_path,area_mm2,nodule_bbox_xmin,nodule_bbox_ymin,nodule_bbox_xmax,nodule_bbox_ymax,ann_subtlety,ann_internalStructure,ann_calcification,ann_sphericity,ann_margin,ann_lobulation,ann_spiculation,ann_texture,ann_malignancy
95,LIDC-IDRI-0087,0,105,./lidc_patches_all\LIDC-IDRI-0087\LIDC-IDRI-0087_n0_k105_img.png,./lidc_patches_all\LIDC-IDRI-0087\LIDC-IDRI-0087_n0_k105_mask.png,257.574462890625,207,155,267,214,5,1,6,4,4,3,5,5,5
95,LIDC-IDRI-0087,0,106,./lidc_patches_all\LIDC-IDRI-0087\LIDC-IDRI-0087_n0_k106_img.png,./lidc_patches_all\LIDC-IDRI-0087\LIDC-IDRI-0087_n0_k106_mask.png,287.237548828125,207,155,267,214,5,1,6,4,4,3,5,5,5
95,LIDC-IDRI-0087,0,107,./lidc_patches_all\LIDC-IDRI-0087\LIDC-IDRI-0087_n0_k107_img.png,./lidc_patches_all\LIDC-IDRI-0087\LIDC-IDRI-0087_n0_k107_mask.png,288.226318359375,207,155,267,214,5,1,6,4,4,3,5,5,5
95,LIDC-IDRI-0087,0,108,./lidc_patches_all\LIDC-IDRI-0087\LIDC-IDRI-0087_n0_k108_img.png,./lidc_patches_all\LIDC-IDRI-0087\LIDC-IDRI-0087_n0_k108_mask.png,253.619384765625,207,155,267,214,5,1,6,4,4,3,5,5,5
95,LIDC-IDRI-0087,0,109,./lidc_patches_all\LIDC-IDRI-0087\LIDC-IDRI-0087_n0_k109_img.png,./lidc_patches_all\LIDC-IDRI-0087\LIDC-IDRI-0087_n0_k109_mask.png,155.731201171875,207,155,267,214,5,1,6,4,4,3,5,5,5
95,LIDC-IDRI-0087,1,119,./lidc_patches_all\LIDC-IDRI-0087\LIDC-IDRI-0087_n1_k119_img.png,./lidc_patches_all\LIDC-IDRI-0087\LIDC-IDRI-0087_n1_k119_mask.png,7.91015625,312,337,329,353,4,1,3,5,5,1,1,5,1
