scan_id,patient_id,nodule_index,k_global,img_path,mask_path,area_mm2,nodule_bbox_xmin,nodule_bbox_ymin,nodule_bbox_xmax,nodule_bbox_ymax,ann_subtlety,ann_internalStructure,ann_calcification,ann_sphericity,ann_margin,ann_lobulation,ann_spiculation,ann_texture,ann_malignancy
9,LIDC-IDRI-0150,0,63,./lidc_patches_all\LIDC-IDRI-0150\LIDC-IDRI-0150_n0_k63_img.png,./lidc_patches_all\LIDC-IDRI-0150\LIDC-IDRI-0150_n0_k63_mask.png,21.349059,198,172,223,191,2,1,6,4,4,1,1,4,2
9,LIDC-IDRI-0150,1,88,./lidc_patches_all\LIDC-IDRI-0150\LIDC-IDRI-0150_n1_k88_img.png,./lidc_patches_all\LIDC-IDRI-0150\LIDC-IDRI-0150_n1_k88_mask.png,196.74623,264,134,322,176,4,1,6,4,2,4,2,5,2
9,LIDC-IDRI-0150,1,89,./lidc_patches_all\LIDC-IDRI-0150\LIDC-IDRI-0150_n1_k89_img.png,./lidc_patches_all\LIDC-IDRI-0150\LIDC-IDRI-0150_n1_k89_mask.png,329.026674,264,134,322,176,4,1,6,4,2,4,2,5,2
9,LIDC-IDRI-0150,1,90,./lidc_patches_all\LIDC-IDRI-0150\LIDC-IDRI-0150_n1_k90_img.png,./lidc_patches_all\LIDC-IDRI-0150\LIDC-IDRI-0150_n1_k90_mask.png,370.050356,264,134,322,176,4,1,6,4,2,4,2,5,2
9,LIDC-IDRI-0150,1,91,./lidc_patches_all\LIDC-IDRI-0150\LIDC-IDRI-0150_n1_k91_img.png,./lidc_patches_all\LIDC-IDRI-0150\LIDC-IDRI-0150_n1_k91_mask.png,282.561075,264,134,322,176,4,1,6,4,2,4,2,5,2
