scan_id,patient_id,nodule_index,k_global,img_path,mask_path,area_mm2,nodule_bbox_xmin,nodule_bbox_ymin,nodule_bbox_xmax,nodule_bbox_ymax,ann_subtlety,ann_internalStructure,ann_calcification,ann_sphericity,ann_margin,ann_lobulation,ann_spiculation,ann_texture,ann_malignancy
66,LIDC-IDRI-0055,0,93,./lidc_patches_all\LIDC-IDRI-0055\LIDC-IDRI-0055_n0_k93_img.png,./lidc_patches_all\LIDC-IDRI-0055\LIDC-IDRI-0055_n0_k93_mask.png,48.44970703125,181,321,224,362,4,1,6,4,3,2,2,4,3
66,LIDC-IDRI-0055,1,91,./lidc_patches_all\LIDC-IDRI-0055\LIDC-IDRI-0055_n1_k91_img.png,./lidc_patches_all\LIDC-IDRI-0055\LIDC-IDRI-0055_n1_k91_mask.png,43.505859375,319,397,341,422,3,1,6,4,2,2,1,3,4
66,LIDC-IDRI-0055,2,93,./lidc_patches_all\LIDC-IDRI-0055\LIDC-IDRI-0055_n2_k93_img.png,./lidc_patches_all\LIDC-IDRI-0055\LIDC-IDRI-0055_n2_k93_mask.png,22.247314453125,243,371,262,391,2,1,6,4,2,1,1,2,3
66,LIDC-IDRI-0055,3,100,./lidc_patches_all\LIDC-IDRI-0055\LIDC-IDRI-0055_n3_k100_img.png,./lidc_patches_all\LIDC-IDRI-0055\LIDC-IDRI-0055_n3_k100_mask.png,6.427001953125,328,223,345,240,1,1,6,5,1,1,1,1,3
66,LIDC-IDRI-0055,4,120,./lidc_patches_all\LIDC-IDRI-0055\LIDC-IDRI-0055_n4_k120_img.png,./lidc_patches_all\LIDC-IDRI-0055\LIDC-IDRI-0055_n4_k120_mask.png,74.15771484375,274,172,308,201,5,1,6,4,4,3,3,4,4
66,LIDC-IDRI-0055,4,121,./lidc_patches_all\LIDC-IDRI-0055\LIDC-IDRI-0055_n4_k121_img.png,./lidc_patches_all\LIDC-IDRI-0055\LIDC-IDRI-0055_n4_k121_mask.png,86.02294921875,274,172,308,201,5,1,6,4,4,3,3,4,4
66,LIDC-IDRI-0055,4,122,./lidc_patches_all\LIDC-IDRI-0055\LIDC-IDRI-0055_n4_k122_img.png,./lidc_patches_all\LIDC-IDRI-0055\LIDC-IDRI-0055_n4_k122_mask.png,72.18017578125,274,172,308,201,5,1,6,4,4,3,3,4,4
66,LIDC-IDRI-0055,4,123,./lidc_patches_all\LIDC-IDRI-0055\LIDC-IDRI-0055_n4_k123_img.png,./lidc_patches_all\LIDC-IDRI-0055\LIDC-IDRI-0055_n4_k123_mask.png,56.854248046875,274,172,308,201,5,1,6,4,4,3,3,4,4
66,LIDC-IDRI-0055,5,122,./lidc_patches_all\LIDC-IDRI-0055\LIDC-IDRI-0055_n5_k122_img.png,./lidc_patches_all\LIDC-IDRI-0055\LIDC-IDRI-0055_n5_k122_mask.png,6.427001953125,276,306,292,322,1,1,6,5,1,1,2,1,3
66,LIDC-IDRI-0055,6,122,./lidc_patches_all\LIDC-IDRI-0055\LIDC-IDRI-0055_n6_k122_img.png,./lidc_patches_all\LIDC-IDRI-0055\LIDC-IDRI-0055_n6_k122_mask.png,59.820556640625,272,362,302,390,4,1,6,4,2,1,3,2,3
66,LIDC-IDRI-0055,6,123,./lidc_patches_all\LIDC-IDRI-0055\LIDC-IDRI-0055_n6_k123_img.png,./lidc_patches_all\LIDC-IDRI-0055\LIDC-IDRI-0055_n6_k123_mask.png,71.685791015625,272,362,302,390,4,1,6,4,2,1,3,2,3
66,LIDC-IDRI-0055,6,124,./lidc_patches_all\LIDC-IDRI-0055\LIDC-IDRI-0055_n6_k124_img.png,./lidc_patches_all\LIDC-IDRI-0055\LIDC-IDRI-0055_n6_k124_mask.png,67.730712890625,272,362,302,390,4,1,6,4,2,1,3,2,3
