scan_id,patient_id,nodule_index,k_global,img_path,mask_path,area_mm2,nodule_bbox_xmin,nodule_bbox_ymin,nodule_bbox_xmax,nodule_bbox_ymax,ann_subtlety,ann_internalStructure,ann_calcification,ann_sphericity,ann_margin,ann_lobulation,ann_spiculation,ann_texture,ann_malignancy
496,LIDC-IDRI-0490,0,360,./lidc_patches_all\LIDC-IDRI-0490\LIDC-IDRI-0490_n0_k360_img.png,./lidc_patches_all\LIDC-IDRI-0490\LIDC-IDRI-0490_n0_k360_mask.png,139.14685821533203,214,341,260,375,5,1,6,4,4,2,2,5,4
496,LIDC-IDRI-0490,0,361,./lidc_patches_all\LIDC-IDRI-0490\LIDC-IDRI-0490_n0_k361_img.png,./lidc_patches_all\LIDC-IDRI-0490\LIDC-IDRI-0490_n0_k361_mask.png,136.78843688964844,214,341,260,375,5,1,6,4,4,2,2,5,4
496,LIDC-IDRI-0490,0,362,./lidc_patches_all\LIDC-IDRI-0490\LIDC-IDRI-0490_n0_k362_img.png,./lidc_patches_all\LIDC-IDRI-0490\LIDC-IDRI-0490_n0_k362_mask.png,141.8983497619629,214,341,260,375,5,1,6,4,4,2,2,5,4
496,LIDC-IDRI-0490,0,363,./lidc_patches_all\LIDC-IDRI-0490\LIDC-IDRI-0490_n0_k363_img.png,./lidc_patches_all\LIDC-IDRI-0490\LIDC-IDRI-0490_n0_k363_mask.png,140.32606887817383,214,341,260,375,5,1,6,4,4,2,2,5,4
496,LIDC-IDRI-0490,0,364,./lidc_patches_all\LIDC-IDRI-0490\LIDC-IDRI-0490_n0_k364_img.png,./lidc_patches_all\LIDC-IDRI-0490\LIDC-IDRI-0490_n0_k364_mask.png,137.1815071105957,214,341,260,375,5,1,6,4,4,2,2,5,4
496,LIDC-IDRI-0490,1,511,./lidc_patches_all\LIDC-IDRI-0490\LIDC-IDRI-0490_n1_k511_img.png,./lidc_patches_all\LIDC-IDRI-0490\LIDC-IDRI-0490_n1_k511_mask.png,13.757457733154297,362,174,383,195,3,1,6,4,4,1,1,4,3
