scan_id,patient_id,nodule_index,k_global,img_path,mask_path,area_mm2,nodule_bbox_xmin,nodule_bbox_ymin,nodule_bbox_xmax,nodule_bbox_ymax,ann_subtlety,ann_internalStructure,ann_calcification,ann_sphericity,ann_margin,ann_lobulation,ann_spiculation,ann_texture,ann_malignancy
309,LIDC-IDRI-0309,0,108,./lidc_patches_all\LIDC-IDRI-0309\LIDC-IDRI-0309_n0_k108_img.png,./lidc_patches_all\LIDC-IDRI-0309\LIDC-IDRI-0309_n0_k108_mask.png,27.417755126953125,115,363,142,388,2,1,6,3,4,3,1,5,2
309,LIDC-IDRI-0309,1,190,./lidc_patches_all\LIDC-IDRI-0309\LIDC-IDRI-0309_n1_k190_img.png,./lidc_patches_all\LIDC-IDRI-0309\LIDC-IDRI-0309_n1_k190_mask.png,50.681304931640625,195,114,221,147,5,1,6,4,4,1,2,4,4
309,LIDC-IDRI-0309,2,203,./lidc_patches_all\LIDC-IDRI-0309\LIDC-IDRI-0309_n2_k203_img.png,./lidc_patches_all\LIDC-IDRI-0309\LIDC-IDRI-0309_n2_k203_mask.png,31.156539916992188,305,192,329,219,5,1,3,3,5,1,1,5,1
309,LIDC-IDRI-0309,3,212,./lidc_patches_all\LIDC-IDRI-0309\LIDC-IDRI-0309_n3_k212_img.png,./lidc_patches_all\LIDC-IDRI-0309\LIDC-IDRI-0309_n3_k212_mask.png,41.54205322265625,256,369,279,394,4,1,6,3,2,2,1,4,2
