scan_id,patient_id,nodule_index,k_global,img_path,mask_path,area_mm2,nodule_bbox_xmin,nodule_bbox_ymin,nodule_bbox_xmax,nodule_bbox_ymax,ann_subtlety,ann_internalStructure,ann_calcification,ann_sphericity,ann_margin,ann_lobulation,ann_spiculation,ann_texture,ann_malignancy
285,LIDC-IDRI-0285,0,81,./lidc_patches_all\LIDC-IDRI-0285\LIDC-IDRI-0285_n0_k81_img.png,./lidc_patches_all\LIDC-IDRI-0285\LIDC-IDRI-0285_n0_k81_mask.png,49.79547152345601,359,369,383,395,4,1,5,4,4,1,1,5,2
285,LIDC-IDRI-0285,1,103,./lidc_patches_all\LIDC-IDRI-0285\LIDC-IDRI-0285_n1_k103_img.png,./lidc_patches_all\LIDC-IDRI-0285\LIDC-IDRI-0285_n1_k103_mask.png,225.42544541024003,302,293,343,336,4,1,6,2,4,4,2,5,4
285,LIDC-IDRI-0285,1,104,./lidc_patches_all\LIDC-IDRI-0285\LIDC-IDRI-0285_n1_k104_img.png,./lidc_patches_all\LIDC-IDRI-0285\LIDC-IDRI-0285_n1_k104_mask.png,244.93988695321605,302,293,343,336,4,1,6,2,4,4,2,5,4
285,LIDC-IDRI-0285,1,105,./lidc_patches_all\LIDC-IDRI-0285\LIDC-IDRI-0285_n1_k105_img.png,./lidc_patches_all\LIDC-IDRI-0285\LIDC-IDRI-0285_n1_k105_mask.png,265.80015205088006,302,293,343,336,4,1,6,2,4,4,2,5,4
285,LIDC-IDRI-0285,1,106,./lidc_patches_all\LIDC-IDRI-0285\LIDC-IDRI-0285_n1_k106_img.png,./lidc_patches_all\LIDC-IDRI-0285\LIDC-IDRI-0285_n1_k106_mask.png,259.07103427744005,302,293,343,336,4,1,6,2,4,4,2,5,4
285,LIDC-IDRI-0285,1,107,./lidc_patches_all\LIDC-IDRI-0285\LIDC-IDRI-0285_n1_k107_img.png,./lidc_patches_all\LIDC-IDRI-0285\LIDC-IDRI-0285_n1_k107_mask.png,181.013268105536,302,293,343,336,4,1,6,2,4,4,2,5,4
