scan_id,patient_id,nodule_index,k_global,img_path,mask_path,area_mm2,nodule_bbox_xmin,nodule_bbox_ymin,nodule_bbox_xmax,nodule_bbox_ymax,ann_subtlety,ann_internalStructure,ann_calcification,ann_sphericity,ann_margin,ann_lobulation,ann_spiculation,ann_texture,ann_malignancy
75,LIDC-IDRI-0064,0,76,./lidc_patches_all\LIDC-IDRI-0064\LIDC-IDRI-0064_n0_k76_img.png,./lidc_patches_all\LIDC-IDRI-0064\LIDC-IDRI-0064_n0_k76_mask.png,556.0302734375,229,374,276,422,4,1,6,5,4,2,1,5,3
75,LIDC-IDRI-0064,0,77,./lidc_patches_all\LIDC-IDRI-0064\LIDC-IDRI-0064_n0_k77_img.png,./lidc_patches_all\LIDC-IDRI-0064\LIDC-IDRI-0064_n0_k77_mask.png,571.2890625,229,374,276,422,4,1,6,5,4,2,1,5,3
75,LIDC-IDRI-0064,0,78,./lidc_patches_all\LIDC-IDRI-0064\LIDC-IDRI-0064_n0_k78_img.png,./lidc_patches_all\LIDC-IDRI-0064\LIDC-IDRI-0064_n0_k78_mask.png,573.1201171875,229,374,276,422,4,1,6,5,4,2,1,5,3
75,LIDC-IDRI-0064,0,79,./lidc_patches_all\LIDC-IDRI-0064\LIDC-IDRI-0064_n0_k79_img.png,./lidc_patches_all\LIDC-IDRI-0064\LIDC-IDRI-0064_n0_k79_mask.png,553.5888671875,229,374,276,422,4,1,6,5,4,2,1,5,3
75,LIDC-IDRI-0064,0,80,./lidc_patches_all\LIDC-IDRI-0064\LIDC-IDRI-0064_n0_k80_img.png,./lidc_patches_all\LIDC-IDRI-0064\LIDC-IDRI-0064_n0_k80_mask.png,492.5537109375,229,374,276,422,4,1,6,5,4,2,1,5,3
75,LIDC-IDRI-0064,1,110,./lidc_patches_all\LIDC-IDRI-0064\LIDC-IDRI-0064_n1_k110_img.png,./lidc_patches_all\LIDC-IDRI-0064\LIDC-IDRI-0064_n1_k110_mask.png,182.4951171875,287,179,329,216,5,1,6,4,4,4,2,5,4
75,LIDC-IDRI-0064,1,111,./lidc_patches_all\LIDC-IDRI-0064\LIDC-IDRI-0064_n1_k111_img.png,./lidc_patches_all\LIDC-IDRI-0064\LIDC-IDRI-0064_n1_k111_mask.png,221.5576171875,287,179,329,216,5,1,6,4,4,4,2,5,4
75,LIDC-IDRI-0064,1,112,./lidc_patches_all\LIDC-IDRI-0064\LIDC-IDRI-0064_n1_k112_img.png,./lidc_patches_all\LIDC-IDRI-0064\LIDC-IDRI-0064_n1_k112_mask.png,234.9853515625,287,179,329,216,5,1,6,4,4,4,2,5,4
75,LIDC-IDRI-0064,1,113,./lidc_patches_all\LIDC-IDRI-0064\LIDC-IDRI-0064_n1_k113_img.png,./lidc_patches_all\LIDC-IDRI-0064\LIDC-IDRI-0064_n1_k113_mask.png,192.2607421875,287,179,329,216,5,1,6,4,4,4,2,5,4
75,LIDC-IDRI-0064,1,114,./lidc_patches_all\LIDC-IDRI-0064\LIDC-IDRI-0064_n1_k114_img.png,./lidc_patches_all\LIDC-IDRI-0064\LIDC-IDRI-0064_n1_k114_mask.png,159.3017578125,287,179,329,216,5,1,6,4,4,4,2,5,4
