scan_id,patient_id,nodule_index,k_global,img_path,mask_path,area_mm2,nodule_bbox_xmin,nodule_bbox_ymin,nodule_bbox_xmax,nodule_bbox_ymax,ann_subtlety,ann_internalStructure,ann_calcification,ann_sphericity,ann_margin,ann_lobulation,ann_spiculation,ann_texture,ann_malignancy
8,LIDC-IDRI-0136,0,76,./lidc_patches_all\LIDC-IDRI-0136\LIDC-IDRI-0136_n0_k76_img.png,./lidc_patches_all\LIDC-IDRI-0136\LIDC-IDRI-0136_n0_k76_mask.png,13.975830078125,308,407,327,424,5,1,6,3,3,2,1,5,3
8,LIDC-IDRI-0136,1,80,./lidc_patches_all\LIDC-IDRI-0136\LIDC-IDRI-0136_n1_k80_img.png,./lidc_patches_all\LIDC-IDRI-0136\LIDC-IDRI-0136_n1_k80_mask.png,30.746826171875,339,158,360,181,4,1,6,3,3,3,2,4,3
8,LIDC-IDRI-0136,2,88,./lidc_patches_all\LIDC-IDRI-0136\LIDC-IDRI-0136_n2_k88_img.png,./lidc_patches_all\LIDC-IDRI-0136\LIDC-IDRI-0136_n2_k88_mask.png,18.1685791015625,322,188,341,206,3,1,6,4,3,2,2,5,2
8,LIDC-IDRI-0136,3,100,./lidc_patches_all\LIDC-IDRI-0136\LIDC-IDRI-0136_n3_k100_img.png,./lidc_patches_all\LIDC-IDRI-0136\LIDC-IDRI-0136_n3_k100_mask.png,58.698486328125,315,171,339,193,4,1,6,3,4,1,1,5,2
8,LIDC-IDRI-0136,4,112,./lidc_patches_all\LIDC-IDRI-0136\LIDC-IDRI-0136_n4_k112_img.png,./lidc_patches_all\LIDC-IDRI-0136\LIDC-IDRI-0136_n4_k112_mask.png,60.79486083984375,308,354,334,377,4,4,6,2,3,3,4,3,3
8,LIDC-IDRI-0136,4,113,./lidc_patches_all\LIDC-IDRI-0136\LIDC-IDRI-0136_n4_k113_img.png,./lidc_patches_all\LIDC-IDRI-0136\LIDC-IDRI-0136_n4_k113_mask.png,67.78277587890625,308,354,334,377,4,4,6,2,3,3,4,3,3
8,LIDC-IDRI-0136,5,123,./lidc_patches_all\LIDC-IDRI-0136\LIDC-IDRI-0136_n5_k123_img.png,./lidc_patches_all\LIDC-IDRI-0136\LIDC-IDRI-0136_n5_k123_mask.png,41.927490234375,186,313,207,335,4,1,6,5,5,1,1,5,2
8,LIDC-IDRI-0136,6,123,./lidc_patches_all\LIDC-IDRI-0136\LIDC-IDRI-0136_n6_k123_img.png,./lidc_patches_all\LIDC-IDRI-0136\LIDC-IDRI-0136_n6_k123_mask.png,58.698486328125,176,334,218,366,4,1,6,2,3,3,3,5,2
8,LIDC-IDRI-0136,6,124,./lidc_patches_all\LIDC-IDRI-0136\LIDC-IDRI-0136_n6_k124_img.png,./lidc_patches_all\LIDC-IDRI-0136\LIDC-IDRI-0136_n6_k124_mask.png,53.80694580078125,176,334,218,366,4,1,6,2,3,3,3,5,2
8,LIDC-IDRI-0136,6,125,./lidc_patches_all\LIDC-IDRI-0136\LIDC-IDRI-0136_n6_k125_img.png,./lidc_patches_all\LIDC-IDRI-0136\LIDC-IDRI-0136_n6_k125_mask.png,102.72235107421875,176,334,218,366,4,1,6,2,3,3,3,5,2
8,LIDC-IDRI-0136,7,125,./lidc_patches_all\LIDC-IDRI-0136\LIDC-IDRI-0136_n7_k125_img.png,./lidc_patches_all\LIDC-IDRI-0136\LIDC-IDRI-0136_n7_k125_mask.png,44.02386474609375,281,335,304,356,4,1,6,2,4,2,2,5,2
8,LIDC-IDRI-0136,8,136,./lidc_patches_all\LIDC-IDRI-0136\LIDC-IDRI-0136_n8_k136_img.png,./lidc_patches_all\LIDC-IDRI-0136\LIDC-IDRI-0136_n8_k136_mask.png,27.95166015625,245,298,265,316,4,1,6,5,4,1,1,5,1
