scan_id,patient_id,nodule_index,k_global,img_path,mask_path,area_mm2,nodule_bbox_xmin,nodule_bbox_ymin,nodule_bbox_xmax,nodule_bbox_ymax,ann_subtlety,ann_internalStructure,ann_calcification,ann_sphericity,ann_margin,ann_lobulation,ann_spiculation,ann_texture,ann_malignancy
74,LIDC-IDRI-0063,0,60,./lidc_patches_all\LIDC-IDRI-0063\LIDC-IDRI-0063_n0_k60_img.png,./lidc_patches_all\LIDC-IDRI-0063\LIDC-IDRI-0063_n0_k60_mask.png,13.427734375,298,113,317,131,2,1,3,2,5,1,1,5,1
74,LIDC-IDRI-0063,1,67,./lidc_patches_all\LIDC-IDRI-0063\LIDC-IDRI-0063_n1_k67_img.png,./lidc_patches_all\LIDC-IDRI-0063\LIDC-IDRI-0063_n1_k67_mask.png,56.7626953125,321,176,346,201,3,3,6,4,5,1,1,3,3
74,LIDC-IDRI-0063,2,88,./lidc_patches_all\LIDC-IDRI-0063\LIDC-IDRI-0063_n2_k88_img.png,./lidc_patches_all\LIDC-IDRI-0063\LIDC-IDRI-0063_n2_k88_mask.png,68.359375,287,204,319,234,4,1,6,4,4,3,4,5,4
74,LIDC-IDRI-0063,2,89,./lidc_patches_all\LIDC-IDRI-0063\LIDC-IDRI-0063_n2_k89_img.png,./lidc_patches_all\LIDC-IDRI-0063\LIDC-IDRI-0063_n2_k89_mask.png,81.1767578125,287,204,319,234,4,1,6,4,4,3,4,5,4
74,LIDC-IDRI-0063,2,90,./lidc_patches_all\LIDC-IDRI-0063\LIDC-IDRI-0063_n2_k90_img.png,./lidc_patches_all\LIDC-IDRI-0063\LIDC-IDRI-0063_n2_k90_mask.png,74.462890625,287,204,319,234,4,1,6,4,4,3,4,5,4
74,LIDC-IDRI-0063,2,91,./lidc_patches_all\LIDC-IDRI-0063\LIDC-IDRI-0063_n2_k91_img.png,./lidc_patches_all\LIDC-IDRI-0063\LIDC-IDRI-0063_n2_k91_mask.png,76.2939453125,287,204,319,234,4,1,6,4,4,3,4,5,4
74,LIDC-IDRI-0063,3,106,./lidc_patches_all\LIDC-IDRI-0063\LIDC-IDRI-0063_n3_k106_img.png,./lidc_patches_all\LIDC-IDRI-0063\LIDC-IDRI-0063_n3_k106_mask.png,39.0625,271,123,294,144,4,1,6,5,4,1,1,4,3
