scan_id,patient_id,nodule_index,k_global,img_path,mask_path,area_mm2,nodule_bbox_xmin,nodule_bbox_ymin,nodule_bbox_xmax,nodule_bbox_ymax,ann_subtlety,ann_internalStructure,ann_calcification,ann_sphericity,ann_margin,ann_lobulation,ann_spiculation,ann_texture,ann_malignancy
182,LIDC-IDRI-0181,0,62,./lidc_patches_all\LIDC-IDRI-0181\LIDC-IDRI-0181_n0_k62_img.png,./lidc_patches_all\LIDC-IDRI-0181\LIDC-IDRI-0181_n0_k62_mask.png,53.7109375,335,332,365,362,4,1,6,3,5,1,1,5,3
182,LIDC-IDRI-0181,0,63,./lidc_patches_all\LIDC-IDRI-0181\LIDC-IDRI-0181_n0_k63_img.png,./lidc_patches_all\LIDC-IDRI-0181\LIDC-IDRI-0181_n0_k63_mask.png,100.7080078125,335,332,365,362,4,1,6,3,5,1,1,5,3
182,LIDC-IDRI-0181,0,64,./lidc_patches_all\LIDC-IDRI-0181\LIDC-IDRI-0181_n0_k64_img.png,./lidc_patches_all\LIDC-IDRI-0181\LIDC-IDRI-0181_n0_k64_mask.png,101.318359375,335,332,365,362,4,1,6,3,5,1,1,5,3
182,LIDC-IDRI-0181,0,65,./lidc_patches_all\LIDC-IDRI-0181\LIDC-IDRI-0181_n0_k65_img.png,./lidc_patches_all\LIDC-IDRI-0181\LIDC-IDRI-0181_n0_k65_mask.png,76.2939453125,335,332,365,362,4,1,6,3,5,1,1,5,3
182,LIDC-IDRI-0181,1,71,./lidc_patches_all\LIDC-IDRI-0181\LIDC-IDRI-0181_n1_k71_img.png,./lidc_patches_all\LIDC-IDRI-0181\LIDC-IDRI-0181_n1_k71_mask.png,51.8798828125,350,367,373,391,5,1,5,5,5,1,1,5,3
182,LIDC-IDRI-0181,1,72,./lidc_patches_all\LIDC-IDRI-0181\LIDC-IDRI-0181_n1_k72_img.png,./lidc_patches_all\LIDC-IDRI-0181\LIDC-IDRI-0181_n1_k72_mask.png,53.1005859375,350,367,373,391,5,1,5,5,5,1,1,5,3
182,LIDC-IDRI-0181,2,74,./lidc_patches_all\LIDC-IDRI-0181\LIDC-IDRI-0181_n2_k74_img.png,./lidc_patches_all\LIDC-IDRI-0181\LIDC-IDRI-0181_n2_k74_mask.png,112.9150390625,314,296,344,331,4,1,6,4,4,2,1,5,4
182,LIDC-IDRI-0181,2,75,./lidc_patches_all\LIDC-IDRI-0181\LIDC-IDRI-0181_n2_k75_img.png,./lidc_patches_all\LIDC-IDRI-0181\LIDC-IDRI-0181_n2_k75_mask.png,155.6396484375,314,296,344,331,4,1,6,4,4,2,1,5,4
182,LIDC-IDRI-0181,2,76,./lidc_patches_all\LIDC-IDRI-0181\LIDC-IDRI-0181_n2_k76_img.png,./lidc_patches_all\LIDC-IDRI-0181\LIDC-IDRI-0181_n2_k76_mask.png,172.119140625,314,296,344,331,4,1,6,4,4,2,1,5,4
182,LIDC-IDRI-0181,2,77,./lidc_patches_all\LIDC-IDRI-0181\LIDC-IDRI-0181_n2_k77_img.png,./lidc_patches_all\LIDC-IDRI-0181\LIDC-IDRI-0181_n2_k77_mask.png,152.587890625,314,296,344,331,4,1,6,4,4,2,1,5,4
182,LIDC-IDRI-0181,2,78,./lidc_patches_all\LIDC-IDRI-0181\LIDC-IDRI-0181_n2_k78_img.png,./lidc_patches_all\LIDC-IDRI-0181\LIDC-IDRI-0181_n2_k78_mask.png,92.7734375,314,296,344,331,4,1,6,4,4,2,1,5,4
182,LIDC-IDRI-0181,3,83,./lidc_patches_all\LIDC-IDRI-0181\LIDC-IDRI-0181_n3_k83_img.png,./lidc_patches_all\LIDC-IDRI-0181\LIDC-IDRI-0181_n3_k83_mask.png,48.828125,348,354,372,377,4,1,6,4,4,1,2,5,3
182,LIDC-IDRI-0181,4,88,./lidc_patches_all\LIDC-IDRI-0181\LIDC-IDRI-0181_n4_k88_img.png,./lidc_patches_all\LIDC-IDRI-0181\LIDC-IDRI-0181_n4_k88_mask.png,42.724609375,207,169,233,193,4,1,3,3,5,2,1,5,1
182,LIDC-IDRI-0181,5,90,./lidc_patches_all\LIDC-IDRI-0181\LIDC-IDRI-0181_n5_k90_img.png,./lidc_patches_all\LIDC-IDRI-0181\LIDC-IDRI-0181_n5_k90_mask.png,14.0380859375,365,379,382,397,5,1,6,3,5,1,1,5,3
182,LIDC-IDRI-0181,6,94,./lidc_patches_all\LIDC-IDRI-0181\LIDC-IDRI-0181_n6_k94_img.png,./lidc_patches_all\LIDC-IDRI-0181\LIDC-IDRI-0181_n6_k94_mask.png,60.4248046875,250,331,274,357,4,1,6,3,4,2,1,5,2
182,LIDC-IDRI-0181,6,95,./lidc_patches_all\LIDC-IDRI-0181\LIDC-IDRI-0181_n6_k95_img.png,./lidc_patches_all\LIDC-IDRI-0181\LIDC-IDRI-0181_n6_k95_mask.png,55.5419921875,250,331,274,357,4,1,6,3,4,2,1,5,2
182,LIDC-IDRI-0181,7,108,./lidc_patches_all\LIDC-IDRI-0181\LIDC-IDRI-0181_n7_k108_img.png,./lidc_patches_all\LIDC-IDRI-0181\LIDC-IDRI-0181_n7_k108_mask.png,64.0869140625,285,308,315,340,4,1,6,4,4,2,2,5,3
182,LIDC-IDRI-0181,7,109,./lidc_patches_all\LIDC-IDRI-0181\LIDC-IDRI-0181_n7_k109_img.png,./lidc_patches_all\LIDC-IDRI-0181\LIDC-IDRI-0181_n7_k109_mask.png,110.4736328125,285,308,315,340,4,1,6,4,4,2,2,5,3
182,LIDC-IDRI-0181,7,110,./lidc_patches_all\LIDC-IDRI-0181\LIDC-IDRI-0181_n7_k110_img.png,./lidc_patches_all\LIDC-IDRI-0181\LIDC-IDRI-0181_n7_k110_mask.png,131.2255859375,285,308,315,340,4,1,6,4,4,2,2,5,3
182,LIDC-IDRI-0181,7,111,./lidc_patches_all\LIDC-IDRI-0181\LIDC-IDRI-0181_n7_k111_img.png,./lidc_patches_all\LIDC-IDRI-0181\LIDC-IDRI-0181_n7_k111_mask.png,109.2529296875,285,308,315,340,4,1,6,4,4,2,2,5,3
182,LIDC-IDRI-0181,7,112,./lidc_patches_all\LIDC-IDRI-0181\LIDC-IDRI-0181_n7_k112_img.png,./lidc_patches_all\LIDC-IDRI-0181\LIDC-IDRI-0181_n7_k112_mask.png,53.7109375,285,308,315,340,4,1,6,4,4,2,2,5,3
