scan_id,patient_id,nodule_index,k_global,img_path,mask_path,area_mm2,nodule_bbox_xmin,nodule_bbox_ymin,nodule_bbox_xmax,nodule_bbox_ymax,ann_subtlety,ann_internalStructure,ann_calcification,ann_sphericity,ann_margin,ann_lobulation,ann_spiculation,ann_texture,ann_malignancy
83,LIDC-IDRI-0073,0,55,./lidc_patches_all\LIDC-IDRI-0073\LIDC-IDRI-0073_n0_k55_img.png,./lidc_patches_all\LIDC-IDRI-0073\LIDC-IDRI-0073_n0_k55_mask.png,88.00048828125,313,290,346,321,3,1,6,2,1,1,1,3,1
83,LIDC-IDRI-0073,0,56,./lidc_patches_all\LIDC-IDRI-0073\LIDC-IDRI-0073_n0_k56_img.png,./lidc_patches_all\LIDC-IDRI-0073\LIDC-IDRI-0073_n0_k56_mask.png,70.697021484375,313,290,346,321,3,1,6,2,1,1,1,3,1
83,LIDC-IDRI-0073,0,57,./lidc_patches_all\LIDC-IDRI-0073\LIDC-IDRI-0073_n0_k57_img.png,./lidc_patches_all\LIDC-IDRI-0073\LIDC-IDRI-0073_n0_k57_mask.png,60.31494140625,313,290,346,321,3,1,6,2,1,1,1,3,1
83,LIDC-IDRI-0073,1,62,./lidc_patches_all\LIDC-IDRI-0073\LIDC-IDRI-0073_n1_k62_img.png,./lidc_patches_all\LIDC-IDRI-0073\LIDC-IDRI-0073_n1_k62_mask.png,50.42724609375,356,310,379,336,4,1,6,4,3,2,1,4,3
83,LIDC-IDRI-0073,2,108,./lidc_patches_all\LIDC-IDRI-0073\LIDC-IDRI-0073_n2_k108_img.png,./lidc_patches_all\LIDC-IDRI-0073\LIDC-IDRI-0073_n2_k108_mask.png,102.83203125,243,312,294,361,4,1,6,4,4,2,2,5,4
83,LIDC-IDRI-0073,2,109,./lidc_patches_all\LIDC-IDRI-0073\LIDC-IDRI-0073_n2_k109_img.png,./lidc_patches_all\LIDC-IDRI-0073\LIDC-IDRI-0073_n2_k109_mask.png,185.888671875,243,312,294,361,4,1,6,4,4,2,2,5,4
83,LIDC-IDRI-0073,2,110,./lidc_patches_all\LIDC-IDRI-0073\LIDC-IDRI-0073_n2_k110_img.png,./lidc_patches_all\LIDC-IDRI-0073\LIDC-IDRI-0073_n2_k110_mask.png,199.237060546875,243,312,294,361,4,1,6,4,4,2,2,5,4
83,LIDC-IDRI-0073,2,111,./lidc_patches_all\LIDC-IDRI-0073\LIDC-IDRI-0073_n2_k111_img.png,./lidc_patches_all\LIDC-IDRI-0073\LIDC-IDRI-0073_n2_k111_mask.png,126.5625,243,312,294,361,4,1,6,4,4,2,2,5,4
83,LIDC-IDRI-0073,2,112,./lidc_patches_all\LIDC-IDRI-0073\LIDC-IDRI-0073_n2_k112_img.png,./lidc_patches_all\LIDC-IDRI-0073\LIDC-IDRI-0073_n2_k112_mask.png,125.57373046875,243,312,294,361,4,1,6,4,4,2,2,5,4
