scan_id,patient_id,nodule_index,k_global,img_path,mask_path,area_mm2,nodule_bbox_xmin,nodule_bbox_ymin,nodule_bbox_xmax,nodule_bbox_ymax,ann_subtlety,ann_internalStructure,ann_calcification,ann_sphericity,ann_margin,ann_lobulation,ann_spiculation,ann_texture,ann_malignancy
289,LIDC-IDRI-0289,0,28,./lidc_patches_all\LIDC-IDRI-0289\LIDC-IDRI-0289_n0_k28_img.png,./lidc_patches_all\LIDC-IDRI-0289\LIDC-IDRI-0289_n0_k28_mask.png,24.215725195319997,303,349,324,367,3,1,6,4,4,2,1,5,2
289,LIDC-IDRI-0289,1,52,./lidc_patches_all\LIDC-IDRI-0289\LIDC-IDRI-0289_n1_k52_img.png,./lidc_patches_all\LIDC-IDRI-0289\LIDC-IDRI-0289_n1_k52_mask.png,364.043068769644,127,156,170,208,4,1,6,4,5,1,1,5,3
289,LIDC-IDRI-0289,1,53,./lidc_patches_all\LIDC-IDRI-0289\LIDC-IDRI-0289_n1_k53_img.png,./lidc_patches_all\LIDC-IDRI-0289\LIDC-IDRI-0289_n1_k53_mask.png,434.268671836072,127,156,170,208,4,1,6,4,5,1,1,5,3
289,LIDC-IDRI-0289,1,54,./lidc_patches_all\LIDC-IDRI-0289\LIDC-IDRI-0289_n1_k54_img.png,./lidc_patches_all\LIDC-IDRI-0289\LIDC-IDRI-0289_n1_k54_mask.png,483.507313066556,127,156,170,208,4,1,6,4,5,1,1,5,3
289,LIDC-IDRI-0289,1,55,./lidc_patches_all\LIDC-IDRI-0289\LIDC-IDRI-0289_n1_k55_img.png,./lidc_patches_all\LIDC-IDRI-0289\LIDC-IDRI-0289_n1_k55_mask.png,477.049786347804,127,156,170,208,4,1,6,4,5,1,1,5,3
289,LIDC-IDRI-0289,1,56,./lidc_patches_all\LIDC-IDRI-0289\LIDC-IDRI-0289_n1_k56_img.png,./lidc_patches_all\LIDC-IDRI-0289\LIDC-IDRI-0289_n1_k56_mask.png,477.856977187648,127,156,170,208,4,1,6,4,5,1,1,5,3
289,LIDC-IDRI-0289,2,59,./lidc_patches_all\LIDC-IDRI-0289\LIDC-IDRI-0289_n2_k59_img.png,./lidc_patches_all\LIDC-IDRI-0289\LIDC-IDRI-0289_n2_k59_mask.png,8.879099238283999,249,392,265,407,2,1,6,5,5,1,1,5,2
