scan_id,patient_id,nodule_index,k_global,img_path,mask_path,area_mm2,nodule_bbox_xmin,nodule_bbox_ymin,nodule_bbox_xmax,nodule_bbox_ymax,ann_subtlety,ann_internalStructure,ann_calcification,ann_sphericity,ann_margin,ann_lobulation,ann_spiculation,ann_texture,ann_malignancy
221,LIDC-IDRI-0220,0,136,./lidc_patches_all\LIDC-IDRI-0220\LIDC-IDRI-0220_n0_k136_img.png,./lidc_patches_all\LIDC-IDRI-0220\LIDC-IDRI-0220_n0_k136_mask.png,134.27734375,291,206,330,247,4,1,6,3,3,3,3,1,3
221,LIDC-IDRI-0220,0,137,./lidc_patches_all\LIDC-IDRI-0220\LIDC-IDRI-0220_n0_k137_img.png,./lidc_patches_all\LIDC-IDRI-0220\LIDC-IDRI-0220_n0_k137_mask.png,111.6943359375,291,206,330,247,4,1,6,3,3,3,3,1,3
221,LIDC-IDRI-0220,0,138,./lidc_patches_all\LIDC-IDRI-0220\LIDC-IDRI-0220_n0_k138_img.png,./lidc_patches_all\LIDC-IDRI-0220\LIDC-IDRI-0220_n0_k138_mask.png,156.8603515625,291,206,330,247,4,1,6,3,3,3,3,1,3
221,LIDC-IDRI-0220,0,139,./lidc_patches_all\LIDC-IDRI-0220\LIDC-IDRI-0220_n0_k139_img.png,./lidc_patches_all\LIDC-IDRI-0220\LIDC-IDRI-0220_n0_k139_mask.png,153.1982421875,291,206,330,247,4,1,6,3,3,3,3,1,3
221,LIDC-IDRI-0220,0,140,./lidc_patches_all\LIDC-IDRI-0220\LIDC-IDRI-0220_n0_k140_img.png,./lidc_patches_all\LIDC-IDRI-0220\LIDC-IDRI-0220_n0_k140_mask.png,109.86328125,291,206,330,247,4,1,6,3,3,3,3,1,3
221,LIDC-IDRI-0220,1,141,./lidc_patches_all\LIDC-IDRI-0220\LIDC-IDRI-0220_n1_k141_img.png,./lidc_patches_all\LIDC-IDRI-0220\LIDC-IDRI-0220_n1_k141_mask.png,90.9423828125,177,124,206,162,4,1,6,3,4,2,2,4,3
221,LIDC-IDRI-0220,1,142,./lidc_patches_all\LIDC-IDRI-0220\LIDC-IDRI-0220_n1_k142_img.png,./lidc_patches_all\LIDC-IDRI-0220\LIDC-IDRI-0220_n1_k142_mask.png,102.5390625,177,124,206,162,4,1,6,3,4,2,2,4,3
221,LIDC-IDRI-0220,1,143,./lidc_patches_all\LIDC-IDRI-0220\LIDC-IDRI-0220_n1_k143_img.png,./lidc_patches_all\LIDC-IDRI-0220\LIDC-IDRI-0220_n1_k143_mask.png,88.5009765625,177,124,206,162,4,1,6,3,4,2,2,4,3
221,LIDC-IDRI-0220,1,144,./lidc_patches_all\LIDC-IDRI-0220\LIDC-IDRI-0220_n1_k144_img.png,./lidc_patches_all\LIDC-IDRI-0220\LIDC-IDRI-0220_n1_k144_mask.png,92.1630859375,177,124,206,162,4,1,6,3,4,2,2,4,3
221,LIDC-IDRI-0220,2,159,./lidc_patches_all\LIDC-IDRI-0220\LIDC-IDRI-0220_n2_k159_img.png,./lidc_patches_all\LIDC-IDRI-0220\LIDC-IDRI-0220_n2_k159_mask.png,170.2880859375,283,346,326,380,4,1,6,3,4,2,2,5,4
221,LIDC-IDRI-0220,2,160,./lidc_patches_all\LIDC-IDRI-0220\LIDC-IDRI-0220_n2_k160_img.png,./lidc_patches_all\LIDC-IDRI-0220\LIDC-IDRI-0220_n2_k160_mask.png,172.7294921875,283,346,326,380,4,1,6,3,4,2,2,5,4
221,LIDC-IDRI-0220,2,161,./lidc_patches_all\LIDC-IDRI-0220\LIDC-IDRI-0220_n2_k161_img.png,./lidc_patches_all\LIDC-IDRI-0220\LIDC-IDRI-0220_n2_k161_mask.png,176.3916015625,283,346,326,380,4,1,6,3,4,2,2,5,4
221,LIDC-IDRI-0220,2,162,./lidc_patches_all\LIDC-IDRI-0220\LIDC-IDRI-0220_n2_k162_img.png,./lidc_patches_all\LIDC-IDRI-0220\LIDC-IDRI-0220_n2_k162_mask.png,172.7294921875,283,346,326,380,4,1,6,3,4,2,2,5,4
221,LIDC-IDRI-0220,2,163,./lidc_patches_all\LIDC-IDRI-0220\LIDC-IDRI-0220_n2_k163_img.png,./lidc_patches_all\LIDC-IDRI-0220\LIDC-IDRI-0220_n2_k163_mask.png,148.92578125,283,346,326,380,4,1,6,3,4,2,2,5,4
