scan_id,patient_id,nodule_index,k_global,img_path,mask_path,area_mm2,nodule_bbox_xmin,nodule_bbox_ymin,nodule_bbox_xmax,nodule_bbox_ymax,ann_subtlety,ann_internalStructure,ann_calcification,ann_sphericity,ann_margin,ann_lobulation,ann_spiculation,ann_texture,ann_malignancy
187,LIDC-IDRI-0186,0,75,./lidc_patches_all\LIDC-IDRI-0186\LIDC-IDRI-0186_n0_k75_img.png,./lidc_patches_all\LIDC-IDRI-0186\LIDC-IDRI-0186_n0_k75_mask.png,16.616808398439996,116,330,136,349,4,1,3,4,5,2,1,5,1
187,LIDC-IDRI-0186,1,77,./lidc_patches_all\LIDC-IDRI-0186\LIDC-IDRI-0186_n1_k77_img.png,./lidc_patches_all\LIDC-IDRI-0186\LIDC-IDRI-0186_n1_k77_mask.png,50.68126561524199,204,402,233,429,1,1,6,5,2,1,1,1,2
187,LIDC-IDRI-0186,1,79,./lidc_patches_all\LIDC-IDRI-0186\LIDC-IDRI-0186_n1_k79_img.png,./lidc_patches_all\LIDC-IDRI-0186\LIDC-IDRI-0186_n1_k79_mask.png,54.00462729492999,204,402,233,429,1,1,6,5,2,1,1,1,2
187,LIDC-IDRI-0186,2,108,./lidc_patches_all\LIDC-IDRI-0186\LIDC-IDRI-0186_n2_k108_img.png,./lidc_patches_all\LIDC-IDRI-0186\LIDC-IDRI-0186_n2_k108_mask.png,14.955127558595997,199,130,218,151,4,1,6,4,2,2,2,4,3
187,LIDC-IDRI-0186,3,116,./lidc_patches_all\LIDC-IDRI-0186\LIDC-IDRI-0186_n3_k116_img.png,./lidc_patches_all\LIDC-IDRI-0186\LIDC-IDRI-0186_n3_k116_mask.png,407.1118057617799,263,167,328,224,5,4,6,4,2,2,4,5,3
187,LIDC-IDRI-0186,3,117,./lidc_patches_all\LIDC-IDRI-0186\LIDC-IDRI-0186_n3_k117_img.png,./lidc_patches_all\LIDC-IDRI-0186\LIDC-IDRI-0186_n3_k117_mask.png,513.4593795117959,263,167,328,224,5,4,6,4,2,2,4,5,3
187,LIDC-IDRI-0186,3,118,./lidc_patches_all\LIDC-IDRI-0186\LIDC-IDRI-0186_n3_k118_img.png,./lidc_patches_all\LIDC-IDRI-0186\LIDC-IDRI-0186_n3_k118_mask.png,532.568709170002,263,167,328,224,5,4,6,4,2,2,4,5,3
187,LIDC-IDRI-0186,3,119,./lidc_patches_all\LIDC-IDRI-0186\LIDC-IDRI-0186_n3_k119_img.png,./lidc_patches_all\LIDC-IDRI-0186\LIDC-IDRI-0186_n3_k119_mask.png,523.42946455086,263,167,328,224,5,4,6,4,2,2,4,5,3
187,LIDC-IDRI-0186,4,118,./lidc_patches_all\LIDC-IDRI-0186\LIDC-IDRI-0186_n4_k118_img.png,./lidc_patches_all\LIDC-IDRI-0186\LIDC-IDRI-0186_n4_k118_mask.png,114.65597794923598,288,324,333,374,5,1,6,4,3,3,4,5,5
187,LIDC-IDRI-0186,4,119,./lidc_patches_all\LIDC-IDRI-0186\LIDC-IDRI-0186_n4_k119_img.png,./lidc_patches_all\LIDC-IDRI-0186\LIDC-IDRI-0186_n4_k119_mask.png,126.28774382814397,288,324,333,374,5,1,6,4,3,3,4,5,5
187,LIDC-IDRI-0186,4,120,./lidc_patches_all\LIDC-IDRI-0186\LIDC-IDRI-0186_n4_k120_img.png,./lidc_patches_all\LIDC-IDRI-0186\LIDC-IDRI-0186_n4_k120_mask.png,97.62374934083499,288,324,333,374,5,1,6,4,3,3,4,5,5
187,LIDC-IDRI-0186,4,121,./lidc_patches_all\LIDC-IDRI-0186\LIDC-IDRI-0186_n4_k121_img.png,./lidc_patches_all\LIDC-IDRI-0186\LIDC-IDRI-0186_n4_k121_mask.png,86.40740367188799,288,324,333,374,5,1,6,4,3,3,4,5,5
