scan_id,patient_id,nodule_index,k_global,img_path,mask_path,area_mm2,nodule_bbox_xmin,nodule_bbox_ymin,nodule_bbox_xmax,nodule_bbox_ymax,ann_subtlety,ann_internalStructure,ann_calcification,ann_sphericity,ann_margin,ann_lobulation,ann_spiculation,ann_texture,ann_malignancy
265,LIDC-IDRI-0265,0,104,./lidc_patches_all\LIDC-IDRI-0265\LIDC-IDRI-0265_n0_k104_img.png,./lidc_patches_all\LIDC-IDRI-0265\LIDC-IDRI-0265_n0_k104_mask.png,213.0126953125,293,183,347,244,5,1,6,3,2,3,4,4,4
265,LIDC-IDRI-0265,0,105,./lidc_patches_all\LIDC-IDRI-0265\LIDC-IDRI-0265_n0_k105_img.png,./lidc_patches_all\LIDC-IDRI-0265\LIDC-IDRI-0265_n0_k105_mask.png,317.3828125,293,183,347,244,5,1,6,3,2,3,4,4,4
265,LIDC-IDRI-0265,0,106,./lidc_patches_all\LIDC-IDRI-0265\LIDC-IDRI-0265_n0_k106_img.png,./lidc_patches_all\LIDC-IDRI-0265\LIDC-IDRI-0265_n0_k106_mask.png,346.0693359375,293,183,347,244,5,1,6,3,2,3,4,4,4
265,LIDC-IDRI-0265,0,107,./lidc_patches_all\LIDC-IDRI-0265\LIDC-IDRI-0265_n0_k107_img.png,./lidc_patches_all\LIDC-IDRI-0265\LIDC-IDRI-0265_n0_k107_mask.png,253.90625,293,183,347,244,5,1,6,3,2,3,4,4,4
265,LIDC-IDRI-0265,0,108,./lidc_patches_all\LIDC-IDRI-0265\LIDC-IDRI-0265_n0_k108_img.png,./lidc_patches_all\LIDC-IDRI-0265\LIDC-IDRI-0265_n0_k108_mask.png,177.6123046875,293,183,347,244,5,1,6,3,2,3,4,4,4
