scan_id,patient_id,nodule_index,k_global,img_path,mask_path,area_mm2,nodule_bbox_xmin,nodule_bbox_ymin,nodule_bbox_xmax,nodule_bbox_ymax,ann_subtlety,ann_internalStructure,ann_calcification,ann_sphericity,ann_margin,ann_lobulation,ann_spiculation,ann_texture,ann_malignancy
402,LIDC-IDRI-0398,0,83,./lidc_patches_all\LIDC-IDRI-0398\LIDC-IDRI-0398_n0_k83_img.png,./lidc_patches_all\LIDC-IDRI-0398\LIDC-IDRI-0398_n0_k83_mask.png,15.2587890625,282,400,301,418,5,1,6,5,5,1,1,5,3
402,LIDC-IDRI-0398,1,89,./lidc_patches_all\LIDC-IDRI-0398\LIDC-IDRI-0398_n1_k89_img.png,./lidc_patches_all\LIDC-IDRI-0398\LIDC-IDRI-0398_n1_k89_mask.png,20.751953125,327,118,347,139,3,1,6,4,4,1,2,5,3
402,LIDC-IDRI-0398,2,113,./lidc_patches_all\LIDC-IDRI-0398\LIDC-IDRI-0398_n2_k113_img.png,./lidc_patches_all\LIDC-IDRI-0398\LIDC-IDRI-0398_n2_k113_mask.png,12.20703125,335,341,352,358,5,1,6,5,5,1,1,5,3
402,LIDC-IDRI-0398,3,124,./lidc_patches_all\LIDC-IDRI-0398\LIDC-IDRI-0398_n3_k124_img.png,./lidc_patches_all\LIDC-IDRI-0398\LIDC-IDRI-0398_n3_k124_mask.png,31.1279296875,365,349,386,369,4,1,6,5,5,1,1,5,3
402,LIDC-IDRI-0398,4,124,./lidc_patches_all\LIDC-IDRI-0398\LIDC-IDRI-0398_n4_k124_img.png,./lidc_patches_all\LIDC-IDRI-0398\LIDC-IDRI-0398_n4_k124_mask.png,10.986328125,180,151,197,168,5,1,6,5,5,1,1,5,3
402,LIDC-IDRI-0398,5,126,./lidc_patches_all\LIDC-IDRI-0398\LIDC-IDRI-0398_n5_k126_img.png,./lidc_patches_all\LIDC-IDRI-0398\LIDC-IDRI-0398_n5_k126_mask.png,8.544921875,315,157,331,173,5,1,6,5,5,1,1,5,3
402,LIDC-IDRI-0398,6,132,./lidc_patches_all\LIDC-IDRI-0398\LIDC-IDRI-0398_n6_k132_img.png,./lidc_patches_all\LIDC-IDRI-0398\LIDC-IDRI-0398_n6_k132_mask.png,14.6484375,305,136,325,155,4,1,6,4,5,1,1,5,3
402,LIDC-IDRI-0398,7,152,./lidc_patches_all\LIDC-IDRI-0398\LIDC-IDRI-0398_n7_k152_img.png,./lidc_patches_all\LIDC-IDRI-0398\LIDC-IDRI-0398_n7_k152_mask.png,6.7138671875,212,171,229,188,5,1,6,5,5,1,1,5,3
402,LIDC-IDRI-0398,8,159,./lidc_patches_all\LIDC-IDRI-0398\LIDC-IDRI-0398_n8_k159_img.png,./lidc_patches_all\LIDC-IDRI-0398\LIDC-IDRI-0398_n8_k159_mask.png,6.7138671875,162,283,178,299,5,1,6,5,5,1,1,5,3
402,LIDC-IDRI-0398,9,178,./lidc_patches_all\LIDC-IDRI-0398\LIDC-IDRI-0398_n9_k178_img.png,./lidc_patches_all\LIDC-IDRI-0398\LIDC-IDRI-0398_n9_k178_mask.png,8.544921875,241,378,257,394,5,1,6,5,5,1,1,5,3
402,LIDC-IDRI-0398,10,181,./lidc_patches_all\LIDC-IDRI-0398\LIDC-IDRI-0398_n10_k181_img.png,./lidc_patches_all\LIDC-IDRI-0398\LIDC-IDRI-0398_n10_k181_mask.png,86.0595703125,315,171,345,203,4,1,6,3,3,2,2,5,4
402,LIDC-IDRI-0398,10,182,./lidc_patches_all\LIDC-IDRI-0398\LIDC-IDRI-0398_n10_k182_img.png,./lidc_patches_all\LIDC-IDRI-0398\LIDC-IDRI-0398_n10_k182_mask.png,94.6044921875,315,171,345,203,4,1,6,3,3,2,2,5,4
402,LIDC-IDRI-0398,10,183,./lidc_patches_all\LIDC-IDRI-0398\LIDC-IDRI-0398_n10_k183_img.png,./lidc_patches_all\LIDC-IDRI-0398\LIDC-IDRI-0398_n10_k183_mask.png,97.0458984375,315,171,345,203,4,1,6,3,3,2,2,5,4
402,LIDC-IDRI-0398,10,184,./lidc_patches_all\LIDC-IDRI-0398\LIDC-IDRI-0398_n10_k184_img.png,./lidc_patches_all\LIDC-IDRI-0398\LIDC-IDRI-0398_n10_k184_mask.png,90.9423828125,315,171,345,203,4,1,6,3,3,2,2,5,4
402,LIDC-IDRI-0398,10,185,./lidc_patches_all\LIDC-IDRI-0398\LIDC-IDRI-0398_n10_k185_img.png,./lidc_patches_all\LIDC-IDRI-0398\LIDC-IDRI-0398_n10_k185_mask.png,69.580078125,315,171,345,203,4,1,6,3,3,2,2,5,4
402,LIDC-IDRI-0398,11,197,./lidc_patches_all\LIDC-IDRI-0398\LIDC-IDRI-0398_n11_k197_img.png,./lidc_patches_all\LIDC-IDRI-0398\LIDC-IDRI-0398_n11_k197_mask.png,6.103515625,241,320,257,336,5,1,6,5,5,1,1,5,3
402,LIDC-IDRI-0398,12,210,./lidc_patches_all\LIDC-IDRI-0398\LIDC-IDRI-0398_n12_k210_img.png,./lidc_patches_all\LIDC-IDRI-0398\LIDC-IDRI-0398_n12_k210_mask.png,14.6484375,245,346,263,365,4,1,6,4,5,1,1,5,2
