scan_id,patient_id,nodule_index,k_global,img_path,mask_path,area_mm2,nodule_bbox_xmin,nodule_bbox_ymin,nodule_bbox_xmax,nodule_bbox_ymax,ann_subtlety,ann_internalStructure,ann_calcification,ann_sphericity,ann_margin,ann_lobulation,ann_spiculation,ann_texture,ann_malignancy
267,LIDC-IDRI-0267,0,49,./lidc_patches_all\LIDC-IDRI-0267\LIDC-IDRI-0267_n0_k49_img.png,./lidc_patches_all\LIDC-IDRI-0267\LIDC-IDRI-0267_n0_k49_mask.png,454.8883614845441,310,124,362,186,5,1,6,4,3,3,3,5,5
267,LIDC-IDRI-0267,0,50,./lidc_patches_all\LIDC-IDRI-0267\LIDC-IDRI-0267_n0_k50_img.png,./lidc_patches_all\LIDC-IDRI-0267\LIDC-IDRI-0267_n0_k50_mask.png,512.7587743361281,310,124,362,186,5,1,6,4,3,3,3,5,5
267,LIDC-IDRI-0267,0,51,./lidc_patches_all\LIDC-IDRI-0267\LIDC-IDRI-0267_n0_k51_img.png,./lidc_patches_all\LIDC-IDRI-0267\LIDC-IDRI-0267_n0_k51_mask.png,591.489452285376,310,124,362,186,5,1,6,4,3,3,3,5,5
267,LIDC-IDRI-0267,0,52,./lidc_patches_all\LIDC-IDRI-0267\LIDC-IDRI-0267_n0_k52_img.png,./lidc_patches_all\LIDC-IDRI-0267\LIDC-IDRI-0267_n0_k52_mask.png,566.5917165236481,310,124,362,186,5,1,6,4,3,3,3,5,5
267,LIDC-IDRI-0267,0,53,./lidc_patches_all\LIDC-IDRI-0267\LIDC-IDRI-0267_n0_k53_img.png,./lidc_patches_all\LIDC-IDRI-0267\LIDC-IDRI-0267_n0_k53_mask.png,514.7775096681601,310,124,362,186,5,1,6,4,3,3,3,5,5
267,LIDC-IDRI-0267,1,132,./lidc_patches_all\LIDC-IDRI-0267\LIDC-IDRI-0267_n1_k132_img.png,./lidc_patches_all\LIDC-IDRI-0267\LIDC-IDRI-0267_n1_k132_mask.png,20.860265097664,258,201,276,219,5,1,3,5,5,1,1,5,1
