scan_id,patient_id,nodule_index,k_global,img_path,mask_path,area_mm2,nodule_bbox_xmin,nodule_bbox_ymin,nodule_bbox_xmax,nodule_bbox_ymax,ann_subtlety,ann_internalStructure,ann_calcification,ann_sphericity,ann_margin,ann_lobulation,ann_spiculation,ann_texture,ann_malignancy
308,LIDC-IDRI-0308,0,234,./lidc_patches_all\LIDC-IDRI-0308\LIDC-IDRI-0308_n0_k234_img.png,./lidc_patches_all\LIDC-IDRI-0308\LIDC-IDRI-0308_n0_k234_mask.png,62.786865234375,250,64,273,103,3,1,6,5,5,1,1,5,2
308,LIDC-IDRI-0308,0,235,./lidc_patches_all\LIDC-IDRI-0308\LIDC-IDRI-0308_n0_k235_img.png,./lidc_patches_all\LIDC-IDRI-0308\LIDC-IDRI-0308_n0_k235_mask.png,60.809326171875,250,64,273,103,3,1,6,5,5,1,1,5,2
308,LIDC-IDRI-0308,0,236,./lidc_patches_all\LIDC-IDRI-0308\LIDC-IDRI-0308_n0_k236_img.png,./lidc_patches_all\LIDC-IDRI-0308\LIDC-IDRI-0308_n0_k236_mask.png,70.20263671875,250,64,273,103,3,1,6,5,5,1,1,5,2
308,LIDC-IDRI-0308,0,237,./lidc_patches_all\LIDC-IDRI-0308\LIDC-IDRI-0308_n0_k237_img.png,./lidc_patches_all\LIDC-IDRI-0308\LIDC-IDRI-0308_n0_k237_mask.png,58.831787109375,250,64,273,103,3,1,6,5,5,1,1,5,2
308,LIDC-IDRI-0308,0,238,./lidc_patches_all\LIDC-IDRI-0308\LIDC-IDRI-0308_n0_k238_img.png,./lidc_patches_all\LIDC-IDRI-0308\LIDC-IDRI-0308_n0_k238_mask.png,50.42724609375,250,64,273,103,3,1,6,5,5,1,1,5,2
308,LIDC-IDRI-0308,1,280,./lidc_patches_all\LIDC-IDRI-0308\LIDC-IDRI-0308_n1_k280_img.png,./lidc_patches_all\LIDC-IDRI-0308\LIDC-IDRI-0308_n1_k280_mask.png,20.76416015625,206,400,227,420,3,1,6,4,4,2,1,5,3
308,LIDC-IDRI-0308,2,413,./lidc_patches_all\LIDC-IDRI-0308\LIDC-IDRI-0308_n2_k413_img.png,./lidc_patches_all\LIDC-IDRI-0308\LIDC-IDRI-0308_n2_k413_mask.png,51.910400390625,351,323,379,349,1,1,6,5,2,1,1,1,2
308,LIDC-IDRI-0308,2,414,./lidc_patches_all\LIDC-IDRI-0308\LIDC-IDRI-0308_n2_k414_img.png,./lidc_patches_all\LIDC-IDRI-0308\LIDC-IDRI-0308_n2_k414_mask.png,58.831787109375,351,323,379,349,1,1,6,5,2,1,1,1,2
308,LIDC-IDRI-0308,2,415,./lidc_patches_all\LIDC-IDRI-0308\LIDC-IDRI-0308_n2_k415_img.png,./lidc_patches_all\LIDC-IDRI-0308\LIDC-IDRI-0308_n2_k415_mask.png,52.899169921875,351,323,379,349,1,1,6,5,2,1,1,1,2
