scan_id,patient_id,nodule_index,k_global,img_path,mask_path,area_mm2,nodule_bbox_xmin,nodule_bbox_ymin,nodule_bbox_xmax,nodule_bbox_ymax,ann_subtlety,ann_internalStructure,ann_calcification,ann_sphericity,ann_margin,ann_lobulation,ann_spiculation,ann_texture,ann_malignancy
359,LIDC-IDRI-0356,0,60,./lidc_patches_all\LIDC-IDRI-0356\LIDC-IDRI-0356_n0_k60_img.png,./lidc_patches_all\LIDC-IDRI-0356\LIDC-IDRI-0356_n0_k60_mask.png,15.252685546875,328,440,351,462,3,1,6,4,4,1,1,4,3
359,LIDC-IDRI-0356,1,65,./lidc_patches_all\LIDC-IDRI-0356\LIDC-IDRI-0356_n1_k65_img.png,./lidc_patches_all\LIDC-IDRI-0356\LIDC-IDRI-0356_n1_k65_mask.png,13.75732421875,214,449,235,469,2,1,6,3,4,1,1,4,3
359,LIDC-IDRI-0356,2,66,./lidc_patches_all\LIDC-IDRI-0356\LIDC-IDRI-0356_n2_k66_img.png,./lidc_patches_all\LIDC-IDRI-0356\LIDC-IDRI-0356_n2_k66_mask.png,15.850830078125,223,440,245,461,3,1,6,4,5,1,1,5,2
359,LIDC-IDRI-0356,3,74,./lidc_patches_all\LIDC-IDRI-0356\LIDC-IDRI-0356_n3_k74_img.png,./lidc_patches_all\LIDC-IDRI-0356\LIDC-IDRI-0356_n3_k74_mask.png,20.635986328125,372,422,396,447,3,1,6,4,5,1,1,5,3
359,LIDC-IDRI-0356,4,75,./lidc_patches_all\LIDC-IDRI-0356\LIDC-IDRI-0356_n4_k75_img.png,./lidc_patches_all\LIDC-IDRI-0356\LIDC-IDRI-0356_n4_k75_mask.png,31.70166015625,248,53,275,77,4,1,6,4,5,1,1,5,3
359,LIDC-IDRI-0356,5,92,./lidc_patches_all\LIDC-IDRI-0356\LIDC-IDRI-0356_n5_k92_img.png,./lidc_patches_all\LIDC-IDRI-0356\LIDC-IDRI-0356_n5_k92_mask.png,16.748046875,319,66,338,88,4,1,6,2,5,1,1,5,3
359,LIDC-IDRI-0356,6,114,./lidc_patches_all\LIDC-IDRI-0356\LIDC-IDRI-0356_n6_k114_img.png,./lidc_patches_all\LIDC-IDRI-0356\LIDC-IDRI-0356_n6_k114_mask.png,14.35546875,280,419,299,440,2,1,6,2,5,1,1,5,2
359,LIDC-IDRI-0356,7,147,./lidc_patches_all\LIDC-IDRI-0356\LIDC-IDRI-0356_n7_k147_img.png,./lidc_patches_all\LIDC-IDRI-0356\LIDC-IDRI-0356_n7_k147_mask.png,23.92578125,203,103,227,126,2,1,6,5,2,1,1,1,2
