scan_id,patient_id,nodule_index,k_global,img_path,mask_path,area_mm2,nodule_bbox_xmin,nodule_bbox_ymin,nodule_bbox_xmax,nodule_bbox_ymax,ann_subtlety,ann_internalStructure,ann_calcification,ann_sphericity,ann_margin,ann_lobulation,ann_spiculation,ann_texture,ann_malignancy
135,LIDC-IDRI-0131,0,121,./lidc_patches_all\LIDC-IDRI-0131\LIDC-IDRI-0131_n0_k121_img.png,./lidc_patches_all\LIDC-IDRI-0131\LIDC-IDRI-0131_n0_k121_mask.png,12.85400390625,325,378,345,398,1,1,6,3,1,1,1,2,3
135,LIDC-IDRI-0131,1,121,./lidc_patches_all\LIDC-IDRI-0131\LIDC-IDRI-0131_n1_k121_img.png,./lidc_patches_all\LIDC-IDRI-0131\LIDC-IDRI-0131_n1_k121_mask.png,81.573486328125,362,331,392,361,4,1,6,3,3,2,2,1,3
135,LIDC-IDRI-0131,1,122,./lidc_patches_all\LIDC-IDRI-0131\LIDC-IDRI-0131_n1_k122_img.png,./lidc_patches_all\LIDC-IDRI-0131\LIDC-IDRI-0131_n1_k122_mask.png,84.04541015625,362,331,392,361,4,1,6,3,3,2,2,1,3
135,LIDC-IDRI-0131,1,123,./lidc_patches_all\LIDC-IDRI-0131\LIDC-IDRI-0131_n1_k123_img.png,./lidc_patches_all\LIDC-IDRI-0131\LIDC-IDRI-0131_n1_k123_mask.png,57.843017578125,362,331,392,361,4,1,6,3,3,2,2,1,3
