scan_id,patient_id,nodule_index,k_global,img_path,mask_path,area_mm2,nodule_bbox_xmin,nodule_bbox_ymin,nodule_bbox_xmax,nodule_bbox_ymax,ann_subtlety,ann_internalStructure,ann_calcification,ann_sphericity,ann_margin,ann_lobulation,ann_spiculation,ann_texture,ann_malignancy
365,LIDC-IDRI-0362,0,128,./lidc_patches_all\LIDC-IDRI-0362\LIDC-IDRI-0362_n0_k128_img.png,./lidc_patches_all\LIDC-IDRI-0362\LIDC-IDRI-0362_n0_k128_mask.png,23.73046875,218,394,237,417,3,1,6,4,4,2,1,3,3
365,LIDC-IDRI-0362,1,147,./lidc_patches_all\LIDC-IDRI-0362\LIDC-IDRI-0362_n1_k147_img.png,./lidc_patches_all\LIDC-IDRI-0362\LIDC-IDRI-0362_n1_k147_mask.png,74.15771484375,279,97,314,130,5,1,6,4,4,4,2,4,4
365,LIDC-IDRI-0362,1,148,./lidc_patches_all\LIDC-IDRI-0362\LIDC-IDRI-0362_n1_k148_img.png,./lidc_patches_all\LIDC-IDRI-0362\LIDC-IDRI-0362_n1_k148_mask.png,115.191650390625,279,97,314,130,5,1,6,4,4,4,2,4,4
365,LIDC-IDRI-0362,1,149,./lidc_patches_all\LIDC-IDRI-0362\LIDC-IDRI-0362_n1_k149_img.png,./lidc_patches_all\LIDC-IDRI-0362\LIDC-IDRI-0362_n1_k149_mask.png,127.55126953125,279,97,314,130,5,1,6,4,4,4,2,4,4
365,LIDC-IDRI-0362,1,150,./lidc_patches_all\LIDC-IDRI-0362\LIDC-IDRI-0362_n1_k150_img.png,./lidc_patches_all\LIDC-IDRI-0362\LIDC-IDRI-0362_n1_k150_mask.png,123.101806640625,279,97,314,130,5,1,6,4,4,4,2,4,4
365,LIDC-IDRI-0362,1,151,./lidc_patches_all\LIDC-IDRI-0362\LIDC-IDRI-0362_n1_k151_img.png,./lidc_patches_all\LIDC-IDRI-0362\LIDC-IDRI-0362_n1_k151_mask.png,65.2587890625,279,97,314,130,5,1,6,4,4,4,2,4,4
