scan_id,patient_id,nodule_index,k_global,img_path,mask_path,area_mm2,nodule_bbox_xmin,nodule_bbox_ymin,nodule_bbox_xmax,nodule_bbox_ymax,ann_subtlety,ann_internalStructure,ann_calcification,ann_sphericity,ann_margin,ann_lobulation,ann_spiculation,ann_texture,ann_malignancy
257,LIDC-IDRI-0257,0,67,./lidc_patches_all\LIDC-IDRI-0257\LIDC-IDRI-0257_n0_k67_img.png,./lidc_patches_all\LIDC-IDRI-0257\LIDC-IDRI-0257_n0_k67_mask.png,81.1767578125,326,185,357,218,4,1,6,3,3,3,2,4,4
257,LIDC-IDRI-0257,0,68,./lidc_patches_all\LIDC-IDRI-0257\LIDC-IDRI-0257_n0_k68_img.png,./lidc_patches_all\LIDC-IDRI-0257\LIDC-IDRI-0257_n0_k68_mask.png,131.2255859375,326,185,357,218,4,1,6,3,3,3,2,4,4
257,LIDC-IDRI-0257,0,69,./lidc_patches_all\LIDC-IDRI-0257\LIDC-IDRI-0257_n0_k69_img.png,./lidc_patches_all\LIDC-IDRI-0257\LIDC-IDRI-0257_n0_k69_mask.png,117.7978515625,326,185,357,218,4,1,6,3,3,3,2,4,4
257,LIDC-IDRI-0257,0,70,./lidc_patches_all\LIDC-IDRI-0257\LIDC-IDRI-0257_n0_k70_img.png,./lidc_patches_all\LIDC-IDRI-0257\LIDC-IDRI-0257_n0_k70_mask.png,54.3212890625,326,185,357,218,4,1,6,3,3,3,2,4,4
