scan_id,patient_id,nodule_index,k_global,img_path,mask_path,area_mm2,nodule_bbox_xmin,nodule_bbox_ymin,nodule_bbox_xmax,nodule_bbox_ymax,ann_subtlety,ann_internalStructure,ann_calcification,ann_sphericity,ann_margin,ann_lobulation,ann_spiculation,ann_texture,ann_malignancy
78,LIDC-IDRI-0067,0,113,./lidc_patches_all\LIDC-IDRI-0067\LIDC-IDRI-0067_n0_k113_img.png,./lidc_patches_all\LIDC-IDRI-0067\LIDC-IDRI-0067_n0_k113_mask.png,57.373046875,268,416,293,442,5,1,6,4,5,1,1,5,4
78,LIDC-IDRI-0067,0,114,./lidc_patches_all\LIDC-IDRI-0067\LIDC-IDRI-0067_n0_k114_img.png,./lidc_patches_all\LIDC-IDRI-0067\LIDC-IDRI-0067_n0_k114_mask.png,63.4765625,268,416,293,442,5,1,6,4,5,1,1,5,4
78,LIDC-IDRI-0067,0,115,./lidc_patches_all\LIDC-IDRI-0067\LIDC-IDRI-0067_n0_k115_img.png,./lidc_patches_all\LIDC-IDRI-0067\LIDC-IDRI-0067_n0_k115_mask.png,60.4248046875,268,416,293,442,5,1,6,4,5,1,1,5,4
78,LIDC-IDRI-0067,1,129,./lidc_patches_all\LIDC-IDRI-0067\LIDC-IDRI-0067_n1_k129_img.png,./lidc_patches_all\LIDC-IDRI-0067\LIDC-IDRI-0067_n1_k129_mask.png,32.3486328125,296,410,316,432,4,1,5,4,4,1,1,4,2
78,LIDC-IDRI-0067,2,138,./lidc_patches_all\LIDC-IDRI-0067\LIDC-IDRI-0067_n2_k138_img.png,./lidc_patches_all\LIDC-IDRI-0067\LIDC-IDRI-0067_n2_k138_mask.png,33.5693359375,214,245,235,269,3,1,6,4,4,2,2,5,3
78,LIDC-IDRI-0067,3,174,./lidc_patches_all\LIDC-IDRI-0067\LIDC-IDRI-0067_n3_k174_img.png,./lidc_patches_all\LIDC-IDRI-0067\LIDC-IDRI-0067_n3_k174_mask.png,20.751953125,304,408,322,428,4,1,6,3,3,2,2,4,2
