scan_id,patient_id,nodule_index,k_global,img_path,mask_path,area_mm2,nodule_bbox_xmin,nodule_bbox_ymin,nodule_bbox_xmax,nodule_bbox_ymax,ann_subtlety,ann_internalStructure,ann_calcification,ann_sphericity,ann_margin,ann_lobulation,ann_spiculation,ann_texture,ann_malignancy
456,LIDC-IDRI-0451,0,111,./lidc_patches_all\LIDC-IDRI-0451\LIDC-IDRI-0451_n0_k111_img.png,./lidc_patches_all\LIDC-IDRI-0451\LIDC-IDRI-0451_n0_k111_mask.png,50.00114440917969,357,204,386,232,4,1,6,4,5,2,1,5,3
456,LIDC-IDRI-0451,0,112,./lidc_patches_all\LIDC-IDRI-0451\LIDC-IDRI-0451_n0_k112_img.png,./lidc_patches_all\LIDC-IDRI-0451\LIDC-IDRI-0451_n0_k112_mask.png,76.16996765136719,357,204,386,232,4,1,6,4,5,2,1,5,3
456,LIDC-IDRI-0451,0,113,./lidc_patches_all\LIDC-IDRI-0451\LIDC-IDRI-0451_n0_k113_img.png,./lidc_patches_all\LIDC-IDRI-0451\LIDC-IDRI-0451_n0_k113_mask.png,81.31027221679688,357,204,386,232,4,1,6,4,5,2,1,5,3
456,LIDC-IDRI-0451,0,114,./lidc_patches_all\LIDC-IDRI-0451\LIDC-IDRI-0451_n0_k114_img.png,./lidc_patches_all\LIDC-IDRI-0451\LIDC-IDRI-0451_n0_k114_mask.png,50.93574523925781,357,204,386,232,4,1,6,4,5,2,1,5,3
