scan_id,patient_id,nodule_index,k_global,img_path,mask_path,area_mm2,nodule_bbox_xmin,nodule_bbox_ymin,nodule_bbox_xmax,nodule_bbox_ymax,ann_subtlety,ann_internalStructure,ann_calcification,ann_sphericity,ann_margin,ann_lobulation,ann_spiculation,ann_texture,ann_malignancy
260,LIDC-IDRI-0260,0,46,./lidc_patches_all\LIDC-IDRI-0260\LIDC-IDRI-0260_n0_k46_img.png,./lidc_patches_all\LIDC-IDRI-0260\LIDC-IDRI-0260_n0_k46_mask.png,92.60545136724001,299,109,336,144,5,1,6,4,4,4,2,5,4
260,LIDC-IDRI-0260,0,47,./lidc_patches_all\LIDC-IDRI-0260\LIDC-IDRI-0260_n0_k47_img.png,./lidc_patches_all\LIDC-IDRI-0260\LIDC-IDRI-0260_n0_k47_mask.png,138.467198711016,299,109,336,144,5,1,6,4,4,4,2,5,4
260,LIDC-IDRI-0260,0,48,./lidc_patches_all\LIDC-IDRI-0260\LIDC-IDRI-0260_n0_k48_img.png,./lidc_patches_all\LIDC-IDRI-0260\LIDC-IDRI-0260_n0_k48_mask.png,148.609700527428,299,109,336,144,5,1,6,4,4,4,2,5,4
260,LIDC-IDRI-0260,0,49,./lidc_patches_all\LIDC-IDRI-0260\LIDC-IDRI-0260_n0_k49_img.png,./lidc_patches_all\LIDC-IDRI-0260\LIDC-IDRI-0260_n0_k49_mask.png,128.765675234448,299,109,336,144,5,1,6,4,4,4,2,5,4
260,LIDC-IDRI-0260,0,50,./lidc_patches_all\LIDC-IDRI-0260\LIDC-IDRI-0260_n0_k50_img.png,./lidc_patches_all\LIDC-IDRI-0260\LIDC-IDRI-0260_n0_k50_mask.png,53.358379121124,299,109,336,144,5,1,6,4,4,4,2,5,4
260,LIDC-IDRI-0260,1,56,./lidc_patches_all\LIDC-IDRI-0260\LIDC-IDRI-0260_n1_k56_img.png,./lidc_patches_all\LIDC-IDRI-0260\LIDC-IDRI-0260_n1_k56_mask.png,104.95284488287201,179,209,211,244,4,1,6,4,4,2,2,5,4
260,LIDC-IDRI-0260,1,57,./lidc_patches_all\LIDC-IDRI-0260\LIDC-IDRI-0260_n1_k57_img.png,./lidc_patches_all\LIDC-IDRI-0260\LIDC-IDRI-0260_n1_k57_mask.png,105.39382322271601,179,209,211,244,4,1,6,4,4,2,2,5,4
260,LIDC-IDRI-0260,1,58,./lidc_patches_all\LIDC-IDRI-0260\LIDC-IDRI-0260_n1_k58_img.png,./lidc_patches_all\LIDC-IDRI-0260\LIDC-IDRI-0260_n1_k58_mask.png,107.59871492193601,179,209,211,244,4,1,6,4,4,2,2,5,4
260,LIDC-IDRI-0260,2,56,./lidc_patches_all\LIDC-IDRI-0260\LIDC-IDRI-0260_n2_k56_img.png,./lidc_patches_all\LIDC-IDRI-0260\LIDC-IDRI-0260_n2_k56_mask.png,104.07088820318401,296,166,333,205,5,1,6,4,4,2,2,5,4
260,LIDC-IDRI-0260,2,57,./lidc_patches_all\LIDC-IDRI-0260\LIDC-IDRI-0260_n2_k57_img.png,./lidc_patches_all\LIDC-IDRI-0260\LIDC-IDRI-0260_n2_k57_mask.png,155.66535396493202,296,166,333,205,5,1,6,4,4,2,2,5,4
260,LIDC-IDRI-0260,2,58,./lidc_patches_all\LIDC-IDRI-0260\LIDC-IDRI-0260_n2_k58_img.png,./lidc_patches_all\LIDC-IDRI-0260\LIDC-IDRI-0260_n2_k58_mask.png,162.72100740243602,296,166,333,205,5,1,6,4,4,2,2,5,4
260,LIDC-IDRI-0260,2,59,./lidc_patches_all\LIDC-IDRI-0260\LIDC-IDRI-0260_n2_k59_img.png,./lidc_patches_all\LIDC-IDRI-0260\LIDC-IDRI-0260_n2_k59_mask.png,118.623173418036,296,166,333,205,5,1,6,4,4,2,2,5,4
260,LIDC-IDRI-0260,2,60,./lidc_patches_all\LIDC-IDRI-0260\LIDC-IDRI-0260_n2_k60_img.png,./lidc_patches_all\LIDC-IDRI-0260\LIDC-IDRI-0260_n2_k60_mask.png,75.848274453168,296,166,333,205,5,1,6,4,4,2,2,5,4
260,LIDC-IDRI-0260,3,119,./lidc_patches_all\LIDC-IDRI-0260\LIDC-IDRI-0260_n3_k119_img.png,./lidc_patches_all\LIDC-IDRI-0260\LIDC-IDRI-0260_n3_k119_mask.png,16.757176914072,243,116,264,134,4,1,6,2,4,1,1,5,2
