scan_id,patient_id,nodule_index,k_global,img_path,mask_path,area_mm2,nodule_bbox_xmin,nodule_bbox_ymin,nodule_bbox_xmax,nodule_bbox_ymax,ann_subtlety,ann_internalStructure,ann_calcification,ann_sphericity,ann_margin,ann_lobulation,ann_spiculation,ann_texture,ann_malignancy
479,LIDC-IDRI-0474,0,93,./lidc_patches_all\LIDC-IDRI-0474\LIDC-IDRI-0474_n0_k93_img.png,./lidc_patches_all\LIDC-IDRI-0474\LIDC-IDRI-0474_n0_k93_mask.png,21.884052276611328,324,306,345,326,4,1,3,5,5,2,1,5,1
479,LIDC-IDRI-0474,1,120,./lidc_patches_all\LIDC-IDRI-0474\LIDC-IDRI-0474_n1_k120_img.png,./lidc_patches_all\LIDC-IDRI-0474\LIDC-IDRI-0474_n1_k120_mask.png,30.14218521118164,247,143,269,166,4,1,6,4,1,2,2,1,3
479,LIDC-IDRI-0474,2,121,./lidc_patches_all\LIDC-IDRI-0474\LIDC-IDRI-0474_n2_k121_img.png,./lidc_patches_all\LIDC-IDRI-0474\LIDC-IDRI-0474_n2_k121_mask.png,36.335784912109375,305,137,330,162,2,1,6,4,1,4,2,1,3
479,LIDC-IDRI-0474,3,122,./lidc_patches_all\LIDC-IDRI-0474\LIDC-IDRI-0474_n3_k122_img.png,./lidc_patches_all\LIDC-IDRI-0474\LIDC-IDRI-0474_n3_k122_mask.png,45.41973114013672,267,98,296,124,2,1,6,4,2,3,2,1,3
479,LIDC-IDRI-0474,4,139,./lidc_patches_all\LIDC-IDRI-0474\LIDC-IDRI-0474_n4_k139_img.png,./lidc_patches_all\LIDC-IDRI-0474\LIDC-IDRI-0474_n4_k139_mask.png,8.671039581298828,223,105,241,121,3,1,6,5,5,1,1,5,2
479,LIDC-IDRI-0474,5,151,./lidc_patches_all\LIDC-IDRI-0474\LIDC-IDRI-0474_n5_k151_img.png,./lidc_patches_all\LIDC-IDRI-0474\LIDC-IDRI-0474_n5_k151_mask.png,140.3882598876953,317,184,355,222,2,1,6,2,1,5,4,1,3
479,LIDC-IDRI-0474,5,152,./lidc_patches_all\LIDC-IDRI-0474\LIDC-IDRI-0474_n5_k152_img.png,./lidc_patches_all\LIDC-IDRI-0474\LIDC-IDRI-0474_n5_k152_mask.png,89.60074234008789,317,184,355,222,2,1,6,2,1,5,4,1,3
479,LIDC-IDRI-0474,5,153,./lidc_patches_all\LIDC-IDRI-0474\LIDC-IDRI-0474_n5_k153_img.png,./lidc_patches_all\LIDC-IDRI-0474\LIDC-IDRI-0474_n5_k153_mask.png,106.11700820922852,317,184,355,222,2,1,6,2,1,5,4,1,3
479,LIDC-IDRI-0474,6,156,./lidc_patches_all\LIDC-IDRI-0474\LIDC-IDRI-0474_n6_k156_img.png,./lidc_patches_all\LIDC-IDRI-0474\LIDC-IDRI-0474_n6_k156_mask.png,13.2130126953125,280,368,301,396,2,1,6,3,2,1,1,1,3
