scan_id,patient_id,nodule_index,k_global,img_path,mask_path,area_mm2,nodule_bbox_xmin,nodule_bbox_ymin,nodule_bbox_xmax,nodule_bbox_ymax,ann_subtlety,ann_internalStructure,ann_calcification,ann_sphericity,ann_margin,ann_lobulation,ann_spiculation,ann_texture,ann_malignancy
299,LIDC-IDRI-0299,0,369,./lidc_patches_all\LIDC-IDRI-0299\LIDC-IDRI-0299_n0_k369_img.png,./lidc_patches_all\LIDC-IDRI-0299\LIDC-IDRI-0299_n0_k369_mask.png,39.0625,270,93,295,113,5,1,6,3,5,1,1,5,2
299,LIDC-IDRI-0299,1,391,./lidc_patches_all\LIDC-IDRI-0299\LIDC-IDRI-0299_n1_k391_img.png,./lidc_patches_all\LIDC-IDRI-0299\LIDC-IDRI-0299_n1_k391_mask.png,16.4794921875,307,216,326,237,4,1,6,3,4,1,1,5,3
299,LIDC-IDRI-0299,2,439,./lidc_patches_all\LIDC-IDRI-0299\LIDC-IDRI-0299_n2_k439_img.png,./lidc_patches_all\LIDC-IDRI-0299\LIDC-IDRI-0299_n2_k439_mask.png,42.724609375,287,210,311,234,4,1,6,4,4,2,2,5,3
299,LIDC-IDRI-0299,3,454,./lidc_patches_all\LIDC-IDRI-0299\LIDC-IDRI-0299_n3_k454_img.png,./lidc_patches_all\LIDC-IDRI-0299\LIDC-IDRI-0299_n3_k454_mask.png,10.3759765625,260,228,277,245,4,1,6,4,5,1,2,5,4
299,LIDC-IDRI-0299,4,459,./lidc_patches_all\LIDC-IDRI-0299\LIDC-IDRI-0299_n4_k459_img.png,./lidc_patches_all\LIDC-IDRI-0299\LIDC-IDRI-0299_n4_k459_mask.png,10.986328125,320,148,339,167,5,1,6,4,5,1,1,5,3
