scan_id,patient_id,nodule_index,k_global,img_path,mask_path,area_mm2,nodule_bbox_xmin,nodule_bbox_ymin,nodule_bbox_xmax,nodule_bbox_ymax,ann_subtlety,ann_internalStructure,ann_calcification,ann_sphericity,ann_margin,ann_lobulation,ann_spiculation,ann_texture,ann_malignancy
277,LIDC-IDRI-0277,0,91,./lidc_patches_all\LIDC-IDRI-0277\LIDC-IDRI-0277_n0_k91_img.png,./lidc_patches_all\LIDC-IDRI-0277\LIDC-IDRI-0277_n0_k91_mask.png,63.71226670899199,266,118,296,150,5,1,5,4,4,2,2,5,3
277,LIDC-IDRI-0277,0,92,./lidc_patches_all\LIDC-IDRI-0277\LIDC-IDRI-0277_n0_k92_img.png,./lidc_patches_all\LIDC-IDRI-0277\LIDC-IDRI-0277_n0_k92_mask.png,103.92410717286398,266,118,296,150,5,1,5,4,4,2,2,5,3
277,LIDC-IDRI-0277,0,93,./lidc_patches_all\LIDC-IDRI-0277\LIDC-IDRI-0277_n0_k93_img.png,./lidc_patches_all\LIDC-IDRI-0277\LIDC-IDRI-0277_n0_k93_mask.png,110.71311919923198,266,118,296,150,5,1,5,4,4,2,2,5,3
277,LIDC-IDRI-0277,0,94,./lidc_patches_all\LIDC-IDRI-0277\LIDC-IDRI-0277_n0_k94_img.png,./lidc_patches_all\LIDC-IDRI-0277\LIDC-IDRI-0277_n0_k94_mask.png,66.84565687500799,266,118,296,150,5,1,5,4,4,2,2,5,3
