scan_id,patient_id,nodule_index,k_global,img_path,mask_path,area_mm2,nodule_bbox_xmin,nodule_bbox_ymin,nodule_bbox_xmax,nodule_bbox_ymax,ann_subtlety,ann_internalStructure,ann_calcification,ann_sphericity,ann_margin,ann_lobulation,ann_spiculation,ann_texture,ann_malignancy
425,LIDC-IDRI-0421,0,39,./lidc_patches_all\LIDC-IDRI-0421\LIDC-IDRI-0421_n0_k39_img.png,./lidc_patches_all\LIDC-IDRI-0421\LIDC-IDRI-0421_n0_k39_mask.png,259.286176,346,302,396,349,5,1,5,3,4,2,2,5,3
425,LIDC-IDRI-0421,0,40,./lidc_patches_all\LIDC-IDRI-0421\LIDC-IDRI-0421_n0_k40_img.png,./lidc_patches_all\LIDC-IDRI-0421\LIDC-IDRI-0421_n0_k40_mask.png,267.84751200000005,346,302,396,349,5,1,5,3,4,2,2,5,3
425,LIDC-IDRI-0421,0,41,./lidc_patches_all\LIDC-IDRI-0421\LIDC-IDRI-0421_n0_k41_img.png,./lidc_patches_all\LIDC-IDRI-0421\LIDC-IDRI-0421_n0_k41_mask.png,282.524088,346,302,396,349,5,1,5,3,4,2,2,5,3
425,LIDC-IDRI-0421,0,42,./lidc_patches_all\LIDC-IDRI-0421\LIDC-IDRI-0421_n0_k42_img.png,./lidc_patches_all\LIDC-IDRI-0421\LIDC-IDRI-0421_n0_k42_mask.png,217.09102000000001,346,302,396,349,5,1,5,3,4,2,2,5,3
425,LIDC-IDRI-0421,0,43,./lidc_patches_all\LIDC-IDRI-0421\LIDC-IDRI-0421_n0_k43_img.png,./lidc_patches_all\LIDC-IDRI-0421\LIDC-IDRI-0421_n0_k43_mask.png,231.76759600000003,346,302,396,349,5,1,5,3,4,2,2,5,3
425,LIDC-IDRI-0421,1,73,./lidc_patches_all\LIDC-IDRI-0421\LIDC-IDRI-0421_n1_k73_img.png,./lidc_patches_all\LIDC-IDRI-0421\LIDC-IDRI-0421_n1_k73_mask.png,17.734196,237,132,260,151,4,1,3,3,5,1,1,5,1
