scan_id,patient_id,nodule_index,k_global,img_path,mask_path,area_mm2,nodule_bbox_xmin,nodule_bbox_ymin,nodule_bbox_xmax,nodule_bbox_ymax,ann_subtlety,ann_internalStructure,ann_calcification,ann_sphericity,ann_margin,ann_lobulation,ann_spiculation,ann_texture,ann_malignancy
132,LIDC-IDRI-0128,0,74,./lidc_patches_all\LIDC-IDRI-0128\LIDC-IDRI-0128_n0_k74_img.png,./lidc_patches_all\LIDC-IDRI-0128\LIDC-IDRI-0128_n0_k74_mask.png,7.976736238284,311,357,330,374,1,1,6,5,3,1,1,1,3
132,LIDC-IDRI-0128,1,155,./lidc_patches_all\LIDC-IDRI-0128\LIDC-IDRI-0128_n1_k155_img.png,./lidc_patches_all\LIDC-IDRI-0128\LIDC-IDRI-0128_n1_k155_mask.png,15.953472476568,297,155,316,174,2,1,6,4,5,2,1,5,3
132,LIDC-IDRI-0128,2,171,./lidc_patches_all\LIDC-IDRI-0128\LIDC-IDRI-0128_n2_k171_img.png,./lidc_patches_all\LIDC-IDRI-0128\LIDC-IDRI-0128_n2_k171_mask.png,65.989363425804,298,284,330,317,3,1,6,4,3,1,2,3,4
132,LIDC-IDRI-0128,2,172,./lidc_patches_all\LIDC-IDRI-0128\LIDC-IDRI-0128_n2_k172_img.png,./lidc_patches_all\LIDC-IDRI-0128\LIDC-IDRI-0128_n2_k172_mask.png,96.445992699252,298,284,330,317,3,1,6,4,3,1,2,3,4
132,LIDC-IDRI-0128,2,173,./lidc_patches_all\LIDC-IDRI-0128\LIDC-IDRI-0128_n2_k173_img.png,./lidc_patches_all\LIDC-IDRI-0128\LIDC-IDRI-0128_n2_k173_mask.png,117.47557005472801,298,284,330,317,3,1,6,4,3,1,2,3,4
132,LIDC-IDRI-0128,2,174,./lidc_patches_all\LIDC-IDRI-0128\LIDC-IDRI-0128_n2_k174_img.png,./lidc_patches_all\LIDC-IDRI-0128\LIDC-IDRI-0128_n2_k174_mask.png,94.99567701956401,298,284,330,317,3,1,6,4,3,1,2,3,4
132,LIDC-IDRI-0128,2,175,./lidc_patches_all\LIDC-IDRI-0128\LIDC-IDRI-0128_n2_k175_img.png,./lidc_patches_all\LIDC-IDRI-0128\LIDC-IDRI-0128_n2_k175_mask.png,110.94914949613201,298,284,330,317,3,1,6,4,3,1,2,3,4
