scan_id,patient_id,nodule_index,k_global,img_path,mask_path,area_mm2,nodule_bbox_xmin,nodule_bbox_ymin,nodule_bbox_xmax,nodule_bbox_ymax,ann_subtlety,ann_internalStructure,ann_calcification,ann_sphericity,ann_margin,ann_lobulation,ann_spiculation,ann_texture,ann_malignancy
59,LIDC-IDRI-0048,0,162,./lidc_patches_all\LIDC-IDRI-0048\LIDC-IDRI-0048_n0_k162_img.png,./lidc_patches_all\LIDC-IDRI-0048\LIDC-IDRI-0048_n0_k162_mask.png,60.368119567387005,312,343,339,367,2,1,6,4,4,1,1,3,2
59,LIDC-IDRI-0048,0,163,./lidc_patches_all\LIDC-IDRI-0048\LIDC-IDRI-0048_n0_k163_img.png,./lidc_patches_all\LIDC-IDRI-0048\LIDC-IDRI-0048_n0_k163_mask.png,57.665069437504,312,343,339,367,2,1,6,4,4,1,1,3,2
59,LIDC-IDRI-0048,0,164,./lidc_patches_all\LIDC-IDRI-0048\LIDC-IDRI-0048_n0_k164_img.png,./lidc_patches_all\LIDC-IDRI-0048\LIDC-IDRI-0048_n0_k164_mask.png,81.09150389649,312,343,339,367,2,1,6,4,4,1,1,3,2
59,LIDC-IDRI-0048,0,165,./lidc_patches_all\LIDC-IDRI-0048\LIDC-IDRI-0048_n0_k165_img.png,./lidc_patches_all\LIDC-IDRI-0048\LIDC-IDRI-0048_n0_k165_mask.png,78.388453766607,312,343,339,367,2,1,6,4,4,1,1,3,2
59,LIDC-IDRI-0048,1,165,./lidc_patches_all\LIDC-IDRI-0048\LIDC-IDRI-0048_n1_k165_img.png,./lidc_patches_all\LIDC-IDRI-0048\LIDC-IDRI-0048_n1_k165_mask.png,40.545751948245,163,165,185,185,2,1,6,5,2,2,1,1,2
59,LIDC-IDRI-0048,2,187,./lidc_patches_all\LIDC-IDRI-0048\LIDC-IDRI-0048_n2_k187_img.png,./lidc_patches_all\LIDC-IDRI-0048\LIDC-IDRI-0048_n2_k187_mask.png,53.159985887699,202,151,233,188,3,1,6,4,3,3,2,3,4
59,LIDC-IDRI-0048,2,188,./lidc_patches_all\LIDC-IDRI-0048\LIDC-IDRI-0048_n2_k188_img.png,./lidc_patches_all\LIDC-IDRI-0048\LIDC-IDRI-0048_n2_k188_mask.png,117.13217229493,202,151,233,188,3,1,6,4,3,3,2,3,4
59,LIDC-IDRI-0048,2,189,./lidc_patches_all\LIDC-IDRI-0048\LIDC-IDRI-0048_n2_k189_img.png,./lidc_patches_all\LIDC-IDRI-0048\LIDC-IDRI-0048_n2_k189_mask.png,120.73623913477401,202,151,233,188,3,1,6,4,3,3,2,3,4
59,LIDC-IDRI-0048,2,190,./lidc_patches_all\LIDC-IDRI-0048\LIDC-IDRI-0048_n2_k190_img.png,./lidc_patches_all\LIDC-IDRI-0048\LIDC-IDRI-0048_n2_k190_mask.png,115.330138875008,202,151,233,188,3,1,6,4,3,3,2,3,4
