scan_id,patient_id,nodule_index,k_global,img_path,mask_path,area_mm2,nodule_bbox_xmin,nodule_bbox_ymin,nodule_bbox_xmax,nodule_bbox_ymax,ann_subtlety,ann_internalStructure,ann_calcification,ann_sphericity,ann_margin,ann_lobulation,ann_spiculation,ann_texture,ann_malignancy
339,LIDC-IDRI-0337,0,54,./lidc_patches_all\LIDC-IDRI-0337\LIDC-IDRI-0337_n0_k54_img.png,./lidc_patches_all\LIDC-IDRI-0337\LIDC-IDRI-0337_n0_k54_mask.png,80.84564208984375,200,68,252,111,5,1,6,4,4,3,2,4,5
339,LIDC-IDRI-0337,0,55,./lidc_patches_all\LIDC-IDRI-0337\LIDC-IDRI-0337_n0_k55_img.png,./lidc_patches_all\LIDC-IDRI-0337\LIDC-IDRI-0337_n0_k55_mask.png,141.80068969726562,200,68,252,111,5,1,6,4,4,3,2,4,5
339,LIDC-IDRI-0337,0,56,./lidc_patches_all\LIDC-IDRI-0337\LIDC-IDRI-0337_n0_k56_img.png,./lidc_patches_all\LIDC-IDRI-0337\LIDC-IDRI-0337_n0_k56_mask.png,132.81784057617188,200,68,252,111,5,1,6,4,4,3,2,4,5
339,LIDC-IDRI-0337,0,57,./lidc_patches_all\LIDC-IDRI-0337\LIDC-IDRI-0337_n0_k57_img.png,./lidc_patches_all\LIDC-IDRI-0337\LIDC-IDRI-0337_n0_k57_mask.png,95.92399597167969,200,68,252,111,5,1,6,4,4,3,2,4,5
339,LIDC-IDRI-0337,1,95,./lidc_patches_all\LIDC-IDRI-0337\LIDC-IDRI-0337_n1_k95_img.png,./lidc_patches_all\LIDC-IDRI-0337\LIDC-IDRI-0337_n1_k95_mask.png,172.59902954101562,332,148,395,226,5,1,6,4,3,4,2,5,5
339,LIDC-IDRI-0337,1,96,./lidc_patches_all\LIDC-IDRI-0337\LIDC-IDRI-0337_n1_k96_img.png,./lidc_patches_all\LIDC-IDRI-0337\LIDC-IDRI-0337_n1_k96_mask.png,308.9458465576172,332,148,395,226,5,1,6,4,3,4,2,5,5
339,LIDC-IDRI-0337,1,97,./lidc_patches_all\LIDC-IDRI-0337\LIDC-IDRI-0337_n1_k97_img.png,./lidc_patches_all\LIDC-IDRI-0337\LIDC-IDRI-0337_n1_k97_mask.png,293.5466766357422,332,148,395,226,5,1,6,4,3,4,2,5,5
339,LIDC-IDRI-0337,1,98,./lidc_patches_all\LIDC-IDRI-0337\LIDC-IDRI-0337_n1_k98_img.png,./lidc_patches_all\LIDC-IDRI-0337\LIDC-IDRI-0337_n1_k98_mask.png,274.93934631347656,332,148,395,226,5,1,6,4,3,4,2,5,5
