scan_id,patient_id,nodule_index,k_global,img_path,mask_path,area_mm2,nodule_bbox_xmin,nodule_bbox_ymin,nodule_bbox_xmax,nodule_bbox_ymax,ann_subtlety,ann_internalStructure,ann_calcification,ann_sphericity,ann_margin,ann_lobulation,ann_spiculation,ann_texture,ann_malignancy
79,LIDC-IDRI-0068,0,118,./lidc_patches_all\LIDC-IDRI-0068\LIDC-IDRI-0068_n0_k118_img.png,./lidc_patches_all\LIDC-IDRI-0068\LIDC-IDRI-0068_n0_k118_mask.png,16.822827246096,333,314,352,334,4,1,6,4,5,2,1,5,3
79,LIDC-IDRI-0068,1,150,./lidc_patches_all\LIDC-IDRI-0068\LIDC-IDRI-0068_n1_k150_img.png,./lidc_patches_all\LIDC-IDRI-0068\LIDC-IDRI-0068_n1_k150_mask.png,24.299639355472003,204,399,228,425,4,1,6,4,5,1,1,5,3
79,LIDC-IDRI-0068,2,156,./lidc_patches_all\LIDC-IDRI-0068\LIDC-IDRI-0068_n2_k156_img.png,./lidc_patches_all\LIDC-IDRI-0068\LIDC-IDRI-0068_n2_k156_mask.png,51.403083251960005,335,165,358,190,4,1,6,4,5,1,2,5,4
79,LIDC-IDRI-0068,3,167,./lidc_patches_all\LIDC-IDRI-0068\LIDC-IDRI-0068_n3_k167_img.png,./lidc_patches_all\LIDC-IDRI-0068\LIDC-IDRI-0068_n3_k167_mask.png,13.084421191408001,274,93,292,111,4,1,6,4,5,2,2,5,2
79,LIDC-IDRI-0068,4,206,./lidc_patches_all\LIDC-IDRI-0068\LIDC-IDRI-0068_n4_k206_img.png,./lidc_patches_all\LIDC-IDRI-0068\LIDC-IDRI-0068_n4_k206_mask.png,56.543391577156,208,398,238,424,4,1,6,4,5,1,1,5,4
79,LIDC-IDRI-0068,4,207,./lidc_patches_all\LIDC-IDRI-0068\LIDC-IDRI-0068_n4_k207_img.png,./lidc_patches_all\LIDC-IDRI-0068\LIDC-IDRI-0068_n4_k207_mask.png,60.749098388680004,208,398,238,424,4,1,6,4,5,1,1,5,4
79,LIDC-IDRI-0068,4,208,./lidc_patches_all\LIDC-IDRI-0068\LIDC-IDRI-0068_n4_k208_img.png,./lidc_patches_all\LIDC-IDRI-0068\LIDC-IDRI-0068_n4_k208_mask.png,57.945293847664004,208,398,238,424,4,1,6,4,5,1,1,5,4
79,LIDC-IDRI-0068,5,214,./lidc_patches_all\LIDC-IDRI-0068\LIDC-IDRI-0068_n5_k214_img.png,./lidc_patches_all\LIDC-IDRI-0068\LIDC-IDRI-0068_n5_k214_mask.png,89.72174531251201,187,142,220,172,4,1,6,4,5,2,2,5,4
79,LIDC-IDRI-0068,5,215,./lidc_patches_all\LIDC-IDRI-0068\LIDC-IDRI-0068_n5_k215_img.png,./lidc_patches_all\LIDC-IDRI-0068\LIDC-IDRI-0068_n5_k215_mask.png,96.731256665052,187,142,220,172,4,1,6,4,5,2,2,5,4
79,LIDC-IDRI-0068,5,216,./lidc_patches_all\LIDC-IDRI-0068\LIDC-IDRI-0068_n5_k216_img.png,./lidc_patches_all\LIDC-IDRI-0068\LIDC-IDRI-0068_n5_k216_mask.png,99.06776044923201,187,142,220,172,4,1,6,4,5,2,2,5,4
79,LIDC-IDRI-0068,5,217,./lidc_patches_all\LIDC-IDRI-0068\LIDC-IDRI-0068_n5_k217_img.png,./lidc_patches_all\LIDC-IDRI-0068\LIDC-IDRI-0068_n5_k217_mask.png,88.31984304200401,187,142,220,172,4,1,6,4,5,2,2,5,4
79,LIDC-IDRI-0068,5,218,./lidc_patches_all\LIDC-IDRI-0068\LIDC-IDRI-0068_n5_k218_img.png,./lidc_patches_all\LIDC-IDRI-0068\LIDC-IDRI-0068_n5_k218_mask.png,68.693211254892,187,142,220,172,4,1,6,4,5,2,2,5,4
