scan_id,patient_id,nodule_index,k_global,img_path,mask_path,area_mm2,nodule_bbox_xmin,nodule_bbox_ymin,nodule_bbox_xmax,nodule_bbox_ymax,ann_subtlety,ann_internalStructure,ann_calcification,ann_sphericity,ann_margin,ann_lobulation,ann_spiculation,ann_texture,ann_malignancy
149,LIDC-IDRI-0146,0,168,./lidc_patches_all\LIDC-IDRI-0146\LIDC-IDRI-0146_n0_k168_img.png,./lidc_patches_all\LIDC-IDRI-0146\LIDC-IDRI-0146_n0_k168_mask.png,109.54672104493001,267,177,300,206,4,1,6,4,4,2,2,5,3
149,LIDC-IDRI-0146,0,169,./lidc_patches_all\LIDC-IDRI-0146\LIDC-IDRI-0146_n0_k169_img.png,./lidc_patches_all\LIDC-IDRI-0146\LIDC-IDRI-0146_n0_k169_mask.png,141.568070273448,267,177,300,206,4,1,6,4,4,2,2,5,3
149,LIDC-IDRI-0146,0,170,./lidc_patches_all\LIDC-IDRI-0146\LIDC-IDRI-0146_n0_k170_img.png,./lidc_patches_all\LIDC-IDRI-0146\LIDC-IDRI-0146_n0_k170_mask.png,146.62407278321402,267,177,300,206,4,1,6,4,4,2,2,5,3
149,LIDC-IDRI-0146,0,171,./lidc_patches_all\LIDC-IDRI-0146\LIDC-IDRI-0146_n0_k171_img.png,./lidc_patches_all\LIDC-IDRI-0146\LIDC-IDRI-0146_n0_k171_mask.png,136.512067763682,267,177,300,206,4,1,6,4,4,2,2,5,3
149,LIDC-IDRI-0146,0,172,./lidc_patches_all\LIDC-IDRI-0146\LIDC-IDRI-0146_n0_k172_img.png,./lidc_patches_all\LIDC-IDRI-0146\LIDC-IDRI-0146_n0_k172_mask.png,93.536046430671,267,177,300,206,4,1,6,4,4,2,2,5,3
