scan_id,patient_id,nodule_index,k_global,img_path,mask_path,area_mm2,nodule_bbox_xmin,nodule_bbox_ymin,nodule_bbox_xmax,nodule_bbox_ymax,ann_subtlety,ann_internalStructure,ann_calcification,ann_sphericity,ann_margin,ann_lobulation,ann_spiculation,ann_texture,ann_malignancy
389,LIDC-IDRI-0385,0,338,./lidc_patches_all\LIDC-IDRI-0385\LIDC-IDRI-0385_n0_k338_img.png,./lidc_patches_all\LIDC-IDRI-0385\LIDC-IDRI-0385_n0_k338_mask.png,53.58920708496899,329,364,357,395,4,1,6,4,4,1,1,2,4
389,LIDC-IDRI-0385,0,339,./lidc_patches_all\LIDC-IDRI-0385\LIDC-IDRI-0385_n0_k339_img.png,./lidc_patches_all\LIDC-IDRI-0385\LIDC-IDRI-0385_n0_k339_mask.png,62.31303149414999,329,364,357,395,4,1,6,4,4,1,1,2,4
389,LIDC-IDRI-0385,0,340,./lidc_patches_all\LIDC-IDRI-0385\LIDC-IDRI-0385_n0_k340_img.png,./lidc_patches_all\LIDC-IDRI-0385\LIDC-IDRI-0385_n0_k340_mask.png,52.75836666504699,329,364,357,395,4,1,6,4,4,1,1,2,4
389,LIDC-IDRI-0385,0,341,./lidc_patches_all\LIDC-IDRI-0385\LIDC-IDRI-0385_n0_k341_img.png,./lidc_patches_all\LIDC-IDRI-0385\LIDC-IDRI-0385_n0_k341_mask.png,54.42004750489099,329,364,357,395,4,1,6,4,4,1,1,2,4
389,LIDC-IDRI-0385,1,365,./lidc_patches_all\LIDC-IDRI-0385\LIDC-IDRI-0385_n1_k365_img.png,./lidc_patches_all\LIDC-IDRI-0385\LIDC-IDRI-0385_n1_k365_mask.png,102.60879186036698,237,288,301,334,5,1,6,2,2,2,1,5,4
389,LIDC-IDRI-0385,1,366,./lidc_patches_all\LIDC-IDRI-0385\LIDC-IDRI-0385_n1_k366_img.png,./lidc_patches_all\LIDC-IDRI-0385\LIDC-IDRI-0385_n1_k366_mask.png,105.93215354005498,237,288,301,334,5,1,6,2,2,2,1,5,4
389,LIDC-IDRI-0385,1,367,./lidc_patches_all\LIDC-IDRI-0385\LIDC-IDRI-0385_n1_k367_img.png,./lidc_patches_all\LIDC-IDRI-0385\LIDC-IDRI-0385_n1_k367_mask.png,128.78026508790998,237,288,301,334,5,1,6,2,2,2,1,5,4
389,LIDC-IDRI-0385,1,368,./lidc_patches_all\LIDC-IDRI-0385\LIDC-IDRI-0385_n1_k368_img.png,./lidc_patches_all\LIDC-IDRI-0385\LIDC-IDRI-0385_n1_k368_mask.png,98.45458976075699,237,288,301,334,5,1,6,2,2,2,1,5,4
389,LIDC-IDRI-0385,1,369,./lidc_patches_all\LIDC-IDRI-0385\LIDC-IDRI-0385_n1_k369_img.png,./lidc_patches_all\LIDC-IDRI-0385\LIDC-IDRI-0385_n1_k369_mask.png,91.80786640138099,237,288,301,334,5,1,6,2,2,2,1,5,4
