scan_id,patient_id,nodule_index,k_global,img_path,mask_path,area_mm2,nodule_bbox_xmin,nodule_bbox_ymin,nodule_bbox_xmax,nodule_bbox_ymax,ann_subtlety,ann_internalStructure,ann_calcification,ann_sphericity,ann_margin,ann_lobulation,ann_spiculation,ann_texture,ann_malignancy
167,LIDC-IDRI-0166,0,52,./lidc_patches_all\LIDC-IDRI-0166\LIDC-IDRI-0166_n0_k52_img.png,./lidc_patches_all\LIDC-IDRI-0166\LIDC-IDRI-0166_n0_k52_mask.png,535.9130859375,290,188,352,243,5,1,6,4,5,1,1,4,2
167,LIDC-IDRI-0166,0,53,./lidc_patches_all\LIDC-IDRI-0166\LIDC-IDRI-0166_n0_k53_img.png,./lidc_patches_all\LIDC-IDRI-0166\LIDC-IDRI-0166_n0_k53_mask.png,604.632568359375,290,188,352,243,5,1,6,4,5,1,1,4,2
167,LIDC-IDRI-0166,0,54,./lidc_patches_all\LIDC-IDRI-0166\LIDC-IDRI-0166_n0_k54_img.png,./lidc_patches_all\LIDC-IDRI-0166\LIDC-IDRI-0166_n0_k54_mask.png,689.17236328125,290,188,352,243,5,1,6,4,5,1,1,4,2
167,LIDC-IDRI-0166,0,55,./lidc_patches_all\LIDC-IDRI-0166\LIDC-IDRI-0166_n0_k55_img.png,./lidc_patches_all\LIDC-IDRI-0166\LIDC-IDRI-0166_n0_k55_mask.png,649.62158203125,290,188,352,243,5,1,6,4,5,1,1,4,2
167,LIDC-IDRI-0166,0,56,./lidc_patches_all\LIDC-IDRI-0166\LIDC-IDRI-0166_n0_k56_img.png,./lidc_patches_all\LIDC-IDRI-0166\LIDC-IDRI-0166_n0_k56_mask.png,663.958740234375,290,188,352,243,5,1,6,4,5,1,1,4,2
