scan_id,patient_id,nodule_index,k_global,img_path,mask_path,area_mm2,nodule_bbox_xmin,nodule_bbox_ymin,nodule_bbox_xmax,nodule_bbox_ymax,ann_subtlety,ann_internalStructure,ann_calcification,ann_sphericity,ann_margin,ann_lobulation,ann_spiculation,ann_texture,ann_malignancy
495,LIDC-IDRI-0489,0,40,./lidc_patches_all\LIDC-IDRI-0489\LIDC-IDRI-0489_n0_k40_img.png,./lidc_patches_all\LIDC-IDRI-0489\LIDC-IDRI-0489_n0_k40_mask.png,130.517578125,347,144,382,183,5,1,6,4,4,3,2,5,4
495,LIDC-IDRI-0489,0,41,./lidc_patches_all\LIDC-IDRI-0489\LIDC-IDRI-0489_n0_k41_img.png,./lidc_patches_all\LIDC-IDRI-0489\LIDC-IDRI-0489_n0_k41_mask.png,137.933349609375,347,144,382,183,5,1,6,4,4,3,2,5,4
495,LIDC-IDRI-0489,0,42,./lidc_patches_all\LIDC-IDRI-0489\LIDC-IDRI-0489_n0_k42_img.png,./lidc_patches_all\LIDC-IDRI-0489\LIDC-IDRI-0489_n0_k42_mask.png,141.39404296875,347,144,382,183,5,1,6,4,4,3,2,5,4
495,LIDC-IDRI-0489,0,43,./lidc_patches_all\LIDC-IDRI-0489\LIDC-IDRI-0489_n0_k43_img.png,./lidc_patches_all\LIDC-IDRI-0489\LIDC-IDRI-0489_n0_k43_mask.png,90.966796875,347,144,382,183,5,1,6,4,4,3,2,5,4
495,LIDC-IDRI-0489,1,50,./lidc_patches_all\LIDC-IDRI-0489\LIDC-IDRI-0489_n1_k50_img.png,./lidc_patches_all\LIDC-IDRI-0489\LIDC-IDRI-0489_n1_k50_mask.png,24.71923828125,310,76,331,100,4,1,6,3,2,3,1,2,3
495,LIDC-IDRI-0489,2,66,./lidc_patches_all\LIDC-IDRI-0489\LIDC-IDRI-0489_n2_k66_img.png,./lidc_patches_all\LIDC-IDRI-0489\LIDC-IDRI-0489_n2_k66_mask.png,161.663818359375,375,146,416,197,5,1,6,4,3,4,2,5,5
495,LIDC-IDRI-0489,2,67,./lidc_patches_all\LIDC-IDRI-0489\LIDC-IDRI-0489_n2_k67_img.png,./lidc_patches_all\LIDC-IDRI-0489\LIDC-IDRI-0489_n2_k67_mask.png,237.3046875,375,146,416,197,5,1,6,4,3,4,2,5,5
495,LIDC-IDRI-0489,2,68,./lidc_patches_all\LIDC-IDRI-0489\LIDC-IDRI-0489_n2_k68_img.png,./lidc_patches_all\LIDC-IDRI-0489\LIDC-IDRI-0489_n2_k68_mask.png,246.20361328125,375,146,416,197,5,1,6,4,3,4,2,5,5
495,LIDC-IDRI-0489,2,69,./lidc_patches_all\LIDC-IDRI-0489\LIDC-IDRI-0489_n2_k69_img.png,./lidc_patches_all\LIDC-IDRI-0489\LIDC-IDRI-0489_n2_k69_mask.png,241.259765625,375,146,416,197,5,1,6,4,3,4,2,5,5
495,LIDC-IDRI-0489,2,70,./lidc_patches_all\LIDC-IDRI-0489\LIDC-IDRI-0489_n2_k70_img.png,./lidc_patches_all\LIDC-IDRI-0489\LIDC-IDRI-0489_n2_k70_mask.png,226.42822265625,375,146,416,197,5,1,6,4,3,4,2,5,5
495,LIDC-IDRI-0489,3,76,./lidc_patches_all\LIDC-IDRI-0489\LIDC-IDRI-0489_n3_k76_img.png,./lidc_patches_all\LIDC-IDRI-0489\LIDC-IDRI-0489_n3_k76_mask.png,29.6630859375,277,345,301,365,4,1,6,4,3,2,2,5,3
495,LIDC-IDRI-0489,4,77,./lidc_patches_all\LIDC-IDRI-0489\LIDC-IDRI-0489_n4_k77_img.png,./lidc_patches_all\LIDC-IDRI-0489\LIDC-IDRI-0489_n4_k77_mask.png,58.33740234375,279,373,307,399,4,1,6,4,3,2,2,5,3
495,LIDC-IDRI-0489,5,90,./lidc_patches_all\LIDC-IDRI-0489\LIDC-IDRI-0489_n5_k90_img.png,./lidc_patches_all\LIDC-IDRI-0489\LIDC-IDRI-0489_n5_k90_mask.png,24.71923828125,206,126,228,146,4,1,6,3,2,2,2,4,2
495,LIDC-IDRI-0489,6,92,./lidc_patches_all\LIDC-IDRI-0489\LIDC-IDRI-0489_n6_k92_img.png,./lidc_patches_all\LIDC-IDRI-0489\LIDC-IDRI-0489_n6_k92_mask.png,51.910400390625,331,355,373,384,5,1,6,3,4,2,2,5,4
495,LIDC-IDRI-0489,6,93,./lidc_patches_all\LIDC-IDRI-0489\LIDC-IDRI-0489_n6_k93_img.png,./lidc_patches_all\LIDC-IDRI-0489\LIDC-IDRI-0489_n6_k93_mask.png,77.1240234375,331,355,373,384,5,1,6,3,4,2,2,5,4
495,LIDC-IDRI-0489,6,94,./lidc_patches_all\LIDC-IDRI-0489\LIDC-IDRI-0489_n6_k94_img.png,./lidc_patches_all\LIDC-IDRI-0489\LIDC-IDRI-0489_n6_k94_mask.png,126.5625,331,355,373,384,5,1,6,3,4,2,2,5,4
495,LIDC-IDRI-0489,6,95,./lidc_patches_all\LIDC-IDRI-0489\LIDC-IDRI-0489_n6_k95_img.png,./lidc_patches_all\LIDC-IDRI-0489\LIDC-IDRI-0489_n6_k95_mask.png,99.371337890625,331,355,373,384,5,1,6,3,4,2,2,5,4
495,LIDC-IDRI-0489,6,96,./lidc_patches_all\LIDC-IDRI-0489\LIDC-IDRI-0489_n6_k96_img.png,./lidc_patches_all\LIDC-IDRI-0489\LIDC-IDRI-0489_n6_k96_mask.png,82.06787109375,331,355,373,384,5,1,6,3,4,2,2,5,4
