scan_id,patient_id,nodule_index,k_global,img_path,mask_path,area_mm2,nodule_bbox_xmin,nodule_bbox_ymin,nodule_bbox_xmax,nodule_bbox_ymax,ann_subtlety,ann_internalStructure,ann_calcification,ann_sphericity,ann_margin,ann_lobulation,ann_spiculation,ann_texture,ann_malignancy
147,LIDC-IDRI-0144,0,23,./lidc_patches_all\LIDC-IDRI-0144\LIDC-IDRI-0144_n0_k23_img.png,./lidc_patches_all\LIDC-IDRI-0144\LIDC-IDRI-0144_n0_k23_mask.png,37.45732585939199,348,105,370,129,4,1,4,4,5,1,1,5,2
147,LIDC-IDRI-0144,1,24,./lidc_patches_all\LIDC-IDRI-0144\LIDC-IDRI-0144_n1_k24_img.png,./lidc_patches_all\LIDC-IDRI-0144\LIDC-IDRI-0144_n1_k24_mask.png,63.89779117190399,332,297,358,326,5,1,4,4,5,2,1,5,2
147,LIDC-IDRI-0144,2,37,./lidc_patches_all\LIDC-IDRI-0144\LIDC-IDRI-0144_n2_k37_img.png,./lidc_patches_all\LIDC-IDRI-0144\LIDC-IDRI-0144_n2_k37_mask.png,22.033721093759997,209,393,228,413,4,1,3,5,5,1,1,5,1
147,LIDC-IDRI-0144,3,65,./lidc_patches_all\LIDC-IDRI-0144\LIDC-IDRI-0144_n3_k65_img.png,./lidc_patches_all\LIDC-IDRI-0144\LIDC-IDRI-0144_n3_k65_mask.png,47.923343378927996,358,320,383,348,4,1,4,4,5,2,1,5,2
147,LIDC-IDRI-0144,4,66,./lidc_patches_all\LIDC-IDRI-0144\LIDC-IDRI-0144_n4_k66_img.png,./lidc_patches_all\LIDC-IDRI-0144\LIDC-IDRI-0144_n4_k66_mask.png,68.85537841799999,287,389,314,419,4,1,6,4,5,1,1,5,4
147,LIDC-IDRI-0144,4,67,./lidc_patches_all\LIDC-IDRI-0144\LIDC-IDRI-0144_n4_k67_img.png,./lidc_patches_all\LIDC-IDRI-0144\LIDC-IDRI-0144_n4_k67_mask.png,100.80427400395199,287,389,314,419,4,1,6,4,5,1,1,5,4
147,LIDC-IDRI-0144,4,68,./lidc_patches_all\LIDC-IDRI-0144\LIDC-IDRI-0144_n4_k68_img.png,./lidc_patches_all\LIDC-IDRI-0144\LIDC-IDRI-0144_n4_k68_mask.png,104.10933216801598,287,389,314,419,4,1,6,4,5,1,1,5,4
147,LIDC-IDRI-0144,4,69,./lidc_patches_all\LIDC-IDRI-0144\LIDC-IDRI-0144_n4_k69_img.png,./lidc_patches_all\LIDC-IDRI-0144\LIDC-IDRI-0144_n4_k69_mask.png,63.34694814455999,287,389,314,419,4,1,6,4,5,1,1,5,4
