scan_id,patient_id,nodule_index,k_global,img_path,mask_path,area_mm2,nodule_bbox_xmin,nodule_bbox_ymin,nodule_bbox_xmax,nodule_bbox_ymax,ann_subtlety,ann_internalStructure,ann_calcification,ann_sphericity,ann_margin,ann_lobulation,ann_spiculation,ann_texture,ann_malignancy
161,LIDC-IDRI-0160,0,52,./lidc_patches_all\LIDC-IDRI-0160\LIDC-IDRI-0160_n0_k52_img.png,./lidc_patches_all\LIDC-IDRI-0160\LIDC-IDRI-0160_n0_k52_mask.png,32.3486328125,306,108,326,131,4,1,4,4,5,2,2,5,2
161,LIDC-IDRI-0160,1,64,./lidc_patches_all\LIDC-IDRI-0160\LIDC-IDRI-0160_n1_k64_img.png,./lidc_patches_all\LIDC-IDRI-0160\LIDC-IDRI-0160_n1_k64_mask.png,68.359375,278,228,304,253,4,1,6,5,5,1,2,5,4
161,LIDC-IDRI-0160,1,65,./lidc_patches_all\LIDC-IDRI-0160\LIDC-IDRI-0160_n1_k65_img.png,./lidc_patches_all\LIDC-IDRI-0160\LIDC-IDRI-0160_n1_k65_mask.png,68.9697265625,278,228,304,253,4,1,6,5,5,1,2,5,4
161,LIDC-IDRI-0160,1,66,./lidc_patches_all\LIDC-IDRI-0160\LIDC-IDRI-0160_n1_k66_img.png,./lidc_patches_all\LIDC-IDRI-0160\LIDC-IDRI-0160_n1_k66_mask.png,53.1005859375,278,228,304,253,4,1,6,5,5,1,2,5,4
161,LIDC-IDRI-0160,2,66,./lidc_patches_all\LIDC-IDRI-0160\LIDC-IDRI-0160_n2_k66_img.png,./lidc_patches_all\LIDC-IDRI-0160\LIDC-IDRI-0160_n2_k66_mask.png,37.2314453125,384,353,409,379,4,1,6,4,5,1,1,5,3
161,LIDC-IDRI-0160,3,72,./lidc_patches_all\LIDC-IDRI-0160\LIDC-IDRI-0160_n3_k72_img.png,./lidc_patches_all\LIDC-IDRI-0160\LIDC-IDRI-0160_n3_k72_mask.png,15.869140625,327,404,348,423,4,1,6,3,4,1,1,5,3
