scan_id,patient_id,nodule_index,k_global,img_path,mask_path,area_mm2,nodule_bbox_xmin,nodule_bbox_ymin,nodule_bbox_xmax,nodule_bbox_ymax,ann_subtlety,ann_internalStructure,ann_calcification,ann_sphericity,ann_margin,ann_lobulation,ann_spiculation,ann_texture,ann_malignancy
337,LIDC-IDRI-0335,0,73,./lidc_patches_all\LIDC-IDRI-0335\LIDC-IDRI-0335_n0_k73_img.png,./lidc_patches_all\LIDC-IDRI-0335\LIDC-IDRI-0335_n0_k73_mask.png,15.841049194335938,300,434,320,453,4,1,6,3,4,2,2,4,2
337,LIDC-IDRI-0335,1,81,./lidc_patches_all\LIDC-IDRI-0335\LIDC-IDRI-0335_n1_k81_img.png,./lidc_patches_all\LIDC-IDRI-0335\LIDC-IDRI-0335_n1_k81_mask.png,11.753036499023438,342,98,361,118,4,1,6,4,4,1,1,5,3
337,LIDC-IDRI-0335,2,103,./lidc_patches_all\LIDC-IDRI-0335\LIDC-IDRI-0335_n2_k103_img.png,./lidc_patches_all\LIDC-IDRI-0335\LIDC-IDRI-0335_n2_k103_mask.png,12.775039672851562,367,121,386,139,4,1,6,5,4,2,1,5,3
337,LIDC-IDRI-0335,3,105,./lidc_patches_all\LIDC-IDRI-0335\LIDC-IDRI-0335_n3_k105_img.png,./lidc_patches_all\LIDC-IDRI-0335\LIDC-IDRI-0335_n3_k105_mask.png,14.30804443359375,361,116,380,135,3,1,6,3,4,2,2,4,3
337,LIDC-IDRI-0335,4,234,./lidc_patches_all\LIDC-IDRI-0335\LIDC-IDRI-0335_n4_k234_img.png,./lidc_patches_all\LIDC-IDRI-0335\LIDC-IDRI-0335_n4_k234_mask.png,7.6650238037109375,335,335,352,353,4,1,6,4,5,1,1,5,2
