scan_id,patient_id,nodule_index,k_global,img_path,mask_path,area_mm2,nodule_bbox_xmin,nodule_bbox_ymin,nodule_bbox_xmax,nodule_bbox_ymax,ann_subtlety,ann_internalStructure,ann_calcification,ann_sphericity,ann_margin,ann_lobulation,ann_spiculation,ann_texture,ann_malignancy
138,LIDC-IDRI-0134,0,64,./lidc_patches_all\LIDC-IDRI-0134\LIDC-IDRI-0134_n0_k64_img.png,./lidc_patches_all\LIDC-IDRI-0134\LIDC-IDRI-0134_n0_k64_mask.png,51.193574999999996,344,330,369,356,4,1,6,5,5,2,1,4,3
138,LIDC-IDRI-0134,1,66,./lidc_patches_all\LIDC-IDRI-0134\LIDC-IDRI-0134_n1_k66_img.png,./lidc_patches_all\LIDC-IDRI-0134\LIDC-IDRI-0134_n1_k66_mask.png,54.67274999999999,378,345,407,374,4,1,6,5,4,1,1,5,4
138,LIDC-IDRI-0134,1,67,./lidc_patches_all\LIDC-IDRI-0134\LIDC-IDRI-0134_n1_k67_img.png,./lidc_patches_all\LIDC-IDRI-0134\LIDC-IDRI-0134_n1_k67_mask.png,91.94962499999998,378,345,407,374,4,1,6,5,4,1,1,5,4
138,LIDC-IDRI-0134,1,68,./lidc_patches_all\LIDC-IDRI-0134\LIDC-IDRI-0134_n1_k68_img.png,./lidc_patches_all\LIDC-IDRI-0134\LIDC-IDRI-0134_n1_k68_mask.png,73.55969999999999,378,345,407,374,4,1,6,5,4,1,1,5,4
138,LIDC-IDRI-0134,2,76,./lidc_patches_all\LIDC-IDRI-0134\LIDC-IDRI-0134_n2_k76_img.png,./lidc_patches_all\LIDC-IDRI-0134\LIDC-IDRI-0134_n2_k76_mask.png,4.970249999999999,181,166,198,181,5,1,3,5,5,1,1,5,1
