scan_id,patient_id,nodule_index,k_global,img_path,mask_path,area_mm2,nodule_bbox_xmin,nodule_bbox_ymin,nodule_bbox_xmax,nodule_bbox_ymax,ann_subtlety,ann_internalStructure,ann_calcification,ann_sphericity,ann_margin,ann_lobulation,ann_spiculation,ann_texture,ann_malignancy
125,LIDC-IDRI-0120,0,62,./lidc_patches_all\LIDC-IDRI-0120\LIDC-IDRI-0120_n0_k62_img.png,./lidc_patches_all\LIDC-IDRI-0120\LIDC-IDRI-0120_n0_k62_mask.png,59.06445599999999,270,202,296,226,3,2,6,4,2,1,2,2,3
125,LIDC-IDRI-0120,0,63,./lidc_patches_all\LIDC-IDRI-0120\LIDC-IDRI-0120_n0_k63_img.png,./lidc_patches_all\LIDC-IDRI-0120\LIDC-IDRI-0120_n0_k63_mask.png,74.27802799999999,270,202,296,226,3,2,6,4,2,1,2,2,3
125,LIDC-IDRI-0120,0,64,./lidc_patches_all\LIDC-IDRI-0120\LIDC-IDRI-0120_n0_k64_img.png,./lidc_patches_all\LIDC-IDRI-0120\LIDC-IDRI-0120_n0_k64_mask.png,85.01701999999999,270,202,296,226,3,2,6,4,2,1,2,2,3
125,LIDC-IDRI-0120,0,65,./lidc_patches_all\LIDC-IDRI-0120\LIDC-IDRI-0120_n0_k65_img.png,./lidc_patches_all\LIDC-IDRI-0120\LIDC-IDRI-0120_n0_k65_mask.png,68.013616,270,202,296,226,3,2,6,4,2,1,2,2,3
125,LIDC-IDRI-0120,0,66,./lidc_patches_all\LIDC-IDRI-0120\LIDC-IDRI-0120_n0_k66_img.png,./lidc_patches_all\LIDC-IDRI-0120\LIDC-IDRI-0120_n0_k66_mask.png,60.854288,270,202,296,226,3,2,6,4,2,1,2,2,3
125,LIDC-IDRI-0120,1,97,./lidc_patches_all\LIDC-IDRI-0120\LIDC-IDRI-0120_n1_k97_img.png,./lidc_patches_all\LIDC-IDRI-0120\LIDC-IDRI-0120_n1_k97_mask.png,71.59328,189,170,213,196,3,2,6,4,1,2,1,1,3
125,LIDC-IDRI-0120,1,98,./lidc_patches_all\LIDC-IDRI-0120\LIDC-IDRI-0120_n1_k98_img.png,./lidc_patches_all\LIDC-IDRI-0120\LIDC-IDRI-0120_n1_k98_mask.png,107.38991999999999,189,170,213,196,3,2,6,4,1,2,1,1,3
125,LIDC-IDRI-0120,1,99,./lidc_patches_all\LIDC-IDRI-0120\LIDC-IDRI-0120_n1_k99_img.png,./lidc_patches_all\LIDC-IDRI-0120\LIDC-IDRI-0120_n1_k99_mask.png,94.86109599999999,189,170,213,196,3,2,6,4,1,2,1,1,3
125,LIDC-IDRI-0120,1,100,./lidc_patches_all\LIDC-IDRI-0120\LIDC-IDRI-0120_n1_k100_img.png,./lidc_patches_all\LIDC-IDRI-0120\LIDC-IDRI-0120_n1_k100_mask.png,62.644119999999994,189,170,213,196,3,2,6,4,1,2,1,1,3
125,LIDC-IDRI-0120,2,97,./lidc_patches_all\LIDC-IDRI-0120\LIDC-IDRI-0120_n2_k97_img.png,./lidc_patches_all\LIDC-IDRI-0120\LIDC-IDRI-0120_n2_k97_mask.png,116.33908,183,194,227,228,3,1,6,3,2,1,1,1,3
125,LIDC-IDRI-0120,2,98,./lidc_patches_all\LIDC-IDRI-0120\LIDC-IDRI-0120_n2_k98_img.png,./lidc_patches_all\LIDC-IDRI-0120\LIDC-IDRI-0120_n2_k98_mask.png,157.505216,183,194,227,228,3,1,6,3,2,1,1,1,3
125,LIDC-IDRI-0120,2,99,./lidc_patches_all\LIDC-IDRI-0120\LIDC-IDRI-0120_n2_k99_img.png,./lidc_patches_all\LIDC-IDRI-0120\LIDC-IDRI-0120_n2_k99_mask.png,245.20698399999998,183,194,227,228,3,1,6,3,2,1,1,1,3
125,LIDC-IDRI-0120,2,100,./lidc_patches_all\LIDC-IDRI-0120\LIDC-IDRI-0120_n2_k100_img.png,./lidc_patches_all\LIDC-IDRI-0120\LIDC-IDRI-0120_n2_k100_mask.png,223.72899999999998,183,194,227,228,3,1,6,3,2,1,1,1,3
125,LIDC-IDRI-0120,2,101,./lidc_patches_all\LIDC-IDRI-0120\LIDC-IDRI-0120_n2_k101_img.png,./lidc_patches_all\LIDC-IDRI-0120\LIDC-IDRI-0120_n2_k101_mask.png,222.834084,183,194,227,228,3,1,6,3,2,1,1,1,3
125,LIDC-IDRI-0120,3,148,./lidc_patches_all\LIDC-IDRI-0120\LIDC-IDRI-0120_n3_k148_img.png,./lidc_patches_all\LIDC-IDRI-0120\LIDC-IDRI-0120_n3_k148_mask.png,109.179752,276,222,307,250,5,1,6,4,3,2,2,5,4
125,LIDC-IDRI-0120,3,149,./lidc_patches_all\LIDC-IDRI-0120\LIDC-IDRI-0120_n3_k149_img.png,./lidc_patches_all\LIDC-IDRI-0120\LIDC-IDRI-0120_n3_k149_mask.png,136.922148,276,222,307,250,5,1,6,4,3,2,2,5,4
125,LIDC-IDRI-0120,3,150,./lidc_patches_all\LIDC-IDRI-0120\LIDC-IDRI-0120_n3_k150_img.png,./lidc_patches_all\LIDC-IDRI-0120\LIDC-IDRI-0120_n3_k150_mask.png,110.07466799999999,276,222,307,250,5,1,6,4,3,2,2,5,4
125,LIDC-IDRI-0120,3,151,./lidc_patches_all\LIDC-IDRI-0120\LIDC-IDRI-0120_n3_k151_img.png,./lidc_patches_all\LIDC-IDRI-0120\LIDC-IDRI-0120_n3_k151_mask.png,67.11869999999999,276,222,307,250,5,1,6,4,3,2,2,5,4
