scan_id,patient_id,nodule_index,k_global,img_path,mask_path,area_mm2,nodule_bbox_xmin,nodule_bbox_ymin,nodule_bbox_xmax,nodule_bbox_ymax,ann_subtlety,ann_internalStructure,ann_calcification,ann_sphericity,ann_margin,ann_lobulation,ann_spiculation,ann_texture,ann_malignancy
159,LIDC-IDRI-0158,0,53,./lidc_patches_all\LIDC-IDRI-0158\LIDC-IDRI-0158_n0_k53_img.png,./lidc_patches_all\LIDC-IDRI-0158\LIDC-IDRI-0158_n0_k53_mask.png,42.49857669434001,225,236,245,258,5,1,3,5,5,1,1,5,1
159,LIDC-IDRI-0158,1,130,./lidc_patches_all\LIDC-IDRI-0158\LIDC-IDRI-0158_n1_k130_img.png,./lidc_patches_all\LIDC-IDRI-0158\LIDC-IDRI-0158_n1_k130_mask.png,26.806794530276004,250,99,272,120,4,1,6,3,3,2,2,4,3
159,LIDC-IDRI-0158,2,140,./lidc_patches_all\LIDC-IDRI-0158\LIDC-IDRI-0158_n2_k140_img.png,./lidc_patches_all\LIDC-IDRI-0158\LIDC-IDRI-0158_n2_k140_mask.png,18.307079191408004,283,274,304,293,3,1,6,4,4,2,2,5,3
159,LIDC-IDRI-0158,3,141,./lidc_patches_all\LIDC-IDRI-0158\LIDC-IDRI-0158_n3_k141_img.png,./lidc_patches_all\LIDC-IDRI-0158\LIDC-IDRI-0158_n3_k141_mask.png,48.382995005864004,273,106,300,133,4,1,6,3,3,2,2,5,3
