scan_id,patient_id,nodule_index,k_global,img_path,mask_path,area_mm2,nodule_bbox_xmin,nodule_bbox_ymin,nodule_bbox_xmax,nodule_bbox_ymax,ann_subtlety,ann_internalStructure,ann_calcification,ann_sphericity,ann_margin,ann_lobulation,ann_spiculation,ann_texture,ann_malignancy
381,LIDC-IDRI-0377,0,171,./lidc_patches_all\LIDC-IDRI-0377\LIDC-IDRI-0377_n0_k171_img.png,./lidc_patches_all\LIDC-IDRI-0377\LIDC-IDRI-0377_n0_k171_mask.png,145.963830488364,289,359,331,403,5,1,6,3,4,3,2,5,4
381,LIDC-IDRI-0377,0,172,./lidc_patches_all\LIDC-IDRI-0377\LIDC-IDRI-0377_n0_k172_img.png,./lidc_patches_all\LIDC-IDRI-0377\LIDC-IDRI-0377_n0_k172_mask.png,157.429267324308,289,359,331,403,5,1,6,3,4,3,2,5,4
381,LIDC-IDRI-0377,0,173,./lidc_patches_all\LIDC-IDRI-0377\LIDC-IDRI-0377_n0_k173_img.png,./lidc_patches_all\LIDC-IDRI-0377\LIDC-IDRI-0377_n0_k173_mask.png,176.39133593760002,289,359,331,403,5,1,6,3,4,3,2,5,4
381,LIDC-IDRI-0377,0,174,./lidc_patches_all\LIDC-IDRI-0377\LIDC-IDRI-0377_n0_k174_img.png,./lidc_patches_all\LIDC-IDRI-0377\LIDC-IDRI-0377_n0_k174_mask.png,153.460462265712,289,359,331,403,5,1,6,3,4,3,2,5,4
381,LIDC-IDRI-0377,0,175,./lidc_patches_all\LIDC-IDRI-0377\LIDC-IDRI-0377_n0_k175_img.png,./lidc_patches_all\LIDC-IDRI-0377\LIDC-IDRI-0377_n0_k175_mask.png,140.67209041023602,289,359,331,403,5,1,6,3,4,3,2,5,4
381,LIDC-IDRI-0377,1,176,./lidc_patches_all\LIDC-IDRI-0377\LIDC-IDRI-0377_n1_k176_img.png,./lidc_patches_all\LIDC-IDRI-0377\LIDC-IDRI-0377_n1_k176_mask.png,12.788371855476,313,344,334,365,3,1,6,2,3,2,1,5,3
381,LIDC-IDRI-0377,2,184,./lidc_patches_all\LIDC-IDRI-0377\LIDC-IDRI-0377_n2_k184_img.png,./lidc_patches_all\LIDC-IDRI-0377\LIDC-IDRI-0377_n2_k184_mask.png,16.316198574228,150,344,169,367,5,1,3,4,5,1,1,5,1
