scan_id,patient_id,nodule_index,k_global,img_path,mask_path,area_mm2,nodule_bbox_xmin,nodule_bbox_ymin,nodule_bbox_xmax,nodule_bbox_ymax,ann_subtlety,ann_internalStructure,ann_calcification,ann_sphericity,ann_margin,ann_lobulation,ann_spiculation,ann_texture,ann_malignancy
142,LIDC-IDRI-0139,0,29,./lidc_patches_all\LIDC-IDRI-0139\LIDC-IDRI-0139_n0_k29_img.png,./lidc_patches_all\LIDC-IDRI-0139\LIDC-IDRI-0139_n0_k29_mask.png,486.474609375,308,330,366,387,5,1,6,3,4,3,3,5,5
142,LIDC-IDRI-0139,0,30,./lidc_patches_all\LIDC-IDRI-0139\LIDC-IDRI-0139_n0_k30_img.png,./lidc_patches_all\LIDC-IDRI-0139\LIDC-IDRI-0139_n0_k30_mask.png,510.205078125,308,330,366,387,5,1,6,3,4,3,3,5,5
142,LIDC-IDRI-0139,0,31,./lidc_patches_all\LIDC-IDRI-0139\LIDC-IDRI-0139_n0_k31_img.png,./lidc_patches_all\LIDC-IDRI-0139\LIDC-IDRI-0139_n0_k31_mask.png,517.620849609375,308,330,366,387,5,1,6,3,4,3,3,5,5
142,LIDC-IDRI-0139,0,32,./lidc_patches_all\LIDC-IDRI-0139\LIDC-IDRI-0139_n0_k32_img.png,./lidc_patches_all\LIDC-IDRI-0139\LIDC-IDRI-0139_n0_k32_mask.png,421.710205078125,308,330,366,387,5,1,6,3,4,3,3,5,5
142,LIDC-IDRI-0139,0,33,./lidc_patches_all\LIDC-IDRI-0139\LIDC-IDRI-0139_n0_k33_img.png,./lidc_patches_all\LIDC-IDRI-0139\LIDC-IDRI-0139_n0_k33_mask.png,362.87841796875,308,330,366,387,5,1,6,3,4,3,3,5,5
142,LIDC-IDRI-0139,1,29,./lidc_patches_all\LIDC-IDRI-0139\LIDC-IDRI-0139_n1_k29_img.png,./lidc_patches_all\LIDC-IDRI-0139\LIDC-IDRI-0139_n1_k29_mask.png,489.44091796875,266,83,341,141,5,1,6,3,4,3,2,5,4
142,LIDC-IDRI-0139,1,30,./lidc_patches_all\LIDC-IDRI-0139\LIDC-IDRI-0139_n1_k30_img.png,./lidc_patches_all\LIDC-IDRI-0139\LIDC-IDRI-0139_n1_k30_mask.png,555.6884765625,266,83,341,141,5,1,6,3,4,3,2,5,4
142,LIDC-IDRI-0139,1,31,./lidc_patches_all\LIDC-IDRI-0139\LIDC-IDRI-0139_n1_k31_img.png,./lidc_patches_all\LIDC-IDRI-0139\LIDC-IDRI-0139_n1_k31_mask.png,615.509033203125,266,83,341,141,5,1,6,3,4,3,2,5,4
142,LIDC-IDRI-0139,1,32,./lidc_patches_all\LIDC-IDRI-0139\LIDC-IDRI-0139_n1_k32_img.png,./lidc_patches_all\LIDC-IDRI-0139\LIDC-IDRI-0139_n1_k32_mask.png,584.857177734375,266,83,341,141,5,1,6,3,4,3,2,5,4
142,LIDC-IDRI-0139,1,33,./lidc_patches_all\LIDC-IDRI-0139\LIDC-IDRI-0139_n1_k33_img.png,./lidc_patches_all\LIDC-IDRI-0139\LIDC-IDRI-0139_n1_k33_mask.png,539.8681640625,266,83,341,141,5,1,6,3,4,3,2,5,4
142,LIDC-IDRI-0139,2,41,./lidc_patches_all\LIDC-IDRI-0139\LIDC-IDRI-0139_n2_k41_img.png,./lidc_patches_all\LIDC-IDRI-0139\LIDC-IDRI-0139_n2_k41_mask.png,124.090576171875,348,286,393,322,5,1,6,3,4,3,2,5,4
142,LIDC-IDRI-0139,2,42,./lidc_patches_all\LIDC-IDRI-0139\LIDC-IDRI-0139_n2_k42_img.png,./lidc_patches_all\LIDC-IDRI-0139\LIDC-IDRI-0139_n2_k42_mask.png,178.96728515625,348,286,393,322,5,1,6,3,4,3,2,5,4
142,LIDC-IDRI-0139,2,43,./lidc_patches_all\LIDC-IDRI-0139\LIDC-IDRI-0139_n2_k43_img.png,./lidc_patches_all\LIDC-IDRI-0139\LIDC-IDRI-0139_n2_k43_mask.png,189.84375,348,286,393,322,5,1,6,3,4,3,2,5,4
142,LIDC-IDRI-0139,2,44,./lidc_patches_all\LIDC-IDRI-0139\LIDC-IDRI-0139_n2_k44_img.png,./lidc_patches_all\LIDC-IDRI-0139\LIDC-IDRI-0139_n2_k44_mask.png,185.394287109375,348,286,393,322,5,1,6,3,4,3,2,5,4
142,LIDC-IDRI-0139,2,45,./lidc_patches_all\LIDC-IDRI-0139\LIDC-IDRI-0139_n2_k45_img.png,./lidc_patches_all\LIDC-IDRI-0139\LIDC-IDRI-0139_n2_k45_mask.png,142.877197265625,348,286,393,322,5,1,6,3,4,3,2,5,4
142,LIDC-IDRI-0139,3,50,./lidc_patches_all\LIDC-IDRI-0139\LIDC-IDRI-0139_n3_k50_img.png,./lidc_patches_all\LIDC-IDRI-0139\LIDC-IDRI-0139_n3_k50_mask.png,19.775390625,276,352,296,374,2,1,6,4,5,1,1,5,3
