scan_id,patient_id,nodule_index,k_global,img_path,mask_path,area_mm2,nodule_bbox_xmin,nodule_bbox_ymin,nodule_bbox_xmax,nodule_bbox_ymax,ann_subtlety,ann_internalStructure,ann_calcification,ann_sphericity,ann_margin,ann_lobulation,ann_spiculation,ann_texture,ann_malignancy
18,LIDC-IDRI-0007,0,107,./lidc_patches_all\LIDC-IDRI-0007\LIDC-IDRI-0007_n0_k107_img.png,./lidc_patches_all\LIDC-IDRI-0007\LIDC-IDRI-0007_n0_k107_mask.png,333.251953125,258,168,321,223,5,1,6,4,3,3,5,5,5
18,LIDC-IDRI-0007,0,108,./lidc_patches_all\LIDC-IDRI-0007\LIDC-IDRI-0007_n0_k108_img.png,./lidc_patches_all\LIDC-IDRI-0007\LIDC-IDRI-0007_n0_k108_mask.png,366.2109375,258,168,321,223,5,1,6,4,3,3,5,5,5
18,LIDC-IDRI-0007,0,109,./lidc_patches_all\LIDC-IDRI-0007\LIDC-IDRI-0007_n0_k109_img.png,./lidc_patches_all\LIDC-IDRI-0007\LIDC-IDRI-0007_n0_k109_mask.png,420.5322265625,258,168,321,223,5,1,6,4,3,3,5,5,5
18,LIDC-IDRI-0007,0,110,./lidc_patches_all\LIDC-IDRI-0007\LIDC-IDRI-0007_n0_k110_img.png,./lidc_patches_all\LIDC-IDRI-0007\LIDC-IDRI-0007_n0_k110_mask.png,391.2353515625,258,168,321,223,5,1,6,4,3,3,5,5,5
18,LIDC-IDRI-0007,0,111,./lidc_patches_all\LIDC-IDRI-0007\LIDC-IDRI-0007_n0_k111_img.png,./lidc_patches_all\LIDC-IDRI-0007\LIDC-IDRI-0007_n0_k111_mask.png,322.265625,258,168,321,223,5,1,6,4,3,3,5,5,5
18,LIDC-IDRI-0007,1,122,./lidc_patches_all\LIDC-IDRI-0007\LIDC-IDRI-0007_n1_k122_img.png,./lidc_patches_all\LIDC-IDRI-0007\LIDC-IDRI-0007_n1_k122_mask.png,53.7109375,250,274,286,311,4,1,6,5,2,4,4,5,5
18,LIDC-IDRI-0007,1,124,./lidc_patches_all\LIDC-IDRI-0007\LIDC-IDRI-0007_n1_k124_img.png,./lidc_patches_all\LIDC-IDRI-0007\LIDC-IDRI-0007_n1_k124_mask.png,134.8876953125,250,274,286,311,4,1,6,5,2,4,4,5,5
18,LIDC-IDRI-0007,1,125,./lidc_patches_all\LIDC-IDRI-0007\LIDC-IDRI-0007_n1_k125_img.png,./lidc_patches_all\LIDC-IDRI-0007\LIDC-IDRI-0007_n1_k125_mask.png,117.7978515625,250,274,286,311,4,1,6,5,2,4,4,5,5
18,LIDC-IDRI-0007,1,126,./lidc_patches_all\LIDC-IDRI-0007\LIDC-IDRI-0007_n1_k126_img.png,./lidc_patches_all\LIDC-IDRI-0007\LIDC-IDRI-0007_n1_k126_mask.png,87.890625,250,274,286,311,4,1,6,5,2,4,4,5,5
