scan_id,patient_id,nodule_index,k_global,img_path,mask_path,area_mm2,nodule_bbox_xmin,nodule_bbox_ymin,nodule_bbox_xmax,nodule_bbox_ymax,ann_subtlety,ann_internalStructure,ann_calcification,ann_sphericity,ann_margin,ann_lobulation,ann_spiculation,ann_texture,ann_malignancy
238,LIDC-IDRI-0237,0,67,./lidc_patches_all\LIDC-IDRI-0237\LIDC-IDRI-0237_n0_k67_img.png,./lidc_patches_all\LIDC-IDRI-0237\LIDC-IDRI-0237_n0_k67_mask.png,24.897735761728004,194,177,213,196,3,1,6,5,4,2,1,5,3
238,LIDC-IDRI-0237,1,69,./lidc_patches_all\LIDC-IDRI-0237\LIDC-IDRI-0237_n1_k69_img.png,./lidc_patches_all\LIDC-IDRI-0237\LIDC-IDRI-0237_n1_k69_mask.png,43.066353750016006,288,112,310,135,4,1,6,5,5,1,1,5,2
238,LIDC-IDRI-0237,2,79,./lidc_patches_all\LIDC-IDRI-0237\LIDC-IDRI-0237_n2_k79_img.png,./lidc_patches_all\LIDC-IDRI-0237\LIDC-IDRI-0237_n2_k79_mask.png,102.95550193363202,198,157,226,184,5,1,6,4,4,3,2,5,4
238,LIDC-IDRI-0237,2,80,./lidc_patches_all\LIDC-IDRI-0237\LIDC-IDRI-0237_n2_k80_img.png,./lidc_patches_all\LIDC-IDRI-0237\LIDC-IDRI-0237_n2_k80_mask.png,90.17017816409601,198,157,226,184,5,1,6,4,4,3,2,5,4
