scan_id,patient_id,nodule_index,k_global,img_path,mask_path,area_mm2,nodule_bbox_xmin,nodule_bbox_ymin,nodule_bbox_xmax,nodule_bbox_ymax,ann_subtlety,ann_internalStructure,ann_calcification,ann_sphericity,ann_margin,ann_lobulation,ann_spiculation,ann_texture,ann_malignancy
218,LIDC-IDRI-0217,0,32,./lidc_patches_all\LIDC-IDRI-0217\LIDC-IDRI-0217_n0_k32_img.png,./lidc_patches_all\LIDC-IDRI-0217\LIDC-IDRI-0217_n0_k32_mask.png,143.4326171875,302,196,339,230,5,1,6,4,4,2,2,5,4
218,LIDC-IDRI-0217,0,33,./lidc_patches_all\LIDC-IDRI-0217\LIDC-IDRI-0217_n0_k33_img.png,./lidc_patches_all\LIDC-IDRI-0217\LIDC-IDRI-0217_n0_k33_mask.png,185.546875,302,196,339,230,5,1,6,4,4,2,2,5,4
218,LIDC-IDRI-0217,0,34,./lidc_patches_all\LIDC-IDRI-0217\LIDC-IDRI-0217_n0_k34_img.png,./lidc_patches_all\LIDC-IDRI-0217\LIDC-IDRI-0217_n0_k34_mask.png,196.533203125,302,196,339,230,5,1,6,4,4,2,2,5,4
218,LIDC-IDRI-0217,0,35,./lidc_patches_all\LIDC-IDRI-0217\LIDC-IDRI-0217_n0_k35_img.png,./lidc_patches_all\LIDC-IDRI-0217\LIDC-IDRI-0217_n0_k35_mask.png,170.8984375,302,196,339,230,5,1,6,4,4,2,2,5,4
218,LIDC-IDRI-0217,0,36,./lidc_patches_all\LIDC-IDRI-0217\LIDC-IDRI-0217_n0_k36_img.png,./lidc_patches_all\LIDC-IDRI-0217\LIDC-IDRI-0217_n0_k36_mask.png,142.822265625,302,196,339,230,5,1,6,4,4,2,2,5,4
218,LIDC-IDRI-0217,1,82,./lidc_patches_all\LIDC-IDRI-0217\LIDC-IDRI-0217_n1_k82_img.png,./lidc_patches_all\LIDC-IDRI-0217\LIDC-IDRI-0217_n1_k82_mask.png,73.2421875,259,104,287,129,5,1,6,4,5,2,2,5,4
218,LIDC-IDRI-0217,1,83,./lidc_patches_all\LIDC-IDRI-0217\LIDC-IDRI-0217_n1_k83_img.png,./lidc_patches_all\LIDC-IDRI-0217\LIDC-IDRI-0217_n1_k83_mask.png,76.2939453125,259,104,287,129,5,1,6,4,5,2,2,5,4
218,LIDC-IDRI-0217,1,84,./lidc_patches_all\LIDC-IDRI-0217\LIDC-IDRI-0217_n1_k84_img.png,./lidc_patches_all\LIDC-IDRI-0217\LIDC-IDRI-0217_n1_k84_mask.png,53.7109375,259,104,287,129,5,1,6,4,5,2,2,5,4
218,LIDC-IDRI-0217,2,97,./lidc_patches_all\LIDC-IDRI-0217\LIDC-IDRI-0217_n2_k97_img.png,./lidc_patches_all\LIDC-IDRI-0217\LIDC-IDRI-0217_n2_k97_mask.png,66.5283203125,269,146,294,172,5,1,6,4,5,2,2,5,4
218,LIDC-IDRI-0217,2,98,./lidc_patches_all\LIDC-IDRI-0217\LIDC-IDRI-0217_n2_k98_img.png,./lidc_patches_all\LIDC-IDRI-0217\LIDC-IDRI-0217_n2_k98_mask.png,87.890625,269,146,294,172,5,1,6,4,5,2,2,5,4
218,LIDC-IDRI-0217,2,99,./lidc_patches_all\LIDC-IDRI-0217\LIDC-IDRI-0217_n2_k99_img.png,./lidc_patches_all\LIDC-IDRI-0217\LIDC-IDRI-0217_n2_k99_mask.png,60.4248046875,269,146,294,172,5,1,6,4,5,2,2,5,4
