scan_id,patient_id,nodule_index,k_global,img_path,mask_path,area_mm2,nodule_bbox_xmin,nodule_bbox_ymin,nodule_bbox_xmax,nodule_bbox_ymax,ann_subtlety,ann_internalStructure,ann_calcification,ann_sphericity,ann_margin,ann_lobulation,ann_spiculation,ann_texture,ann_malignancy
137,LIDC-IDRI-0133,0,37,./lidc_patches_all\LIDC-IDRI-0133\LIDC-IDRI-0133_n0_k37_img.png,./lidc_patches_all\LIDC-IDRI-0133\LIDC-IDRI-0133_n0_k37_mask.png,79.87223896487998,307,195,343,229,3,1,6,3,5,1,1,5,3
137,LIDC-IDRI-0133,0,38,./lidc_patches_all\LIDC-IDRI-0133\LIDC-IDRI-0133_n0_k38_img.png,./lidc_patches_all\LIDC-IDRI-0133\LIDC-IDRI-0133_n0_k38_mask.png,109.06691941411198,307,195,343,229,3,1,6,3,5,1,1,5,3
137,LIDC-IDRI-0133,0,39,./lidc_patches_all\LIDC-IDRI-0133\LIDC-IDRI-0133_n0_k39_img.png,./lidc_patches_all\LIDC-IDRI-0133\LIDC-IDRI-0133_n0_k39_mask.png,114.02450666020799,307,195,343,229,3,1,6,3,5,1,1,5,3
137,LIDC-IDRI-0133,0,40,./lidc_patches_all\LIDC-IDRI-0133\LIDC-IDRI-0133_n0_k40_img.png,./lidc_patches_all\LIDC-IDRI-0133\LIDC-IDRI-0133_n0_k40_mask.png,91.43994253910398,307,195,343,229,3,1,6,3,5,1,1,5,3
137,LIDC-IDRI-0133,0,41,./lidc_patches_all\LIDC-IDRI-0133\LIDC-IDRI-0133_n0_k41_img.png,./lidc_patches_all\LIDC-IDRI-0133\LIDC-IDRI-0133_n0_k41_mask.png,99.70258794926399,307,195,343,229,3,1,6,3,5,1,1,5,3
137,LIDC-IDRI-0133,1,133,./lidc_patches_all\LIDC-IDRI-0133\LIDC-IDRI-0133_n1_k133_img.png,./lidc_patches_all\LIDC-IDRI-0133\LIDC-IDRI-0133_n1_k133_mask.png,120.63462298833598,346,162,378,196,4,1,6,4,5,1,1,5,3
137,LIDC-IDRI-0133,1,134,./lidc_patches_all\LIDC-IDRI-0133\LIDC-IDRI-0133_n1_k134_img.png,./lidc_patches_all\LIDC-IDRI-0133\LIDC-IDRI-0133_n1_k134_mask.png,129.99895445318398,346,162,378,196,4,1,6,4,5,1,1,5,3
137,LIDC-IDRI-0133,1,135,./lidc_patches_all\LIDC-IDRI-0133\LIDC-IDRI-0133_n1_k135_img.png,./lidc_patches_all\LIDC-IDRI-0133\LIDC-IDRI-0133_n1_k135_mask.png,134.405698671936,346,162,378,196,4,1,6,4,5,1,1,5,3
137,LIDC-IDRI-0133,1,136,./lidc_patches_all\LIDC-IDRI-0133\LIDC-IDRI-0133_n1_k136_img.png,./lidc_patches_all\LIDC-IDRI-0133\LIDC-IDRI-0133_n1_k136_mask.png,127.79558234380798,346,162,378,196,4,1,6,4,5,1,1,5,3
137,LIDC-IDRI-0133,1,137,./lidc_patches_all\LIDC-IDRI-0133\LIDC-IDRI-0133_n1_k137_img.png,./lidc_patches_all\LIDC-IDRI-0133\LIDC-IDRI-0133_n1_k137_mask.png,123.93968115239998,346,162,378,196,4,1,6,4,5,1,1,5,3
