scan_id,patient_id,nodule_index,k_global,img_path,mask_path,area_mm2,nodule_bbox_xmin,nodule_bbox_ymin,nodule_bbox_xmax,nodule_bbox_ymax,ann_subtlety,ann_internalStructure,ann_calcification,ann_sphericity,ann_margin,ann_lobulation,ann_spiculation,ann_texture,ann_malignancy
121,LIDC-IDRI-0116,0,85,./lidc_patches_all\LIDC-IDRI-0116\LIDC-IDRI-0116_n0_k85_img.png,./lidc_patches_all\LIDC-IDRI-0116\LIDC-IDRI-0116_n0_k85_mask.png,41.007953613292,289,348,308,368,4,1,6,4,5,1,1,5,2
121,LIDC-IDRI-0116,1,99,./lidc_patches_all\LIDC-IDRI-0116\LIDC-IDRI-0116_n1_k99_img.png,./lidc_patches_all\LIDC-IDRI-0116\LIDC-IDRI-0116_n1_k99_mask.png,200.27140136724,208,137,254,177,5,1,6,4,4,2,4,5,5
121,LIDC-IDRI-0116,1,100,./lidc_patches_all\LIDC-IDRI-0116\LIDC-IDRI-0116_n1_k100_img.png,./lidc_patches_all\LIDC-IDRI-0116\LIDC-IDRI-0116_n1_k100_mask.png,256.538128418036,208,137,254,177,5,1,6,4,4,2,4,5,5
121,LIDC-IDRI-0116,1,101,./lidc_patches_all\LIDC-IDRI-0116\LIDC-IDRI-0116_n1_k101_img.png,./lidc_patches_all\LIDC-IDRI-0116\LIDC-IDRI-0116_n1_k101_mask.png,299.453428711016,208,137,254,177,5,1,6,4,4,2,4,5,5
121,LIDC-IDRI-0116,1,102,./lidc_patches_all\LIDC-IDRI-0116\LIDC-IDRI-0116_n1_k102_img.png,./lidc_patches_all\LIDC-IDRI-0116\LIDC-IDRI-0116_n1_k102_mask.png,280.379961914136,208,137,254,177,5,1,6,4,4,2,4,5,5
121,LIDC-IDRI-0116,1,103,./lidc_patches_all\LIDC-IDRI-0116\LIDC-IDRI-0116_n1_k103_img.png,./lidc_patches_all\LIDC-IDRI-0116\LIDC-IDRI-0116_n1_k103_mask.png,225.066908203184,208,137,254,177,5,1,6,4,4,2,4,5,5
