scan_id,patient_id,nodule_index,k_global,img_path,mask_path,area_mm2,nodule_bbox_xmin,nodule_bbox_ymin,nodule_bbox_xmax,nodule_bbox_ymax,ann_subtlety,ann_internalStructure,ann_calcification,ann_sphericity,ann_margin,ann_lobulation,ann_spiculation,ann_texture,ann_malignancy
440,LIDC-IDRI-0436,0,61,./lidc_patches_all\LIDC-IDRI-0436\LIDC-IDRI-0436_n0_k61_img.png,./lidc_patches_all\LIDC-IDRI-0436\LIDC-IDRI-0436_n0_k61_mask.png,707.7896156311035,170,82,244,156,5,1,6,4,4,3,2,4,4
440,LIDC-IDRI-0436,0,62,./lidc_patches_all\LIDC-IDRI-0436\LIDC-IDRI-0436_n0_k62_img.png,./lidc_patches_all\LIDC-IDRI-0436\LIDC-IDRI-0436_n0_k62_mask.png,807.6121940612793,170,82,244,156,5,1,6,4,4,3,2,4,4
440,LIDC-IDRI-0436,0,63,./lidc_patches_all\LIDC-IDRI-0436\LIDC-IDRI-0436_n0_k63_img.png,./lidc_patches_all\LIDC-IDRI-0436\LIDC-IDRI-0436_n0_k63_mask.png,902.2059707641602,170,82,244,156,5,1,6,4,4,3,2,4,4
440,LIDC-IDRI-0436,0,64,./lidc_patches_all\LIDC-IDRI-0436\LIDC-IDRI-0436_n0_k64_img.png,./lidc_patches_all\LIDC-IDRI-0436\LIDC-IDRI-0436_n0_k64_mask.png,844.689151763916,170,82,244,156,5,1,6,4,4,3,2,4,4
440,LIDC-IDRI-0436,0,65,./lidc_patches_all\LIDC-IDRI-0436\LIDC-IDRI-0436_n0_k65_img.png,./lidc_patches_all\LIDC-IDRI-0436\LIDC-IDRI-0436_n0_k65_mask.png,715.3951454162598,170,82,244,156,5,1,6,4,4,3,2,4,4
440,LIDC-IDRI-0436,1,83,./lidc_patches_all\LIDC-IDRI-0436\LIDC-IDRI-0436_n1_k83_img.png,./lidc_patches_all\LIDC-IDRI-0436\LIDC-IDRI-0436_n1_k83_mask.png,28.996082305908203,183,220,204,242,5,1,3,4,5,1,1,5,1
