scan_id,patient_id,nodule_index,k_global,img_path,mask_path,area_mm2,nodule_bbox_xmin,nodule_bbox_ymin,nodule_bbox_xmax,nodule_bbox_ymax,ann_subtlety,ann_internalStructure,ann_calcification,ann_sphericity,ann_margin,ann_lobulation,ann_spiculation,ann_texture,ann_malignancy
357,LIDC-IDRI-0355,0,49,./lidc_patches_all\LIDC-IDRI-0355\LIDC-IDRI-0355_n0_k49_img.png,./lidc_patches_all\LIDC-IDRI-0355\LIDC-IDRI-0355_n0_k49_mask.png,164.24960000000002,167,384,207,421,4,1,6,4,4,5,5,5,4
357,LIDC-IDRI-0355,0,50,./lidc_patches_all\LIDC-IDRI-0355\LIDC-IDRI-0355_n0_k50_img.png,./lidc_patches_all\LIDC-IDRI-0355\LIDC-IDRI-0355_n0_k50_mask.png,197.01760000000002,167,384,207,421,4,1,6,4,4,5,5,5,4
357,LIDC-IDRI-0355,0,51,./lidc_patches_all\LIDC-IDRI-0355\LIDC-IDRI-0355_n0_k51_img.png,./lidc_patches_all\LIDC-IDRI-0355\LIDC-IDRI-0355_n0_k51_mask.png,197.4272,167,384,207,421,4,1,6,4,4,5,5,5,4
357,LIDC-IDRI-0355,0,52,./lidc_patches_all\LIDC-IDRI-0355\LIDC-IDRI-0355_n0_k52_img.png,./lidc_patches_all\LIDC-IDRI-0355\LIDC-IDRI-0355_n0_k52_mask.png,165.0688,167,384,207,421,4,1,6,4,4,5,5,5,4
357,LIDC-IDRI-0355,0,53,./lidc_patches_all\LIDC-IDRI-0355\LIDC-IDRI-0355_n0_k53_img.png,./lidc_patches_all\LIDC-IDRI-0355\LIDC-IDRI-0355_n0_k53_mask.png,132.3008,167,384,207,421,4,1,6,4,4,5,5,5,4
358,LIDC-IDRI-0355,0,55,./lidc_patches_all\LIDC-IDRI-0355\LIDC-IDRI-0355_n0_k55_img.png,./lidc_patches_all\LIDC-IDRI-0355\LIDC-IDRI-0355_n0_k55_mask.png,9.778961181640625,137,155,155,173,2,1,6,5,5,1,1,5,2
358,LIDC-IDRI-0355,1,56,./lidc_patches_all\LIDC-IDRI-0355\LIDC-IDRI-0355_n1_k56_img.png,./lidc_patches_all\LIDC-IDRI-0355\LIDC-IDRI-0355_n1_k56_mask.png,203.4776153564453,162,370,221,420,4,1,6,4,4,2,2,5,4
358,LIDC-IDRI-0355,1,57,./lidc_patches_all\LIDC-IDRI-0355\LIDC-IDRI-0355_n1_k57_img.png,./lidc_patches_all\LIDC-IDRI-0355\LIDC-IDRI-0355_n1_k57_mask.png,209.4954376220703,162,370,221,420,4,1,6,4,4,2,2,5,4
358,LIDC-IDRI-0355,1,58,./lidc_patches_all\LIDC-IDRI-0355\LIDC-IDRI-0355_n1_k58_img.png,./lidc_patches_all\LIDC-IDRI-0355\LIDC-IDRI-0355_n1_k58_mask.png,224.91610717773438,162,370,221,420,4,1,6,4,4,2,2,5,4
358,LIDC-IDRI-0355,1,59,./lidc_patches_all\LIDC-IDRI-0355\LIDC-IDRI-0355_n1_k59_img.png,./lidc_patches_all\LIDC-IDRI-0355\LIDC-IDRI-0355_n1_k59_mask.png,209.87155151367188,162,370,221,420,4,1,6,4,4,2,2,5,4
358,LIDC-IDRI-0355,1,60,./lidc_patches_all\LIDC-IDRI-0355\LIDC-IDRI-0355_n1_k60_img.png,./lidc_patches_all\LIDC-IDRI-0355\LIDC-IDRI-0355_n1_k60_mask.png,164.73788452148438,162,370,221,420,4,1,6,4,4,2,2,5,4
