scan_id,patient_id,nodule_index,k_global,img_path,mask_path,area_mm2,nodule_bbox_xmin,nodule_bbox_ymin,nodule_bbox_xmax,nodule_bbox_ymax,ann_subtlety,ann_internalStructure,ann_calcification,ann_sphericity,ann_margin,ann_lobulation,ann_spiculation,ann_texture,ann_malignancy
249,LIDC-IDRI-0249,0,28,./lidc_patches_all\LIDC-IDRI-0249\LIDC-IDRI-0249_n0_k28_img.png,./lidc_patches_all\LIDC-IDRI-0249\LIDC-IDRI-0249_n0_k28_mask.png,57.87041285158401,208,333,237,360,4,1,6,4,5,1,1,5,3
249,LIDC-IDRI-0249,0,29,./lidc_patches_all\LIDC-IDRI-0249\LIDC-IDRI-0249_n0_k29_img.png,./lidc_patches_all\LIDC-IDRI-0249\LIDC-IDRI-0249_n0_k29_mask.png,92.18891349612801,208,333,237,360,4,1,6,4,5,1,1,5,3
249,LIDC-IDRI-0249,0,30,./lidc_patches_all\LIDC-IDRI-0249\LIDC-IDRI-0249_n0_k30_img.png,./lidc_patches_all\LIDC-IDRI-0249\LIDC-IDRI-0249_n0_k30_mask.png,84.78688394534402,208,333,237,360,4,1,6,4,5,1,1,5,3
249,LIDC-IDRI-0249,0,31,./lidc_patches_all\LIDC-IDRI-0249\LIDC-IDRI-0249_n0_k31_img.png,./lidc_patches_all\LIDC-IDRI-0249\LIDC-IDRI-0249_n0_k31_mask.png,90.84308994144001,208,333,237,360,4,1,6,4,5,1,1,5,3
249,LIDC-IDRI-0249,1,88,./lidc_patches_all\LIDC-IDRI-0249\LIDC-IDRI-0249_n1_k88_img.png,./lidc_patches_all\LIDC-IDRI-0249\LIDC-IDRI-0249_n1_k88_mask.png,84.78688394534402,344,178,397,216,4,1,6,2,3,3,2,5,4
249,LIDC-IDRI-0249,1,89,./lidc_patches_all\LIDC-IDRI-0249\LIDC-IDRI-0249_n1_k89_img.png,./lidc_patches_all\LIDC-IDRI-0249\LIDC-IDRI-0249_n1_k89_mask.png,94.88056060550402,344,178,397,216,4,1,6,2,3,3,2,5,4
249,LIDC-IDRI-0249,1,90,./lidc_patches_all\LIDC-IDRI-0249\LIDC-IDRI-0249_n1_k90_img.png,./lidc_patches_all\LIDC-IDRI-0249\LIDC-IDRI-0249_n1_k90_mask.png,158.80717945318403,344,178,397,216,4,1,6,2,3,3,2,5,4
249,LIDC-IDRI-0249,1,91,./lidc_patches_all\LIDC-IDRI-0249\LIDC-IDRI-0249_n1_k91_img.png,./lidc_patches_all\LIDC-IDRI-0249\LIDC-IDRI-0249_n1_k91_mask.png,151.4051499024,344,178,397,216,4,1,6,2,3,3,2,5,4
249,LIDC-IDRI-0249,1,92,./lidc_patches_all\LIDC-IDRI-0249\LIDC-IDRI-0249_n1_k92_img.png,./lidc_patches_all\LIDC-IDRI-0249\LIDC-IDRI-0249_n1_k92_mask.png,135.928179023488,344,178,397,216,4,1,6,2,3,3,2,5,4
