scan_id,patient_id,nodule_index,k_global,img_path,mask_path,area_mm2,nodule_bbox_xmin,nodule_bbox_ymin,nodule_bbox_xmax,nodule_bbox_ymax,ann_subtlety,ann_internalStructure,ann_calcification,ann_sphericity,ann_margin,ann_lobulation,ann_spiculation,ann_texture,ann_malignancy
252,LIDC-IDRI-0252,0,90,./lidc_patches_all\LIDC-IDRI-0252\LIDC-IDRI-0252_n0_k90_img.png,./lidc_patches_all\LIDC-IDRI-0252\LIDC-IDRI-0252_n0_k90_mask.png,115.948486328125,202,182,255,220,5,1,6,3,4,3,3,5,4
252,LIDC-IDRI-0252,0,91,./lidc_patches_all\LIDC-IDRI-0252\LIDC-IDRI-0252_n0_k91_img.png,./lidc_patches_all\LIDC-IDRI-0252\LIDC-IDRI-0252_n0_k91_mask.png,191.278076171875,202,182,255,220,5,1,6,3,4,3,3,5,4
252,LIDC-IDRI-0252,0,92,./lidc_patches_all\LIDC-IDRI-0252\LIDC-IDRI-0252_n0_k92_img.png,./lidc_patches_all\LIDC-IDRI-0252\LIDC-IDRI-0252_n0_k92_mask.png,263.653564453125,202,182,255,220,5,1,6,3,4,3,3,5,4
252,LIDC-IDRI-0252,0,93,./lidc_patches_all\LIDC-IDRI-0252\LIDC-IDRI-0252_n0_k93_img.png,./lidc_patches_all\LIDC-IDRI-0252\LIDC-IDRI-0252_n0_k93_mask.png,118.1640625,202,182,255,220,5,1,6,3,4,3,3,5,4
