scan_id,patient_id,nodule_index,k_global,img_path,mask_path,area_mm2,nodule_bbox_xmin,nodule_bbox_ymin,nodule_bbox_xmax,nodule_bbox_ymax,ann_subtlety,ann_internalStructure,ann_calcification,ann_sphericity,ann_margin,ann_lobulation,ann_spiculation,ann_texture,ann_malignancy
336,LIDC-IDRI-0334,0,53,./lidc_patches_all\LIDC-IDRI-0334\LIDC-IDRI-0334_n0_k53_img.png,./lidc_patches_all\LIDC-IDRI-0334\LIDC-IDRI-0334_n0_k53_mask.png,30.9375,384,110,408,133,4,1,6,4,2,4,4,4,2
336,LIDC-IDRI-0334,1,53,./lidc_patches_all\LIDC-IDRI-0334\LIDC-IDRI-0334_n1_k53_img.png,./lidc_patches_all\LIDC-IDRI-0334\LIDC-IDRI-0334_n1_k53_mask.png,34.3125,164,190,185,211,4,1,6,3,2,5,4,5,3
336,LIDC-IDRI-0334,2,58,./lidc_patches_all\LIDC-IDRI-0334\LIDC-IDRI-0334_n2_k58_img.png,./lidc_patches_all\LIDC-IDRI-0334\LIDC-IDRI-0334_n2_k58_mask.png,55.6875,250,188,289,219,3,1,6,4,2,3,4,4,4
336,LIDC-IDRI-0334,3,61,./lidc_patches_all\LIDC-IDRI-0334\LIDC-IDRI-0334_n3_k61_img.png,./lidc_patches_all\LIDC-IDRI-0334\LIDC-IDRI-0334_n3_k61_mask.png,13.5,251,45,268,62,1,1,6,3,2,4,5,2,3
336,LIDC-IDRI-0334,4,72,./lidc_patches_all\LIDC-IDRI-0334\LIDC-IDRI-0334_n4_k72_img.png,./lidc_patches_all\LIDC-IDRI-0334\LIDC-IDRI-0334_n4_k72_mask.png,26.4375,263,393,283,413,1,1,6,3,2,3,5,2,3
336,LIDC-IDRI-0334,5,73,./lidc_patches_all\LIDC-IDRI-0334\LIDC-IDRI-0334_n5_k73_img.png,./lidc_patches_all\LIDC-IDRI-0334\LIDC-IDRI-0334_n5_k73_mask.png,21.375,201,125,220,143,2,1,6,4,2,4,4,3,2
336,LIDC-IDRI-0334,6,83,./lidc_patches_all\LIDC-IDRI-0334\LIDC-IDRI-0334_n6_k83_img.png,./lidc_patches_all\LIDC-IDRI-0334\LIDC-IDRI-0334_n6_k83_mask.png,64.125,306,61,332,96,4,1,6,3,3,3,3,3,3
336,LIDC-IDRI-0334,6,84,./lidc_patches_all\LIDC-IDRI-0334\LIDC-IDRI-0334_n6_k84_img.png,./lidc_patches_all\LIDC-IDRI-0334\LIDC-IDRI-0334_n6_k84_mask.png,83.8125,306,61,332,96,4,1,6,3,3,3,3,3,3
336,LIDC-IDRI-0334,6,85,./lidc_patches_all\LIDC-IDRI-0334\LIDC-IDRI-0334_n6_k85_img.png,./lidc_patches_all\LIDC-IDRI-0334\LIDC-IDRI-0334_n6_k85_mask.png,92.8125,306,61,332,96,4,1,6,3,3,3,3,3,3
336,LIDC-IDRI-0334,6,86,./lidc_patches_all\LIDC-IDRI-0334\LIDC-IDRI-0334_n6_k86_img.png,./lidc_patches_all\LIDC-IDRI-0334\LIDC-IDRI-0334_n6_k86_mask.png,52.3125,306,61,332,96,4,1,6,3,3,3,3,3,3
336,LIDC-IDRI-0334,7,91,./lidc_patches_all\LIDC-IDRI-0334\LIDC-IDRI-0334_n7_k91_img.png,./lidc_patches_all\LIDC-IDRI-0334\LIDC-IDRI-0334_n7_k91_mask.png,21.9375,325,96,344,116,3,1,6,4,2,4,4,4,3
336,LIDC-IDRI-0334,8,104,./lidc_patches_all\LIDC-IDRI-0334\LIDC-IDRI-0334_n8_k104_img.png,./lidc_patches_all\LIDC-IDRI-0334\LIDC-IDRI-0334_n8_k104_mask.png,30.9375,310,133,331,156,4,1,6,4,4,4,4,4,3
336,LIDC-IDRI-0334,9,106,./lidc_patches_all\LIDC-IDRI-0334\LIDC-IDRI-0334_n9_k106_img.png,./lidc_patches_all\LIDC-IDRI-0334\LIDC-IDRI-0334_n9_k106_mask.png,19.125,264,110,283,133,4,1,6,3,4,4,4,5,2
