scan_id,patient_id,nodule_index,k_global,img_path,mask_path,area_mm2,nodule_bbox_xmin,nodule_bbox_ymin,nodule_bbox_xmax,nodule_bbox_ymax,ann_subtlety,ann_internalStructure,ann_calcification,ann_sphericity,ann_margin,ann_lobulation,ann_spiculation,ann_texture,ann_malignancy
463,LIDC-IDRI-0458,0,92,./lidc_patches_all\LIDC-IDRI-0458\LIDC-IDRI-0458_n0_k92_img.png,./lidc_patches_all\LIDC-IDRI-0458\LIDC-IDRI-0458_n0_k92_mask.png,7.858239275392,336,411,354,428,2,1,6,3,3,1,2,3,3
463,LIDC-IDRI-0458,1,98,./lidc_patches_all\LIDC-IDRI-0458\LIDC-IDRI-0458_n1_k98_img.png,./lidc_patches_all\LIDC-IDRI-0458\LIDC-IDRI-0458_n1_k98_mask.png,18.216827411136,266,430,288,453,3,1,6,3,3,2,2,4,4
463,LIDC-IDRI-0458,2,118,./lidc_patches_all\LIDC-IDRI-0458\LIDC-IDRI-0458_n2_k118_img.png,./lidc_patches_all\LIDC-IDRI-0458\LIDC-IDRI-0458_n2_k118_mask.png,21.43156166016,359,152,389,176,3,1,6,3,3,2,1,4,3
463,LIDC-IDRI-0458,3,169,./lidc_patches_all\LIDC-IDRI-0458\LIDC-IDRI-0458_n3_k169_img.png,./lidc_patches_all\LIDC-IDRI-0458\LIDC-IDRI-0458_n3_k169_mask.png,8.9298173584,293,77,311,95,4,1,6,5,5,1,1,5,1
