scan_id,patient_id,nodule_index,k_global,img_path,mask_path,area_mm2,nodule_bbox_xmin,nodule_bbox_ymin,nodule_bbox_xmax,nodule_bbox_ymax,ann_subtlety,ann_internalStructure,ann_calcification,ann_sphericity,ann_margin,ann_lobulation,ann_spiculation,ann_texture,ann_malignancy
484,LIDC-IDRI-0479,0,105,./lidc_patches_all\LIDC-IDRI-0479\LIDC-IDRI-0479_n0_k105_img.png,./lidc_patches_all\LIDC-IDRI-0479\LIDC-IDRI-0479_n0_k105_mask.png,10.546875,114,158,132,178,1,1,6,5,5,1,1,4,2
484,LIDC-IDRI-0479,1,146,./lidc_patches_all\LIDC-IDRI-0479\LIDC-IDRI-0479_n1_k146_img.png,./lidc_patches_all\LIDC-IDRI-0479\LIDC-IDRI-0479_n1_k146_mask.png,16.015625,142,86,162,109,4,1,6,4,4,1,1,4,3
484,LIDC-IDRI-0479,2,176,./lidc_patches_all\LIDC-IDRI-0479\LIDC-IDRI-0479_n2_k176_img.png,./lidc_patches_all\LIDC-IDRI-0479\LIDC-IDRI-0479_n2_k176_mask.png,7.8125,342,182,360,200,4,1,3,5,4,1,1,5,1
484,LIDC-IDRI-0479,3,261,./lidc_patches_all\LIDC-IDRI-0479\LIDC-IDRI-0479_n3_k261_img.png,./lidc_patches_all\LIDC-IDRI-0479\LIDC-IDRI-0479_n3_k261_mask.png,10.15625,173,122,192,141,4,1,6,3,5,1,1,5,3
