scan_id,patient_id,nodule_index,k_global,img_path,mask_path,area_mm2,nodule_bbox_xmin,nodule_bbox_ymin,nodule_bbox_xmax,nodule_bbox_ymax,ann_subtlety,ann_internalStructure,ann_calcification,ann_sphericity,ann_margin,ann_lobulation,ann_spiculation,ann_texture,ann_malignancy
139,LIDC-IDRI-0135,0,50,./lidc_patches_all\LIDC-IDRI-0135\LIDC-IDRI-0135_n0_k50_img.png,./lidc_patches_all\LIDC-IDRI-0135\LIDC-IDRI-0135_n0_k50_mask.png,71.636962890625,292,103,318,128,4,1,6,4,4,1,2,5,3
139,LIDC-IDRI-0135,0,51,./lidc_patches_all\LIDC-IDRI-0135\LIDC-IDRI-0135_n0_k51_img.png,./lidc_patches_all\LIDC-IDRI-0135\LIDC-IDRI-0135_n0_k51_mask.png,72.37548828125,292,103,318,128,4,1,6,4,4,1,2,5,3
139,LIDC-IDRI-0135,1,60,./lidc_patches_all\LIDC-IDRI-0135\LIDC-IDRI-0135_n1_k60_img.png,./lidc_patches_all\LIDC-IDRI-0135\LIDC-IDRI-0135_n1_k60_mask.png,16.986083984375,231,94,249,112,4,1,6,5,5,1,1,5,2
139,LIDC-IDRI-0135,2,66,./lidc_patches_all\LIDC-IDRI-0135\LIDC-IDRI-0135_n2_k66_img.png,./lidc_patches_all\LIDC-IDRI-0135\LIDC-IDRI-0135_n2_k66_mask.png,21.417236328125,160,104,178,123,4,1,6,3,2,2,2,5,2
139,LIDC-IDRI-0135,3,67,./lidc_patches_all\LIDC-IDRI-0135\LIDC-IDRI-0135_n3_k67_img.png,./lidc_patches_all\LIDC-IDRI-0135\LIDC-IDRI-0135_n3_k67_mask.png,28.802490234375,329,182,350,203,4,1,6,4,4,1,1,5,2
139,LIDC-IDRI-0135,4,91,./lidc_patches_all\LIDC-IDRI-0135\LIDC-IDRI-0135_n4_k91_img.png,./lidc_patches_all\LIDC-IDRI-0135\LIDC-IDRI-0135_n4_k91_mask.png,16.986083984375,266,364,285,383,4,1,6,4,4,1,1,5,2
139,LIDC-IDRI-0135,5,104,./lidc_patches_all\LIDC-IDRI-0135\LIDC-IDRI-0135_n5_k104_img.png,./lidc_patches_all\LIDC-IDRI-0135\LIDC-IDRI-0135_n5_k104_mask.png,16.986083984375,198,314,217,335,3,1,6,3,3,3,1,5,2
