scan_id,patient_id,nodule_index,k_global,img_path,mask_path,area_mm2,nodule_bbox_xmin,nodule_bbox_ymin,nodule_bbox_xmax,nodule_bbox_ymax,ann_subtlety,ann_internalStructure,ann_calcification,ann_sphericity,ann_margin,ann_lobulation,ann_spiculation,ann_texture,ann_malignancy
144,LIDC-IDRI-0141,0,178,./lidc_patches_all\LIDC-IDRI-0141\LIDC-IDRI-0141_n0_k178_img.png,./lidc_patches_all\LIDC-IDRI-0141\LIDC-IDRI-0141_n0_k178_mask.png,340.44035720825195,152,78,226,153,5,1,3,3,4,2,2,5,3
144,LIDC-IDRI-0141,0,179,./lidc_patches_all\LIDC-IDRI-0141\LIDC-IDRI-0141_n0_k179_img.png,./lidc_patches_all\LIDC-IDRI-0141\LIDC-IDRI-0141_n0_k179_mask.png,340.0521697998047,152,78,226,153,5,1,3,3,4,2,2,5,3
144,LIDC-IDRI-0141,0,180,./lidc_patches_all\LIDC-IDRI-0141\LIDC-IDRI-0141_n0_k180_img.png,./lidc_patches_all\LIDC-IDRI-0141\LIDC-IDRI-0141_n0_k180_mask.png,347.03954315185547,152,78,226,153,5,1,3,3,4,2,2,5,3
144,LIDC-IDRI-0141,0,181,./lidc_patches_all\LIDC-IDRI-0141\LIDC-IDRI-0141_n0_k181_img.png,./lidc_patches_all\LIDC-IDRI-0141\LIDC-IDRI-0141_n0_k181_mask.png,327.2419853210449,152,78,226,153,5,1,3,3,4,2,2,5,3
144,LIDC-IDRI-0141,0,182,./lidc_patches_all\LIDC-IDRI-0141\LIDC-IDRI-0141_n0_k182_img.png,./lidc_patches_all\LIDC-IDRI-0141\LIDC-IDRI-0141_n0_k182_mask.png,322.58373641967773,152,78,226,153,5,1,3,3,4,2,2,5,3
144,LIDC-IDRI-0141,1,204,./lidc_patches_all\LIDC-IDRI-0141\LIDC-IDRI-0141_n1_k204_img.png,./lidc_patches_all\LIDC-IDRI-0141\LIDC-IDRI-0141_n1_k204_mask.png,54.34623718261719,179,143,211,170,5,1,5,2,4,2,2,5,3
144,LIDC-IDRI-0141,1,205,./lidc_patches_all\LIDC-IDRI-0141\LIDC-IDRI-0141_n1_k205_img.png,./lidc_patches_all\LIDC-IDRI-0141\LIDC-IDRI-0141_n1_k205_mask.png,55.510799407958984,179,143,211,170,5,1,5,2,4,2,2,5,3
144,LIDC-IDRI-0141,1,206,./lidc_patches_all\LIDC-IDRI-0141\LIDC-IDRI-0141_n1_k206_img.png,./lidc_patches_all\LIDC-IDRI-0141\LIDC-IDRI-0141_n1_k206_mask.png,50.46436309814453,179,143,211,170,5,1,5,2,4,2,2,5,3
144,LIDC-IDRI-0141,2,209,./lidc_patches_all\LIDC-IDRI-0141\LIDC-IDRI-0141_n2_k209_img.png,./lidc_patches_all\LIDC-IDRI-0141\LIDC-IDRI-0141_n2_k209_mask.png,8.540122985839844,171,91,189,109,4,1,6,4,4,1,2,4,3
144,LIDC-IDRI-0141,3,212,./lidc_patches_all\LIDC-IDRI-0141\LIDC-IDRI-0141_n3_k212_img.png,./lidc_patches_all\LIDC-IDRI-0141\LIDC-IDRI-0141_n3_k212_mask.png,13.198371887207031,173,104,193,123,4,1,6,3,4,2,2,4,2
144,LIDC-IDRI-0141,4,317,./lidc_patches_all\LIDC-IDRI-0141\LIDC-IDRI-0141_n4_k317_img.png,./lidc_patches_all\LIDC-IDRI-0141\LIDC-IDRI-0141_n4_k317_mask.png,14.362934112548828,344,153,363,175,4,1,6,4,4,1,1,5,2
