scan_id,patient_id,nodule_index,k_global,img_path,mask_path,area_mm2,nodule_bbox_xmin,nodule_bbox_ymin,nodule_bbox_xmax,nodule_bbox_ymax,ann_subtlety,ann_internalStructure,ann_calcification,ann_sphericity,ann_margin,ann_lobulation,ann_spiculation,ann_texture,ann_malignancy
35,LIDC-IDRI-0024,0,52,./lidc_patches_all\LIDC-IDRI-0024\LIDC-IDRI-0024_n0_k52_img.png,./lidc_patches_all\LIDC-IDRI-0024\LIDC-IDRI-0024_n0_k52_mask.png,17.7001953125,126,356,144,374,2,1,6,4,4,1,1,5,3
35,LIDC-IDRI-0024,1,70,./lidc_patches_all\LIDC-IDRI-0024\LIDC-IDRI-0024_n1_k70_img.png,./lidc_patches_all\LIDC-IDRI-0024\LIDC-IDRI-0024_n1_k70_mask.png,53.1005859375,153,152,183,182,4,1,6,4,4,2,2,5,3
35,LIDC-IDRI-0024,1,71,./lidc_patches_all\LIDC-IDRI-0024\LIDC-IDRI-0024_n1_k71_img.png,./lidc_patches_all\LIDC-IDRI-0024\LIDC-IDRI-0024_n1_k71_mask.png,123.291015625,153,152,183,182,4,1,6,4,4,2,2,5,3
35,LIDC-IDRI-0024,1,72,./lidc_patches_all\LIDC-IDRI-0024\LIDC-IDRI-0024_n1_k72_img.png,./lidc_patches_all\LIDC-IDRI-0024\LIDC-IDRI-0024_n1_k72_mask.png,130.0048828125,153,152,183,182,4,1,6,4,4,2,2,5,3
35,LIDC-IDRI-0024,1,73,./lidc_patches_all\LIDC-IDRI-0024\LIDC-IDRI-0024_n1_k73_img.png,./lidc_patches_all\LIDC-IDRI-0024\LIDC-IDRI-0024_n1_k73_mask.png,79.9560546875,153,152,183,182,4,1,6,4,4,2,2,5,3
35,LIDC-IDRI-0024,2,84,./lidc_patches_all\LIDC-IDRI-0024\LIDC-IDRI-0024_n2_k84_img.png,./lidc_patches_all\LIDC-IDRI-0024\LIDC-IDRI-0024_n2_k84_mask.png,98.2666015625,257,339,290,369,3,1,6,4,4,2,1,4,2
35,LIDC-IDRI-0024,2,85,./lidc_patches_all\LIDC-IDRI-0024\LIDC-IDRI-0024_n2_k85_img.png,./lidc_patches_all\LIDC-IDRI-0024\LIDC-IDRI-0024_n2_k85_mask.png,69.580078125,257,339,290,369,3,1,6,4,4,2,1,4,2
35,LIDC-IDRI-0024,3,87,./lidc_patches_all\LIDC-IDRI-0024\LIDC-IDRI-0024_n3_k87_img.png,./lidc_patches_all\LIDC-IDRI-0024\LIDC-IDRI-0024_n3_k87_mask.png,11.5966796875,356,323,373,340,3,1,4,5,5,1,1,5,2
