scan_id,patient_id,nodule_index,k_global,img_path,mask_path,area_mm2,nodule_bbox_xmin,nodule_bbox_ymin,nodule_bbox_xmax,nodule_bbox_ymax,ann_subtlety,ann_internalStructure,ann_calcification,ann_sphericity,ann_margin,ann_lobulation,ann_spiculation,ann_texture,ann_malignancy
29,LIDC-IDRI-0018,0,61,./lidc_patches_all\LIDC-IDRI-0018\LIDC-IDRI-0018_n0_k61_img.png,./lidc_patches_all\LIDC-IDRI-0018\LIDC-IDRI-0018_n0_k61_mask.png,15.434241894540001,286,80,306,101,3,1,6,5,5,1,1,5,2
29,LIDC-IDRI-0018,1,75,./lidc_patches_all\LIDC-IDRI-0018\LIDC-IDRI-0018_n1_k75_img.png,./lidc_patches_all\LIDC-IDRI-0018\LIDC-IDRI-0018_n1_k75_mask.png,62.61892425784801,267,425,296,454,4,1,5,4,4,2,1,5,3
29,LIDC-IDRI-0018,1,76,./lidc_patches_all\LIDC-IDRI-0018\LIDC-IDRI-0018_n1_k76_img.png,./lidc_patches_all\LIDC-IDRI-0018\LIDC-IDRI-0018_n1_k76_mask.png,68.79262101566401,267,425,296,454,4,1,5,4,4,2,1,5,3
29,LIDC-IDRI-0018,1,77,./lidc_patches_all\LIDC-IDRI-0018\LIDC-IDRI-0018_n1_k77_img.png,./lidc_patches_all\LIDC-IDRI-0018\LIDC-IDRI-0018_n1_k77_mask.png,71.438491054728,267,425,296,454,4,1,5,4,4,2,1,5,3
29,LIDC-IDRI-0018,2,80,./lidc_patches_all\LIDC-IDRI-0018\LIDC-IDRI-0018_n2_k80_img.png,./lidc_patches_all\LIDC-IDRI-0018\LIDC-IDRI-0018_n2_k80_mask.png,28.663592089860003,217,368,239,392,3,1,6,5,4,2,1,5,3
29,LIDC-IDRI-0018,3,107,./lidc_patches_all\LIDC-IDRI-0018\LIDC-IDRI-0018_n3_k107_img.png,./lidc_patches_all\LIDC-IDRI-0018\LIDC-IDRI-0018_n3_k107_mask.png,111.126541640688,288,342,333,387,5,1,6,4,4,3,2,5,4
29,LIDC-IDRI-0018,3,108,./lidc_patches_all\LIDC-IDRI-0018\LIDC-IDRI-0018_n3_k108_img.png,./lidc_patches_all\LIDC-IDRI-0018\LIDC-IDRI-0018_n3_k108_mask.png,235.04145513685202,288,342,333,387,5,1,6,4,4,3,2,5,4
29,LIDC-IDRI-0018,3,109,./lidc_patches_all\LIDC-IDRI-0018\LIDC-IDRI-0018_n3_k109_img.png,./lidc_patches_all\LIDC-IDRI-0018\LIDC-IDRI-0018_n3_k109_mask.png,272.96559236343603,288,342,333,387,5,1,6,4,4,3,2,5,4
29,LIDC-IDRI-0018,3,110,./lidc_patches_all\LIDC-IDRI-0018\LIDC-IDRI-0018_n3_k110_img.png,./lidc_patches_all\LIDC-IDRI-0018\LIDC-IDRI-0018_n3_k110_mask.png,252.239610390768,288,342,333,387,5,1,6,4,4,3,2,5,4
29,LIDC-IDRI-0018,3,111,./lidc_patches_all\LIDC-IDRI-0018\LIDC-IDRI-0018_n3_k111_img.png,./lidc_patches_all\LIDC-IDRI-0018\LIDC-IDRI-0018_n3_k111_mask.png,201.086122968864,288,342,333,387,5,1,6,4,4,3,2,5,4
