scan_id,patient_id,nodule_index,k_global,img_path,mask_path,area_mm2,nodule_bbox_xmin,nodule_bbox_ymin,nodule_bbox_xmax,nodule_bbox_ymax,ann_subtlety,ann_internalStructure,ann_calcification,ann_sphericity,ann_margin,ann_lobulation,ann_spiculation,ann_texture,ann_malignancy
11,LIDC-IDRI-0154,0,36,./lidc_patches_all\LIDC-IDRI-0154\LIDC-IDRI-0154_n0_k36_img.png,./lidc_patches_all\LIDC-IDRI-0154\LIDC-IDRI-0154_n0_k36_mask.png,19.219355999999998,282,195,302,215,2,1,6,5,3,1,1,5,3
11,LIDC-IDRI-0154,1,41,./lidc_patches_all\LIDC-IDRI-0154\LIDC-IDRI-0154_n1_k41_img.png,./lidc_patches_all\LIDC-IDRI-0154\LIDC-IDRI-0154_n1_k41_mask.png,100.03921199999999,241,442,289,481,5,1,6,4,5,1,1,5,4
11,LIDC-IDRI-0154,1,42,./lidc_patches_all\LIDC-IDRI-0154\LIDC-IDRI-0154_n1_k42_img.png,./lidc_patches_all\LIDC-IDRI-0154\LIDC-IDRI-0154_n1_k42_mask.png,224.22581999999997,241,442,289,481,5,1,6,4,5,1,1,5,4
11,LIDC-IDRI-0154,1,43,./lidc_patches_all\LIDC-IDRI-0154\LIDC-IDRI-0154_n1_k43_img.png,./lidc_patches_all\LIDC-IDRI-0154\LIDC-IDRI-0154_n1_k43_mask.png,308.0025,241,442,289,481,5,1,6,4,5,1,1,5,4
11,LIDC-IDRI-0154,1,44,./lidc_patches_all\LIDC-IDRI-0154\LIDC-IDRI-0154_n1_k44_img.png,./lidc_patches_all\LIDC-IDRI-0154\LIDC-IDRI-0154_n1_k44_mask.png,289.768752,241,442,289,481,5,1,6,4,5,1,1,5,4
11,LIDC-IDRI-0154,1,45,./lidc_patches_all\LIDC-IDRI-0154\LIDC-IDRI-0154_n1_k45_img.png,./lidc_patches_all\LIDC-IDRI-0154\LIDC-IDRI-0154_n1_k45_mask.png,274.984632,241,442,289,481,5,1,6,4,5,1,1,5,4
