scan_id,patient_id,nodule_index,k_global,img_path,mask_path,area_mm2,nodule_bbox_xmin,nodule_bbox_ymin,nodule_bbox_xmax,nodule_bbox_ymax,ann_subtlety,ann_internalStructure,ann_calcification,ann_sphericity,ann_margin,ann_lobulation,ann_spiculation,ann_texture,ann_malignancy
406,LIDC-IDRI-0402,0,78,./lidc_patches_all\LIDC-IDRI-0402\LIDC-IDRI-0402_n0_k78_img.png,./lidc_patches_all\LIDC-IDRI-0402\LIDC-IDRI-0402_n0_k78_mask.png,40.76238402345599,313,114,338,138,4,1,6,4,4,1,2,5,3
406,LIDC-IDRI-0402,1,100,./lidc_patches_all\LIDC-IDRI-0402\LIDC-IDRI-0402_n1_k100_img.png,./lidc_patches_all\LIDC-IDRI-0402\LIDC-IDRI-0402_n1_k100_mask.png,17.076133847663996,254,437,274,457,4,1,6,4,4,1,1,5,3
406,LIDC-IDRI-0402,2,104,./lidc_patches_all\LIDC-IDRI-0402\LIDC-IDRI-0402_n2_k104_img.png,./lidc_patches_all\LIDC-IDRI-0402\LIDC-IDRI-0402_n2_k104_mask.png,21.482878066415996,240,435,260,454,4,1,6,4,4,1,2,4,3
406,LIDC-IDRI-0402,3,167,./lidc_patches_all\LIDC-IDRI-0402\LIDC-IDRI-0402_n3_k167_img.png,./lidc_patches_all\LIDC-IDRI-0402\LIDC-IDRI-0402_n3_k167_mask.png,37.45732585939199,292,387,316,409,3,1,6,4,3,2,1,2,3
406,LIDC-IDRI-0402,4,203,./lidc_patches_all\LIDC-IDRI-0402\LIDC-IDRI-0402_n4_k203_img.png,./lidc_patches_all\LIDC-IDRI-0402\LIDC-IDRI-0402_n4_k203_mask.png,9.915174492191998,337,148,355,170,2,1,6,4,2,1,1,1,3
406,LIDC-IDRI-0402,5,207,./lidc_patches_all\LIDC-IDRI-0402\LIDC-IDRI-0402_n5_k207_img.png,./lidc_patches_all\LIDC-IDRI-0402\LIDC-IDRI-0402_n5_k207_mask.png,29.194680449231996,219,322,241,342,2,1,6,4,2,1,1,1,2
406,LIDC-IDRI-0402,6,212,./lidc_patches_all\LIDC-IDRI-0402\LIDC-IDRI-0402_n6_k212_img.png,./lidc_patches_all\LIDC-IDRI-0402\LIDC-IDRI-0402_n6_k212_mask.png,15.974447792975997,304,182,327,201,1,1,6,3,2,1,2,1,3
406,LIDC-IDRI-0402,7,212,./lidc_patches_all\LIDC-IDRI-0402\LIDC-IDRI-0402_n7_k212_img.png,./lidc_patches_all\LIDC-IDRI-0402\LIDC-IDRI-0402_n7_k212_mask.png,25.338779257823997,320,186,339,206,1,1,6,5,1,1,1,1,3
406,LIDC-IDRI-0402,8,217,./lidc_patches_all\LIDC-IDRI-0402\LIDC-IDRI-0402_n8_k217_img.png,./lidc_patches_all\LIDC-IDRI-0402\LIDC-IDRI-0402_n8_k217_mask.png,22.033721093759997,329,152,349,172,1,1,6,2,2,1,4,1,3
406,LIDC-IDRI-0402,9,241,./lidc_patches_all\LIDC-IDRI-0402\LIDC-IDRI-0402_n9_k241_img.png,./lidc_patches_all\LIDC-IDRI-0402\LIDC-IDRI-0402_n9_k241_mask.png,338.217618789216,269,264,315,329,5,1,6,3,1,2,4,3,4
406,LIDC-IDRI-0402,9,242,./lidc_patches_all\LIDC-IDRI-0402\LIDC-IDRI-0402_n9_k242_img.png,./lidc_patches_all\LIDC-IDRI-0402\LIDC-IDRI-0402_n9_k242_mask.png,314.531368613424,269,264,315,329,5,1,6,3,1,2,4,3,4
406,LIDC-IDRI-0402,9,243,./lidc_patches_all\LIDC-IDRI-0402\LIDC-IDRI-0402_n9_k243_img.png,./lidc_patches_all\LIDC-IDRI-0402\LIDC-IDRI-0402_n9_k243_mask.png,369.61567134782393,269,264,315,329,5,1,6,3,1,2,4,3,4
406,LIDC-IDRI-0402,9,244,./lidc_patches_all\LIDC-IDRI-0402\LIDC-IDRI-0402_n9_k244_img.png,./lidc_patches_all\LIDC-IDRI-0402\LIDC-IDRI-0402_n9_k244_mask.png,324.44654310561594,269,264,315,329,5,1,6,3,1,2,4,3,4
406,LIDC-IDRI-0402,9,245,./lidc_patches_all\LIDC-IDRI-0402\LIDC-IDRI-0402_n9_k245_img.png,./lidc_patches_all\LIDC-IDRI-0402\LIDC-IDRI-0402_n9_k245_mask.png,339.319304843904,269,264,315,329,5,1,6,3,1,2,4,3,4
