scan_id,patient_id,nodule_index,k_global,img_path,mask_path,area_mm2,nodule_bbox_xmin,nodule_bbox_ymin,nodule_bbox_xmax,nodule_bbox_ymax,ann_subtlety,ann_internalStructure,ann_calcification,ann_sphericity,ann_margin,ann_lobulation,ann_spiculation,ann_texture,ann_malignancy
155,LIDC-IDRI-0153,0,55,./lidc_patches_all\LIDC-IDRI-0153\LIDC-IDRI-0153_n0_k55_img.png,./lidc_patches_all\LIDC-IDRI-0153\LIDC-IDRI-0153_n0_k55_mask.png,125.11458017582,275,146,307,181,5,1,6,3,4,2,1,5,4
155,LIDC-IDRI-0153,0,56,./lidc_patches_all\LIDC-IDRI-0153\LIDC-IDRI-0153_n0_k56_img.png,./lidc_patches_all\LIDC-IDRI-0153\LIDC-IDRI-0153_n0_k56_mask.png,128.343343535196,275,146,307,181,5,1,6,3,4,2,1,5,4
155,LIDC-IDRI-0153,0,57,./lidc_patches_all\LIDC-IDRI-0153\LIDC-IDRI-0153_n0_k57_img.png,./lidc_patches_all\LIDC-IDRI-0153\LIDC-IDRI-0153_n0_k57_mask.png,133.18648857425998,275,146,307,181,5,1,6,3,4,2,1,5,4
155,LIDC-IDRI-0153,0,58,./lidc_patches_all\LIDC-IDRI-0153\LIDC-IDRI-0153_n0_k58_img.png,./lidc_patches_all\LIDC-IDRI-0153\LIDC-IDRI-0153_n0_k58_mask.png,107.356381699252,275,146,307,181,5,1,6,3,4,2,1,5,4
155,LIDC-IDRI-0153,1,81,./lidc_patches_all\LIDC-IDRI-0153\LIDC-IDRI-0153_n1_k81_img.png,./lidc_patches_all\LIDC-IDRI-0153\LIDC-IDRI-0153_n1_k81_mask.png,119.464244296912,191,197,231,235,5,1,6,4,5,3,2,5,4
155,LIDC-IDRI-0153,1,82,./lidc_patches_all\LIDC-IDRI-0153\LIDC-IDRI-0153_n1_k82_img.png,./lidc_patches_all\LIDC-IDRI-0153\LIDC-IDRI-0153_n1_k82_mask.png,211.484000039128,191,197,231,235,5,1,6,4,5,3,2,5,4
155,LIDC-IDRI-0153,1,83,./lidc_patches_all\LIDC-IDRI-0153\LIDC-IDRI-0153_n1_k83_img.png,./lidc_patches_all\LIDC-IDRI-0153\LIDC-IDRI-0153_n1_k83_mask.png,274.44488554696,191,197,231,235,5,1,6,4,5,3,2,5,4
155,LIDC-IDRI-0153,1,84,./lidc_patches_all\LIDC-IDRI-0153\LIDC-IDRI-0153_n1_k84_img.png,./lidc_patches_all\LIDC-IDRI-0153\LIDC-IDRI-0153_n1_k84_mask.png,253.45792371101598,191,197,231,235,5,1,6,4,5,3,2,5,4
155,LIDC-IDRI-0153,1,85,./lidc_patches_all\LIDC-IDRI-0153\LIDC-IDRI-0153_n1_k85_img.png,./lidc_patches_all\LIDC-IDRI-0153\LIDC-IDRI-0153_n1_k85_mask.png,110.585145058628,191,197,231,235,5,1,6,4,5,3,2,5,4
