scan_id,patient_id,nodule_index,k_global,img_path,mask_path,area_mm2,nodule_bbox_xmin,nodule_bbox_ymin,nodule_bbox_xmax,nodule_bbox_ymax,ann_subtlety,ann_internalStructure,ann_calcification,ann_sphericity,ann_margin,ann_lobulation,ann_spiculation,ann_texture,ann_malignancy
164,LIDC-IDRI-0163,0,40,./lidc_patches_all\LIDC-IDRI-0163\LIDC-IDRI-0163_n0_k40_img.png,./lidc_patches_all\LIDC-IDRI-0163\LIDC-IDRI-0163_n0_k40_mask.png,265.97900390625,211,400,259,455,5,1,6,4,5,2,2,5,4
164,LIDC-IDRI-0163,0,41,./lidc_patches_all\LIDC-IDRI-0163\LIDC-IDRI-0163_n0_k41_img.png,./lidc_patches_all\LIDC-IDRI-0163\LIDC-IDRI-0163_n0_k41_mask.png,284.271240234375,211,400,259,455,5,1,6,4,5,2,2,5,4
164,LIDC-IDRI-0163,0,42,./lidc_patches_all\LIDC-IDRI-0163\LIDC-IDRI-0163_n0_k42_img.png,./lidc_patches_all\LIDC-IDRI-0163\LIDC-IDRI-0163_n0_k42_mask.png,287.237548828125,211,400,259,455,5,1,6,4,5,2,2,5,4
164,LIDC-IDRI-0163,0,43,./lidc_patches_all\LIDC-IDRI-0163\LIDC-IDRI-0163_n0_k43_img.png,./lidc_patches_all\LIDC-IDRI-0163\LIDC-IDRI-0163_n0_k43_mask.png,243.2373046875,211,400,259,455,5,1,6,4,5,2,2,5,4
164,LIDC-IDRI-0163,0,44,./lidc_patches_all\LIDC-IDRI-0163\LIDC-IDRI-0163_n0_k44_img.png,./lidc_patches_all\LIDC-IDRI-0163\LIDC-IDRI-0163_n0_k44_mask.png,165.618896484375,211,400,259,455,5,1,6,4,5,2,2,5,4
