scan_id,patient_id,nodule_index,k_global,img_path,mask_path,area_mm2,nodule_bbox_xmin,nodule_bbox_ymin,nodule_bbox_xmax,nodule_bbox_ymax,ann_subtlety,ann_internalStructure,ann_calcification,ann_sphericity,ann_margin,ann_lobulation,ann_spiculation,ann_texture,ann_malignancy
141,LIDC-IDRI-0138,0,176,./lidc_patches_all\LIDC-IDRI-0138\LIDC-IDRI-0138_n0_k176_img.png,./lidc_patches_all\LIDC-IDRI-0138\LIDC-IDRI-0138_n0_k176_mask.png,295.858214868188,261,296,307,335,5,1,6,3,2,4,4,5,1
141,LIDC-IDRI-0138,0,177,./lidc_patches_all\LIDC-IDRI-0138\LIDC-IDRI-0138_n0_k177_img.png,./lidc_patches_all\LIDC-IDRI-0138\LIDC-IDRI-0138_n0_k177_mask.png,324.43981787111994,261,296,307,335,5,1,6,3,2,4,4,5,1
141,LIDC-IDRI-0138,0,178,./lidc_patches_all\LIDC-IDRI-0138\LIDC-IDRI-0138_n0_k178_img.png,./lidc_patches_all\LIDC-IDRI-0138\LIDC-IDRI-0138_n0_k178_mask.png,325.98476938479195,261,296,307,335,5,1,6,3,2,4,4,5,1
141,LIDC-IDRI-0138,0,179,./lidc_patches_all\LIDC-IDRI-0138\LIDC-IDRI-0138_n0_k179_img.png,./lidc_patches_all\LIDC-IDRI-0138\LIDC-IDRI-0138_n0_k179_mask.png,320.57743908693993,261,296,307,335,5,1,6,3,2,4,4,5,1
141,LIDC-IDRI-0138,0,180,./lidc_patches_all\LIDC-IDRI-0138\LIDC-IDRI-0138_n0_k180_img.png,./lidc_patches_all\LIDC-IDRI-0138\LIDC-IDRI-0138_n0_k180_mask.png,293.54078759768,261,296,307,335,5,1,6,3,2,4,4,5,1
