scan_id,patient_id,nodule_index,k_global,img_path,mask_path,area_mm2,nodule_bbox_xmin,nodule_bbox_ymin,nodule_bbox_xmax,nodule_bbox_ymax,ann_subtlety,ann_internalStructure,ann_calcification,ann_sphericity,ann_margin,ann_lobulation,ann_spiculation,ann_texture,ann_malignancy
224,LIDC-IDRI-0223,0,47,./lidc_patches_all\LIDC-IDRI-0223\LIDC-IDRI-0223_n0_k47_img.png,./lidc_patches_all\LIDC-IDRI-0223\LIDC-IDRI-0223_n0_k47_mask.png,148.3154296875,338,274,379,319,4,1,6,3,2,1,3,3,4
224,LIDC-IDRI-0223,0,48,./lidc_patches_all\LIDC-IDRI-0223\LIDC-IDRI-0223_n0_k48_img.png,./lidc_patches_all\LIDC-IDRI-0223\LIDC-IDRI-0223_n0_k48_mask.png,145.8740234375,338,274,379,319,4,1,6,3,2,1,3,3,4
224,LIDC-IDRI-0223,0,49,./lidc_patches_all\LIDC-IDRI-0223\LIDC-IDRI-0223_n0_k49_img.png,./lidc_patches_all\LIDC-IDRI-0223\LIDC-IDRI-0223_n0_k49_mask.png,156.25,338,274,379,319,4,1,6,3,2,1,3,3,4
224,LIDC-IDRI-0223,0,50,./lidc_patches_all\LIDC-IDRI-0223\LIDC-IDRI-0223_n0_k50_img.png,./lidc_patches_all\LIDC-IDRI-0223\LIDC-IDRI-0223_n0_k50_mask.png,156.25,338,274,379,319,4,1,6,3,2,1,3,3,4
224,LIDC-IDRI-0223,0,51,./lidc_patches_all\LIDC-IDRI-0223\LIDC-IDRI-0223_n0_k51_img.png,./lidc_patches_all\LIDC-IDRI-0223\LIDC-IDRI-0223_n0_k51_mask.png,144.04296875,338,274,379,319,4,1,6,3,2,1,3,3,4
224,LIDC-IDRI-0223,1,164,./lidc_patches_all\LIDC-IDRI-0223\LIDC-IDRI-0223_n1_k164_img.png,./lidc_patches_all\LIDC-IDRI-0223\LIDC-IDRI-0223_n1_k164_mask.png,32.958984375,197,289,221,310,2,1,6,4,4,3,2,5,3
224,LIDC-IDRI-0223,2,195,./lidc_patches_all\LIDC-IDRI-0223\LIDC-IDRI-0223_n2_k195_img.png,./lidc_patches_all\LIDC-IDRI-0223\LIDC-IDRI-0223_n2_k195_mask.png,78.7353515625,244,323,283,360,5,1,6,3,4,3,3,5,4
224,LIDC-IDRI-0223,2,196,./lidc_patches_all\LIDC-IDRI-0223\LIDC-IDRI-0223_n2_k196_img.png,./lidc_patches_all\LIDC-IDRI-0223\LIDC-IDRI-0223_n2_k196_mask.png,109.2529296875,244,323,283,360,5,1,6,3,4,3,3,5,4
224,LIDC-IDRI-0223,2,197,./lidc_patches_all\LIDC-IDRI-0223\LIDC-IDRI-0223_n2_k197_img.png,./lidc_patches_all\LIDC-IDRI-0223\LIDC-IDRI-0223_n2_k197_mask.png,123.9013671875,244,323,283,360,5,1,6,3,4,3,3,5,4
224,LIDC-IDRI-0223,2,198,./lidc_patches_all\LIDC-IDRI-0223\LIDC-IDRI-0223_n2_k198_img.png,./lidc_patches_all\LIDC-IDRI-0223\LIDC-IDRI-0223_n2_k198_mask.png,116.5771484375,244,323,283,360,5,1,6,3,4,3,3,5,4
224,LIDC-IDRI-0223,2,199,./lidc_patches_all\LIDC-IDRI-0223\LIDC-IDRI-0223_n2_k199_img.png,./lidc_patches_all\LIDC-IDRI-0223\LIDC-IDRI-0223_n2_k199_mask.png,118.408203125,244,323,283,360,5,1,6,3,4,3,3,5,4
