scan_id,patient_id,nodule_index,k_global,img_path,mask_path,area_mm2,nodule_bbox_xmin,nodule_bbox_ymin,nodule_bbox_xmax,nodule_bbox_ymax,ann_subtlety,ann_internalStructure,ann_calcification,ann_sphericity,ann_margin,ann_lobulation,ann_spiculation,ann_texture,ann_malignancy
172,LIDC-IDRI-0171,0,19,./lidc_patches_all\LIDC-IDRI-0171\LIDC-IDRI-0171_n0_k19_img.png,./lidc_patches_all\LIDC-IDRI-0171\LIDC-IDRI-0171_n0_k19_mask.png,122.59521484375,315,303,352,337,4,1,6,4,4,2,2,5,4
172,LIDC-IDRI-0171,0,20,./lidc_patches_all\LIDC-IDRI-0171\LIDC-IDRI-0171_n0_k20_img.png,./lidc_patches_all\LIDC-IDRI-0171\LIDC-IDRI-0171_n0_k20_mask.png,152.13623046875,315,303,352,337,4,1,6,4,4,2,2,5,4
172,LIDC-IDRI-0171,0,21,./lidc_patches_all\LIDC-IDRI-0171\LIDC-IDRI-0171_n0_k21_img.png,./lidc_patches_all\LIDC-IDRI-0171\LIDC-IDRI-0171_n0_k21_mask.png,170.599365234375,315,303,352,337,4,1,6,4,4,2,2,5,4
172,LIDC-IDRI-0171,0,22,./lidc_patches_all\LIDC-IDRI-0171\LIDC-IDRI-0171_n0_k22_img.png,./lidc_patches_all\LIDC-IDRI-0171\LIDC-IDRI-0171_n0_k22_mask.png,152.874755859375,315,303,352,337,4,1,6,4,4,2,2,5,4
172,LIDC-IDRI-0171,0,23,./lidc_patches_all\LIDC-IDRI-0171\LIDC-IDRI-0171_n0_k23_img.png,./lidc_patches_all\LIDC-IDRI-0171\LIDC-IDRI-0171_n0_k23_mask.png,105.609130859375,315,303,352,337,4,1,6,4,4,2,2,5,4
172,LIDC-IDRI-0171,1,38,./lidc_patches_all\LIDC-IDRI-0171\LIDC-IDRI-0171_n1_k38_img.png,./lidc_patches_all\LIDC-IDRI-0171\LIDC-IDRI-0171_n1_k38_mask.png,33.233642578125,267,376,287,398,3,1,6,4,4,1,1,5,2
172,LIDC-IDRI-0171,2,42,./lidc_patches_all\LIDC-IDRI-0171\LIDC-IDRI-0171_n2_k42_img.png,./lidc_patches_all\LIDC-IDRI-0171\LIDC-IDRI-0171_n2_k42_mask.png,27.325439453125,274,361,293,382,3,1,6,4,4,1,1,5,2
172,LIDC-IDRI-0171,3,49,./lidc_patches_all\LIDC-IDRI-0171\LIDC-IDRI-0171_n3_k49_img.png,./lidc_patches_all\LIDC-IDRI-0171\LIDC-IDRI-0171_n3_k49_mask.png,27.325439453125,224,364,244,383,3,1,6,4,4,1,1,5,2
172,LIDC-IDRI-0171,4,53,./lidc_patches_all\LIDC-IDRI-0171\LIDC-IDRI-0171_n4_k53_img.png,./lidc_patches_all\LIDC-IDRI-0171\LIDC-IDRI-0171_n4_k53_mask.png,12.554931640625,172,144,189,161,3,1,6,5,5,1,1,5,2
172,LIDC-IDRI-0171,5,71,./lidc_patches_all\LIDC-IDRI-0171\LIDC-IDRI-0171_n5_k71_img.png,./lidc_patches_all\LIDC-IDRI-0171\LIDC-IDRI-0171_n5_k71_mask.png,22.15576171875,334,182,351,201,2,1,6,5,5,1,1,5,2
