scan_id,patient_id,nodule_index,k_global,img_path,mask_path,area_mm2,nodule_bbox_xmin,nodule_bbox_ymin,nodule_bbox_xmax,nodule_bbox_ymax,ann_subtlety,ann_internalStructure,ann_calcification,ann_sphericity,ann_margin,ann_lobulation,ann_spiculation,ann_texture,ann_malignancy
436,LIDC-IDRI-0432,0,444,./lidc_patches_all\LIDC-IDRI-0432\LIDC-IDRI-0432_n0_k444_img.png,./lidc_patches_all\LIDC-IDRI-0432\LIDC-IDRI-0432_n0_k444_mask.png,103.515625,287,295,331,333,5,1,3,5,5,1,1,5,1
436,LIDC-IDRI-0432,0,445,./lidc_patches_all\LIDC-IDRI-0432\LIDC-IDRI-0432_n0_k445_img.png,./lidc_patches_all\LIDC-IDRI-0432\LIDC-IDRI-0432_n0_k445_mask.png,105.078125,287,295,331,333,5,1,3,5,5,1,1,5,1
436,LIDC-IDRI-0432,0,446,./lidc_patches_all\LIDC-IDRI-0432\LIDC-IDRI-0432_n0_k446_img.png,./lidc_patches_all\LIDC-IDRI-0432\LIDC-IDRI-0432_n0_k446_mask.png,133.59375,287,295,331,333,5,1,3,5,5,1,1,5,1
436,LIDC-IDRI-0432,0,447,./lidc_patches_all\LIDC-IDRI-0432\LIDC-IDRI-0432_n0_k447_img.png,./lidc_patches_all\LIDC-IDRI-0432\LIDC-IDRI-0432_n0_k447_mask.png,110.546875,287,295,331,333,5,1,3,5,5,1,1,5,1
436,LIDC-IDRI-0432,0,448,./lidc_patches_all\LIDC-IDRI-0432\LIDC-IDRI-0432_n0_k448_img.png,./lidc_patches_all\LIDC-IDRI-0432\LIDC-IDRI-0432_n0_k448_mask.png,107.8125,287,295,331,333,5,1,3,5,5,1,1,5,1
