scan_id,patient_id,nodule_index,k_global,img_path,mask_path,area_mm2,nodule_bbox_xmin,nodule_bbox_ymin,nodule_bbox_xmax,nodule_bbox_ymax,ann_subtlety,ann_internalStructure,ann_calcification,ann_sphericity,ann_margin,ann_lobulation,ann_spiculation,ann_texture,ann_malignancy
23,LIDC-IDRI-0012,0,45,./lidc_patches_all\LIDC-IDRI-0012\LIDC-IDRI-0012_n0_k45_img.png,./lidc_patches_all\LIDC-IDRI-0012\LIDC-IDRI-0012_n0_k45_mask.png,15.423604765631998,196,126,215,145,3,1,6,5,5,1,1,5,3
23,LIDC-IDRI-0012,1,53,./lidc_patches_all\LIDC-IDRI-0012\LIDC-IDRI-0012_n1_k53_img.png,./lidc_patches_all\LIDC-IDRI-0012\LIDC-IDRI-0012_n1_k53_mask.png,25.338779257823997,206,380,226,400,3,1,6,4,4,1,1,4,2
23,LIDC-IDRI-0012,2,57,./lidc_patches_all\LIDC-IDRI-0012\LIDC-IDRI-0012_n2_k57_img.png,./lidc_patches_all\LIDC-IDRI-0012\LIDC-IDRI-0012_n2_k57_mask.png,16.52529082032,358,155,376,175,3,1,6,5,4,1,1,5,3
23,LIDC-IDRI-0012,3,62,./lidc_patches_all\LIDC-IDRI-0012\LIDC-IDRI-0012_n3_k62_img.png,./lidc_patches_all\LIDC-IDRI-0012\LIDC-IDRI-0012_n3_k62_mask.png,60.041889980495995,282,373,312,401,4,1,6,5,5,1,1,5,4
23,LIDC-IDRI-0012,3,63,./lidc_patches_all\LIDC-IDRI-0012\LIDC-IDRI-0012_n3_k63_img.png,./lidc_patches_all\LIDC-IDRI-0012\LIDC-IDRI-0012_n3_k63_mask.png,86.48235529300798,282,373,312,401,4,1,6,5,5,1,1,5,4
23,LIDC-IDRI-0012,3,64,./lidc_patches_all\LIDC-IDRI-0012\LIDC-IDRI-0012_n3_k64_img.png,./lidc_patches_all\LIDC-IDRI-0012\LIDC-IDRI-0012_n3_k64_mask.png,94.74500070316799,282,373,312,401,4,1,6,5,5,1,1,5,4
23,LIDC-IDRI-0012,3,65,./lidc_patches_all\LIDC-IDRI-0012\LIDC-IDRI-0012_n3_k65_img.png,./lidc_patches_all\LIDC-IDRI-0012\LIDC-IDRI-0012_n3_k65_mask.png,76.01633777347199,282,373,312,401,4,1,6,5,5,1,1,5,4
23,LIDC-IDRI-0012,4,66,./lidc_patches_all\LIDC-IDRI-0012\LIDC-IDRI-0012_n4_k66_img.png,./lidc_patches_all\LIDC-IDRI-0012\LIDC-IDRI-0012_n4_k66_mask.png,17.076133847663996,163,149,181,167,4,1,6,5,5,1,1,5,2
23,LIDC-IDRI-0012,5,67,./lidc_patches_all\LIDC-IDRI-0012\LIDC-IDRI-0012_n5_k67_img.png,./lidc_patches_all\LIDC-IDRI-0012\LIDC-IDRI-0012_n5_k67_mask.png,27.542151367199995,205,355,227,376,4,1,6,4,4,1,1,5,3
23,LIDC-IDRI-0012,6,71,./lidc_patches_all\LIDC-IDRI-0012\LIDC-IDRI-0012_n6_k71_img.png,./lidc_patches_all\LIDC-IDRI-0012\LIDC-IDRI-0012_n6_k71_mask.png,30.847209531263996,190,303,210,325,4,1,6,4,4,1,1,5,3
23,LIDC-IDRI-0012,7,77,./lidc_patches_all\LIDC-IDRI-0012\LIDC-IDRI-0012_n7_k77_img.png,./lidc_patches_all\LIDC-IDRI-0012\LIDC-IDRI-0012_n7_k77_mask.png,13.220232656255998,205,363,223,381,3,1,6,5,5,1,1,5,2
23,LIDC-IDRI-0012,8,78,./lidc_patches_all\LIDC-IDRI-0012\LIDC-IDRI-0012_n8_k78_img.png,./lidc_patches_all\LIDC-IDRI-0012\LIDC-IDRI-0012_n8_k78_mask.png,31.398052558607997,178,349,200,374,4,1,6,4,5,1,1,5,2
23,LIDC-IDRI-0012,9,79,./lidc_patches_all\LIDC-IDRI-0012\LIDC-IDRI-0012_n9_k79_img.png,./lidc_patches_all\LIDC-IDRI-0012\LIDC-IDRI-0012_n9_k79_mask.png,20.381192011727997,185,325,205,346,3,1,6,5,4,1,1,4,3
23,LIDC-IDRI-0012,10,79,./lidc_patches_all\LIDC-IDRI-0012\LIDC-IDRI-0012_n10_k79_img.png,./lidc_patches_all\LIDC-IDRI-0012\LIDC-IDRI-0012_n10_k79_mask.png,14.872761738287998,161,316,180,336,4,1,6,4,4,1,1,4,3
23,LIDC-IDRI-0012,11,83,./lidc_patches_all\LIDC-IDRI-0012\LIDC-IDRI-0012_n11_k83_img.png,./lidc_patches_all\LIDC-IDRI-0012\LIDC-IDRI-0012_n11_k83_mask.png,11.567703574223998,365,154,384,171,3,1,6,5,5,1,1,5,2
