scan_id,patient_id,nodule_index,k_global,img_path,mask_path,area_mm2,nodule_bbox_xmin,nodule_bbox_ymin,nodule_bbox_xmax,nodule_bbox_ymax,ann_subtlety,ann_internalStructure,ann_calcification,ann_sphericity,ann_margin,ann_lobulation,ann_spiculation,ann_texture,ann_malignancy
503,LIDC-IDRI-0497,0,140,./lidc_patches_all\LIDC-IDRI-0497\LIDC-IDRI-0497_n0_k140_img.png,./lidc_patches_all\LIDC-IDRI-0497\LIDC-IDRI-0497_n0_k140_mask.png,92.449951171875,210,69,247,112,4,1,6,4,2,2,2,1,4
503,LIDC-IDRI-0497,0,141,./lidc_patches_all\LIDC-IDRI-0497\LIDC-IDRI-0497_n0_k141_img.png,./lidc_patches_all\LIDC-IDRI-0497\LIDC-IDRI-0497_n0_k141_mask.png,159.19189453125,210,69,247,112,4,1,6,4,2,2,2,1,4
503,LIDC-IDRI-0497,0,142,./lidc_patches_all\LIDC-IDRI-0497\LIDC-IDRI-0497_n0_k142_img.png,./lidc_patches_all\LIDC-IDRI-0497\LIDC-IDRI-0497_n0_k142_mask.png,148.3154296875,210,69,247,112,4,1,6,4,2,2,2,1,4
503,LIDC-IDRI-0497,0,143,./lidc_patches_all\LIDC-IDRI-0497\LIDC-IDRI-0497_n0_k143_img.png,./lidc_patches_all\LIDC-IDRI-0497\LIDC-IDRI-0497_n0_k143_mask.png,72.18017578125,210,69,247,112,4,1,6,4,2,2,2,1,4
