scan_id,patient_id,nodule_index,k_global,img_path,mask_path,area_mm2,nodule_bbox_xmin,nodule_bbox_ymin,nodule_bbox_xmax,nodule_bbox_ymax,ann_subtlety,ann_internalStructure,ann_calcification,ann_sphericity,ann_margin,ann_lobulation,ann_spiculation,ann_texture,ann_malignancy
314,LIDC-IDRI-0314,0,155,./lidc_patches_all\LIDC-IDRI-0314\LIDC-IDRI-0314_n0_k155_img.png,./lidc_patches_all\LIDC-IDRI-0314\LIDC-IDRI-0314_n0_k155_mask.png,139.16015625,222,165,264,206,5,1,6,3,4,2,2,5,3
314,LIDC-IDRI-0314,0,156,./lidc_patches_all\LIDC-IDRI-0314\LIDC-IDRI-0314_n0_k156_img.png,./lidc_patches_all\LIDC-IDRI-0314\LIDC-IDRI-0314_n0_k156_mask.png,147.705078125,222,165,264,206,5,1,6,3,4,2,2,5,3
314,LIDC-IDRI-0314,0,157,./lidc_patches_all\LIDC-IDRI-0314\LIDC-IDRI-0314_n0_k157_img.png,./lidc_patches_all\LIDC-IDRI-0314\LIDC-IDRI-0314_n0_k157_mask.png,182.4951171875,222,165,264,206,5,1,6,3,4,2,2,5,3
314,LIDC-IDRI-0314,0,158,./lidc_patches_all\LIDC-IDRI-0314\LIDC-IDRI-0314_n0_k158_img.png,./lidc_patches_all\LIDC-IDRI-0314\LIDC-IDRI-0314_n0_k158_mask.png,169.677734375,222,165,264,206,5,1,6,3,4,2,2,5,3
314,LIDC-IDRI-0314,0,159,./lidc_patches_all\LIDC-IDRI-0314\LIDC-IDRI-0314_n0_k159_img.png,./lidc_patches_all\LIDC-IDRI-0314\LIDC-IDRI-0314_n0_k159_mask.png,177.001953125,222,165,264,206,5,1,6,3,4,2,2,5,3
