scan_id,patient_id,nodule_index,k_global,img_path,mask_path,area_mm2,nodule_bbox_xmin,nodule_bbox_ymin,nodule_bbox_xmax,nodule_bbox_ymax,ann_subtlety,ann_internalStructure,ann_calcification,ann_sphericity,ann_margin,ann_lobulation,ann_spiculation,ann_texture,ann_malignancy
173,LIDC-IDRI-0172,0,106,./lidc_patches_all\LIDC-IDRI-0172\LIDC-IDRI-0172_n0_k106_img.png,./lidc_patches_all\LIDC-IDRI-0172\LIDC-IDRI-0172_n0_k106_mask.png,235.3271484375,308,322,350,362,5,1,6,4,5,2,1,5,4
173,LIDC-IDRI-0172,0,107,./lidc_patches_all\LIDC-IDRI-0172\LIDC-IDRI-0172_n0_k107_img.png,./lidc_patches_all\LIDC-IDRI-0172\LIDC-IDRI-0172_n0_k107_mask.png,260.540771484375,308,322,350,362,5,1,6,4,5,2,1,5,4
173,LIDC-IDRI-0172,0,108,./lidc_patches_all\LIDC-IDRI-0172\LIDC-IDRI-0172_n0_k108_img.png,./lidc_patches_all\LIDC-IDRI-0172\LIDC-IDRI-0172_n0_k108_mask.png,269.439697265625,308,322,350,362,5,1,6,4,5,2,1,5,4
173,LIDC-IDRI-0172,0,109,./lidc_patches_all\LIDC-IDRI-0172\LIDC-IDRI-0172_n0_k109_img.png,./lidc_patches_all\LIDC-IDRI-0172\LIDC-IDRI-0172_n0_k109_mask.png,249.169921875,308,322,350,362,5,1,6,4,5,2,1,5,4
173,LIDC-IDRI-0172,0,110,./lidc_patches_all\LIDC-IDRI-0172\LIDC-IDRI-0172_n0_k110_img.png,./lidc_patches_all\LIDC-IDRI-0172\LIDC-IDRI-0172_n0_k110_mask.png,230.38330078125,308,322,350,362,5,1,6,4,5,2,1,5,4
