scan_id,patient_id,nodule_index,k_global,img_path,mask_path,area_mm2,nodule_bbox_xmin,nodule_bbox_ymin,nodule_bbox_xmax,nodule_bbox_ymax,ann_subtlety,ann_internalStructure,ann_calcification,ann_sphericity,ann_margin,ann_lobulation,ann_spiculation,ann_texture,ann_malignancy
437,LIDC-IDRI-0433,0,113,./lidc_patches_all\LIDC-IDRI-0433\LIDC-IDRI-0433_n0_k113_img.png,./lidc_patches_all\LIDC-IDRI-0433\LIDC-IDRI-0433_n0_k113_mask.png,13.215068817138672,408,179,426,198,5,1,6,4,5,1,1,5,3
437,LIDC-IDRI-0433,1,119,./lidc_patches_all\LIDC-IDRI-0433\LIDC-IDRI-0433_n1_k119_img.png,./lidc_patches_all\LIDC-IDRI-0433\LIDC-IDRI-0433_n1_k119_mask.png,5.564239501953125,360,111,377,126,5,1,6,4,5,1,1,5,2
437,LIDC-IDRI-0433,2,161,./lidc_patches_all\LIDC-IDRI-0433\LIDC-IDRI-0433_n2_k161_img.png,./lidc_patches_all\LIDC-IDRI-0433\LIDC-IDRI-0433_n2_k161_mask.png,36.16755676269531,348,364,374,384,5,1,4,3,4,2,2,5,2
437,LIDC-IDRI-0433,3,168,./lidc_patches_all\LIDC-IDRI-0433\LIDC-IDRI-0433_n3_k168_img.png,./lidc_patches_all\LIDC-IDRI-0433\LIDC-IDRI-0433_n3_k168_mask.png,19.474838256835938,254,114,273,134,4,1,6,4,4,1,1,4,3
437,LIDC-IDRI-0433,4,188,./lidc_patches_all\LIDC-IDRI-0433\LIDC-IDRI-0433_n4_k188_img.png,./lidc_patches_all\LIDC-IDRI-0433\LIDC-IDRI-0433_n4_k188_mask.png,20.86589813232422,346,149,365,169,5,1,6,4,5,1,1,5,3
