scan_id,patient_id,nodule_index,k_global,img_path,mask_path,area_mm2,nodule_bbox_xmin,nodule_bbox_ymin,nodule_bbox_xmax,nodule_bbox_ymax,ann_subtlety,ann_internalStructure,ann_calcification,ann_sphericity,ann_margin,ann_lobulation,ann_spiculation,ann_texture,ann_malignancy
427,LIDC-IDRI-0423,0,170,./lidc_patches_all\LIDC-IDRI-0423\LIDC-IDRI-0423_n0_k170_img.png,./lidc_patches_all\LIDC-IDRI-0423\LIDC-IDRI-0423_n0_k170_mask.png,277.923384946319,144,342,198,382,5,1,6,4,5,1,1,5,4
427,LIDC-IDRI-0423,0,171,./lidc_patches_all\LIDC-IDRI-0423\LIDC-IDRI-0423_n0_k171_img.png,./lidc_patches_all\LIDC-IDRI-0423\LIDC-IDRI-0423_n0_k171_mask.png,275.022305771514,144,342,198,382,5,1,6,4,5,1,1,5,4
427,LIDC-IDRI-0423,0,172,./lidc_patches_all\LIDC-IDRI-0423\LIDC-IDRI-0423_n0_k172_img.png,./lidc_patches_all\LIDC-IDRI-0423\LIDC-IDRI-0423_n0_k172_mask.png,294.16942832522705,144,342,198,382,5,1,6,4,5,1,1,5,4
427,LIDC-IDRI-0423,0,173,./lidc_patches_all\LIDC-IDRI-0423\LIDC-IDRI-0423_n0_k173_img.png,./lidc_patches_all\LIDC-IDRI-0423\LIDC-IDRI-0423_n0_k173_mask.png,286.62662247073405,144,342,198,382,5,1,6,4,5,1,1,5,4
427,LIDC-IDRI-0423,0,174,./lidc_patches_all\LIDC-IDRI-0423\LIDC-IDRI-0423_n0_k174_img.png,./lidc_patches_all\LIDC-IDRI-0423\LIDC-IDRI-0423_n0_k174_mask.png,267.47949991702103,144,342,198,382,5,1,6,4,5,1,1,5,4
