scan_id,patient_id,nodule_index,k_global,img_path,mask_path,area_mm2,nodule_bbox_xmin,nodule_bbox_ymin,nodule_bbox_xmax,nodule_bbox_ymax,ann_subtlety,ann_internalStructure,ann_calcification,ann_sphericity,ann_margin,ann_lobulation,ann_spiculation,ann_texture,ann_malignancy
304,LIDC-IDRI-0304,0,154,./lidc_patches_all\LIDC-IDRI-0304\LIDC-IDRI-0304_n0_k154_img.png,./lidc_patches_all\LIDC-IDRI-0304\LIDC-IDRI-0304_n0_k154_mask.png,75.640869140625,338,381,372,418,4,2,6,2,2,3,3,2,4
304,LIDC-IDRI-0304,0,155,./lidc_patches_all\LIDC-IDRI-0304\LIDC-IDRI-0304_n0_k155_img.png,./lidc_patches_all\LIDC-IDRI-0304\LIDC-IDRI-0304_n0_k155_mask.png,95.416259765625,338,381,372,418,4,2,6,2,2,3,3,2,4
304,LIDC-IDRI-0304,0,156,./lidc_patches_all\LIDC-IDRI-0304\LIDC-IDRI-0304_n0_k156_img.png,./lidc_patches_all\LIDC-IDRI-0304\LIDC-IDRI-0304_n0_k156_mask.png,98.876953125,338,381,372,418,4,2,6,2,2,3,3,2,4
304,LIDC-IDRI-0304,0,158,./lidc_patches_all\LIDC-IDRI-0304\LIDC-IDRI-0304_n0_k158_img.png,./lidc_patches_all\LIDC-IDRI-0304\LIDC-IDRI-0304_n0_k158_mask.png,78.607177734375,338,381,372,418,4,2,6,2,2,3,3,2,4
