scan_id,patient_id,nodule_index,k_global,img_path,mask_path,area_mm2,nodule_bbox_xmin,nodule_bbox_ymin,nodule_bbox_xmax,nodule_bbox_ymax,ann_subtlety,ann_internalStructure,ann_calcification,ann_sphericity,ann_margin,ann_lobulation,ann_spiculation,ann_texture,ann_malignancy
303,LIDC-IDRI-0303,0,56,./lidc_patches_all\LIDC-IDRI-0303\LIDC-IDRI-0303_n0_k56_img.png,./lidc_patches_all\LIDC-IDRI-0303\LIDC-IDRI-0303_n0_k56_mask.png,570.3644485473633,326,136,373,189,5,1,6,4,5,2,1,5,4
303,LIDC-IDRI-0303,0,57,./lidc_patches_all\LIDC-IDRI-0303\LIDC-IDRI-0303_n0_k57_img.png,./lidc_patches_all\LIDC-IDRI-0303\LIDC-IDRI-0303_n0_k57_mask.png,566.2820854187012,326,136,373,189,5,1,6,4,5,2,1,5,4
303,LIDC-IDRI-0303,0,58,./lidc_patches_all\LIDC-IDRI-0303\LIDC-IDRI-0303_n0_k58_img.png,./lidc_patches_all\LIDC-IDRI-0303\LIDC-IDRI-0303_n0_k58_mask.png,589.6098747253418,326,136,373,189,5,1,6,4,5,2,1,5,4
303,LIDC-IDRI-0303,0,59,./lidc_patches_all\LIDC-IDRI-0303\LIDC-IDRI-0303_n0_k59_img.png,./lidc_patches_all\LIDC-IDRI-0303\LIDC-IDRI-0303_n0_k59_mask.png,545.8702697753906,326,136,373,189,5,1,6,4,5,2,1,5,4
303,LIDC-IDRI-0303,0,60,./lidc_patches_all\LIDC-IDRI-0303\LIDC-IDRI-0303_n0_k60_img.png,./lidc_patches_all\LIDC-IDRI-0303\LIDC-IDRI-0303_n0_k60_mask.png,500.9642753601074,326,136,373,189,5,1,6,4,5,2,1,5,4
