scan_id,patient_id,nodule_index,k_global,img_path,mask_path,area_mm2,nodule_bbox_xmin,nodule_bbox_ymin,nodule_bbox_xmax,nodule_bbox_ymax,ann_subtlety,ann_internalStructure,ann_calcification,ann_sphericity,ann_margin,ann_lobulation,ann_spiculation,ann_texture,ann_malignancy
452,LIDC-IDRI-0447,0,57,./lidc_patches_all\LIDC-IDRI-0447\LIDC-IDRI-0447_n0_k57_img.png,./lidc_patches_all\LIDC-IDRI-0447\LIDC-IDRI-0447_n0_k57_mask.png,14.458184332032,326,396,350,421,2,1,6,4,2,1,1,4,3
452,LIDC-IDRI-0447,1,67,./lidc_patches_all\LIDC-IDRI-0447\LIDC-IDRI-0447_n1_k67_img.png,./lidc_patches_all\LIDC-IDRI-0447\LIDC-IDRI-0447_n1_k67_mask.png,150.60608679199999,263,407,310,448,5,1,6,3,4,2,2,5,5
452,LIDC-IDRI-0447,1,68,./lidc_patches_all\LIDC-IDRI-0447\LIDC-IDRI-0447_n1_k68_img.png,./lidc_patches_all\LIDC-IDRI-0447\LIDC-IDRI-0447_n1_k68_mask.png,150.003662444832,263,407,310,448,5,1,6,3,4,2,2,5,5
452,LIDC-IDRI-0447,1,69,./lidc_patches_all\LIDC-IDRI-0447\LIDC-IDRI-0447_n1_k69_img.png,./lidc_patches_all\LIDC-IDRI-0447\LIDC-IDRI-0447_n1_k69_mask.png,158.43760330518398,263,407,310,448,5,1,6,3,4,2,2,5,5
452,LIDC-IDRI-0447,1,70,./lidc_patches_all\LIDC-IDRI-0447\LIDC-IDRI-0447_n1_k70_img.png,./lidc_patches_all\LIDC-IDRI-0447\LIDC-IDRI-0447_n1_k70_mask.png,137.352751154304,263,407,310,448,5,1,6,3,4,2,2,5,5
452,LIDC-IDRI-0447,1,71,./lidc_patches_all\LIDC-IDRI-0447\LIDC-IDRI-0447_n1_k71_img.png,./lidc_patches_all\LIDC-IDRI-0447\LIDC-IDRI-0447_n1_k71_mask.png,133.436992897712,263,407,310,448,5,1,6,3,4,2,2,5,5
452,LIDC-IDRI-0447,2,71,./lidc_patches_all\LIDC-IDRI-0447\LIDC-IDRI-0447_n2_k71_img.png,./lidc_patches_all\LIDC-IDRI-0447\LIDC-IDRI-0447_n2_k71_mask.png,6.325455645263999,190,403,209,420,4,1,3,5,5,1,1,5,1
452,LIDC-IDRI-0447,3,97,./lidc_patches_all\LIDC-IDRI-0447\LIDC-IDRI-0447_n3_k97_img.png,./lidc_patches_all\LIDC-IDRI-0447\LIDC-IDRI-0447_n3_k97_mask.png,13.253335637695999,259,93,277,114,1,1,6,4,2,1,1,1,2
452,LIDC-IDRI-0447,4,131,./lidc_patches_all\LIDC-IDRI-0447\LIDC-IDRI-0447_n4_k131_img.png,./lidc_patches_all\LIDC-IDRI-0447\LIDC-IDRI-0447_n4_k131_mask.png,11.747274769776,285,367,302,391,2,1,6,3,4,1,1,5,2
