scan_id,patient_id,nodule_index,k_global,img_path,mask_path,area_mm2,nodule_bbox_xmin,nodule_bbox_ymin,nodule_bbox_xmax,nodule_bbox_ymax,ann_subtlety,ann_internalStructure,ann_calcification,ann_sphericity,ann_margin,ann_lobulation,ann_spiculation,ann_texture,ann_malignancy
68,LIDC-IDRI-0057,0,158,./lidc_patches_all\LIDC-IDRI-0057\LIDC-IDRI-0057_n0_k158_img.png,./lidc_patches_all\LIDC-IDRI-0057\LIDC-IDRI-0057_n0_k158_mask.png,279.59851901956404,314,306,374,369,5,1,6,3,3,4,4,5,5
68,LIDC-IDRI-0057,0,159,./lidc_patches_all\LIDC-IDRI-0057\LIDC-IDRI-0057_n0_k159_img.png,./lidc_patches_all\LIDC-IDRI-0057\LIDC-IDRI-0057_n0_k159_mask.png,292.404558058628,314,306,374,369,5,1,6,3,3,4,4,5,5
68,LIDC-IDRI-0057,0,160,./lidc_patches_all\LIDC-IDRI-0057\LIDC-IDRI-0057_n0_k160_img.png,./lidc_patches_all\LIDC-IDRI-0057\LIDC-IDRI-0057_n0_k160_mask.png,302.009087337926,314,306,374,369,5,1,6,3,3,4,4,5,5
68,LIDC-IDRI-0057,0,161,./lidc_patches_all\LIDC-IDRI-0057\LIDC-IDRI-0057_n0_k161_img.png,./lidc_patches_all\LIDC-IDRI-0057\LIDC-IDRI-0057_n0_k161_mask.png,264.65814014065603,314,306,374,369,5,1,6,3,3,4,4,5,5
68,LIDC-IDRI-0057,0,162,./lidc_patches_all\LIDC-IDRI-0057\LIDC-IDRI-0057_n0_k162_img.png,./lidc_patches_all\LIDC-IDRI-0057\LIDC-IDRI-0057_n0_k162_mask.png,213.43398398440004,314,306,374,369,5,1,6,3,3,4,4,5,5
