scan_id,patient_id,nodule_index,k_global,img_path,mask_path,area_mm2,nodule_bbox_xmin,nodule_bbox_ymin,nodule_bbox_xmax,nodule_bbox_ymax,ann_subtlety,ann_internalStructure,ann_calcification,ann_sphericity,ann_margin,ann_lobulation,ann_spiculation,ann_texture,ann_malignancy
27,LIDC-IDRI-0016,0,73,./lidc_patches_all\LIDC-IDRI-0016\LIDC-IDRI-0016_n0_k73_img.png,./lidc_patches_all\LIDC-IDRI-0016\LIDC-IDRI-0016_n0_k73_mask.png,112.61005546883197,163,417,199,459,5,1,6,4,4,3,2,4,4
27,LIDC-IDRI-0016,0,74,./lidc_patches_all\LIDC-IDRI-0016\LIDC-IDRI-0016_n0_k74_img.png,./lidc_patches_all\LIDC-IDRI-0016\LIDC-IDRI-0016_n0_k74_mask.png,150.37562285167198,163,417,199,459,5,1,6,4,4,3,2,4,4
27,LIDC-IDRI-0016,0,75,./lidc_patches_all\LIDC-IDRI-0016\LIDC-IDRI-0016_n0_k75_img.png,./lidc_patches_all\LIDC-IDRI-0016\LIDC-IDRI-0016_n0_k75_mask.png,106.43023535163998,163,417,199,459,5,1,6,4,4,3,2,4,4
27,LIDC-IDRI-0016,0,76,./lidc_patches_all\LIDC-IDRI-0016\LIDC-IDRI-0016_n0_k76_img.png,./lidc_patches_all\LIDC-IDRI-0016\LIDC-IDRI-0016_n0_k76_mask.png,82.39760156255998,163,417,199,459,5,1,6,4,4,3,2,4,4
27,LIDC-IDRI-0016,1,80,./lidc_patches_all\LIDC-IDRI-0016\LIDC-IDRI-0016_n1_k80_img.png,./lidc_patches_all\LIDC-IDRI-0016\LIDC-IDRI-0016_n1_k80_mask.png,65.23143457035998,224,410,256,440,5,1,6,4,4,3,2,5,4
27,LIDC-IDRI-0016,1,81,./lidc_patches_all\LIDC-IDRI-0016\LIDC-IDRI-0016_n1_k81_img.png,./lidc_patches_all\LIDC-IDRI-0016\LIDC-IDRI-0016_n1_k81_mask.png,73.47119472661599,224,410,256,440,5,1,6,4,4,3,2,5,4
27,LIDC-IDRI-0016,2,90,./lidc_patches_all\LIDC-IDRI-0016\LIDC-IDRI-0016_n2_k90_img.png,./lidc_patches_all\LIDC-IDRI-0016\LIDC-IDRI-0016_n2_k90_mask.png,11.329670214851998,333,421,351,440,3,1,6,5,2,1,1,1,3
27,LIDC-IDRI-0016,3,96,./lidc_patches_all\LIDC-IDRI-0016\LIDC-IDRI-0016_n3_k96_img.png,./lidc_patches_all\LIDC-IDRI-0016\LIDC-IDRI-0016_n3_k96_mask.png,30.555777246115994,183,367,206,393,4,1,6,4,4,3,1,4,3
27,LIDC-IDRI-0016,4,108,./lidc_patches_all\LIDC-IDRI-0016\LIDC-IDRI-0016_n4_k108_img.png,./lidc_patches_all\LIDC-IDRI-0016\LIDC-IDRI-0016_n4_k108_mask.png,23.002663769547997,272,130,295,154,4,1,6,4,4,2,2,4,3
27,LIDC-IDRI-0016,5,127,./lidc_patches_all\LIDC-IDRI-0016\LIDC-IDRI-0016_n5_k127_img.png,./lidc_patches_all\LIDC-IDRI-0016\LIDC-IDRI-0016_n5_k127_mask.png,115.35664218758397,253,318,297,364,5,1,6,4,3,2,4,4,4
27,LIDC-IDRI-0016,5,128,./lidc_patches_all\LIDC-IDRI-0016\LIDC-IDRI-0016_n5_k128_img.png,./lidc_patches_all\LIDC-IDRI-0016\LIDC-IDRI-0016_n5_k128_mask.png,122.90975566415197,253,318,297,364,5,1,6,4,3,2,4,4,4
27,LIDC-IDRI-0016,5,129,./lidc_patches_all\LIDC-IDRI-0016\LIDC-IDRI-0016_n5_k129_img.png,./lidc_patches_all\LIDC-IDRI-0016\LIDC-IDRI-0016_n5_k129_mask.png,128.40292910165599,253,318,297,364,5,1,6,4,3,2,4,4,4
27,LIDC-IDRI-0016,5,130,./lidc_patches_all\LIDC-IDRI-0016\LIDC-IDRI-0016_n5_k130_img.png,./lidc_patches_all\LIDC-IDRI-0016\LIDC-IDRI-0016_n5_k130_mask.png,103.68364863288798,253,318,297,364,5,1,6,4,3,2,4,4,4
27,LIDC-IDRI-0016,5,131,./lidc_patches_all\LIDC-IDRI-0016\LIDC-IDRI-0016_n5_k131_img.png,./lidc_patches_all\LIDC-IDRI-0016\LIDC-IDRI-0016_n5_k131_mask.png,78.62104482427598,253,318,297,364,5,1,6,4,3,2,4,4,4
