scan_id,patient_id,nodule_index,k_global,img_path,mask_path,area_mm2,nodule_bbox_xmin,nodule_bbox_ymin,nodule_bbox_xmax,nodule_bbox_ymax,ann_subtlety,ann_internalStructure,ann_calcification,ann_sphericity,ann_margin,ann_lobulation,ann_spiculation,ann_texture,ann_malignancy
208,LIDC-IDRI-0207,0,65,./lidc_patches_all\LIDC-IDRI-0207\LIDC-IDRI-0207_n0_k65_img.png,./lidc_patches_all\LIDC-IDRI-0207\LIDC-IDRI-0207_n0_k65_mask.png,267.15886826184,238,140,279,196,4,1,6,3,3,3,2,5,3
208,LIDC-IDRI-0207,0,66,./lidc_patches_all\LIDC-IDRI-0207\LIDC-IDRI-0207_n0_k66_img.png,./lidc_patches_all\LIDC-IDRI-0207\LIDC-IDRI-0207_n0_k66_mask.png,317.83642677748793,238,140,279,196,4,1,6,3,3,3,2,5,3
208,LIDC-IDRI-0207,0,67,./lidc_patches_all\LIDC-IDRI-0207\LIDC-IDRI-0207_n0_k67_img.png,./lidc_patches_all\LIDC-IDRI-0207\LIDC-IDRI-0207_n0_k67_mask.png,266.057182207152,238,140,279,196,4,1,6,3,3,3,2,5,3
208,LIDC-IDRI-0207,0,68,./lidc_patches_all\LIDC-IDRI-0207\LIDC-IDRI-0207_n0_k68_img.png,./lidc_patches_all\LIDC-IDRI-0207\LIDC-IDRI-0207_n0_k68_mask.png,187.83747232430397,238,140,279,196,4,1,6,3,3,3,2,5,3
208,LIDC-IDRI-0207,1,175,./lidc_patches_all\LIDC-IDRI-0207\LIDC-IDRI-0207_n1_k175_img.png,./lidc_patches_all\LIDC-IDRI-0207\LIDC-IDRI-0207_n1_k175_mask.png,19.279505957039998,212,379,233,400,4,1,6,2,5,1,1,5,1
