scan_id,patient_id,nodule_index,k_global,img_path,mask_path,area_mm2,nodule_bbox_xmin,nodule_bbox_ymin,nodule_bbox_xmax,nodule_bbox_ymax,ann_subtlety,ann_internalStructure,ann_calcification,ann_sphericity,ann_margin,ann_lobulation,ann_spiculation,ann_texture,ann_malignancy
428,LIDC-IDRI-0424,0,145,./lidc_patches_all\LIDC-IDRI-0424\LIDC-IDRI-0424_n0_k145_img.png,./lidc_patches_all\LIDC-IDRI-0424\LIDC-IDRI-0424_n0_k145_mask.png,25.4058837890625,382,334,407,360,5,1,6,5,5,4,1,5,3
428,LIDC-IDRI-0424,1,177,./lidc_patches_all\LIDC-IDRI-0424\LIDC-IDRI-0424_n1_k177_img.png,./lidc_patches_all\LIDC-IDRI-0424\LIDC-IDRI-0424_n1_k177_mask.png,32.958984375,187,431,214,455,1,1,6,4,2,2,2,1,2
428,LIDC-IDRI-0424,2,237,./lidc_patches_all\LIDC-IDRI-0424\LIDC-IDRI-0424_n2_k237_img.png,./lidc_patches_all\LIDC-IDRI-0424\LIDC-IDRI-0424_n2_k237_mask.png,33.98895263671875,223,101,249,127,3,1,6,4,4,2,1,4,3
428,LIDC-IDRI-0424,3,271,./lidc_patches_all\LIDC-IDRI-0424\LIDC-IDRI-0424_n3_k271_img.png,./lidc_patches_all\LIDC-IDRI-0424\LIDC-IDRI-0424_n3_k271_mask.png,8.58306884765625,290,385,308,403,1,1,6,2,4,3,1,5,3
428,LIDC-IDRI-0424,4,275,./lidc_patches_all\LIDC-IDRI-0424\LIDC-IDRI-0424_n4_k275_img.png,./lidc_patches_all\LIDC-IDRI-0424\LIDC-IDRI-0424_n4_k275_mask.png,17.1661376953125,318,184,340,205,2,1,6,4,4,3,2,5,3
