scan_id,patient_id,nodule_index,k_global,img_path,mask_path,area_mm2,nodule_bbox_xmin,nodule_bbox_ymin,nodule_bbox_xmax,nodule_bbox_ymax,ann_subtlety,ann_internalStructure,ann_calcification,ann_sphericity,ann_margin,ann_lobulation,ann_spiculation,ann_texture,ann_malignancy
311,LIDC-IDRI-0311,0,153,./lidc_patches_all\LIDC-IDRI-0311\LIDC-IDRI-0311_n0_k153_img.png,./lidc_patches_all\LIDC-IDRI-0311\LIDC-IDRI-0311_n0_k153_mask.png,455.322265625,254,311,314,373,5,1,6,4,3,4,4,5,5
311,LIDC-IDRI-0311,0,154,./lidc_patches_all\LIDC-IDRI-0311\LIDC-IDRI-0311_n0_k154_img.png,./lidc_patches_all\LIDC-IDRI-0311\LIDC-IDRI-0311_n0_k154_mask.png,491.943359375,254,311,314,373,5,1,6,4,3,4,4,5,5
311,LIDC-IDRI-0311,0,155,./lidc_patches_all\LIDC-IDRI-0311\LIDC-IDRI-0311_n0_k155_img.png,./lidc_patches_all\LIDC-IDRI-0311\LIDC-IDRI-0311_n0_k155_mask.png,499.8779296875,254,311,314,373,5,1,6,4,3,4,4,5,5
311,LIDC-IDRI-0311,0,156,./lidc_patches_all\LIDC-IDRI-0311\LIDC-IDRI-0311_n0_k156_img.png,./lidc_patches_all\LIDC-IDRI-0311\LIDC-IDRI-0311_n0_k156_mask.png,290.52734375,254,311,314,373,5,1,6,4,3,4,4,5,5
311,LIDC-IDRI-0311,0,157,./lidc_patches_all\LIDC-IDRI-0311\LIDC-IDRI-0311_n0_k157_img.png,./lidc_patches_all\LIDC-IDRI-0311\LIDC-IDRI-0311_n0_k157_mask.png,222.7783203125,254,311,314,373,5,1,6,4,3,4,4,5,5
311,LIDC-IDRI-0311,1,189,./lidc_patches_all\LIDC-IDRI-0311\LIDC-IDRI-0311_n1_k189_img.png,./lidc_patches_all\LIDC-IDRI-0311\LIDC-IDRI-0311_n1_k189_mask.png,80.56640625,296,145,326,174,4,1,6,4,2,2,3,4,4
311,LIDC-IDRI-0311,1,190,./lidc_patches_all\LIDC-IDRI-0311\LIDC-IDRI-0311_n1_k190_img.png,./lidc_patches_all\LIDC-IDRI-0311\LIDC-IDRI-0311_n1_k190_mask.png,97.65625,296,145,326,174,4,1,6,4,2,2,3,4,4
311,LIDC-IDRI-0311,1,191,./lidc_patches_all\LIDC-IDRI-0311\LIDC-IDRI-0311_n1_k191_img.png,./lidc_patches_all\LIDC-IDRI-0311\LIDC-IDRI-0311_n1_k191_mask.png,54.931640625,296,145,326,174,4,1,6,4,2,2,3,4,4
