scan_id,patient_id,nodule_index,k_global,img_path,mask_path,area_mm2,nodule_bbox_xmin,nodule_bbox_ymin,nodule_bbox_xmax,nodule_bbox_ymax,ann_subtlety,ann_internalStructure,ann_calcification,ann_sphericity,ann_margin,ann_lobulation,ann_spiculation,ann_texture,ann_malignancy
50,LIDC-IDRI-0039,0,120,./lidc_patches_all\LIDC-IDRI-0039\LIDC-IDRI-0039_n0_k120_img.png,./lidc_patches_all\LIDC-IDRI-0039\LIDC-IDRI-0039_n0_k120_mask.png,33.992456598636,291,140,313,162,4,1,4,4,5,1,1,5,2
50,LIDC-IDRI-0039,1,123,./lidc_patches_all\LIDC-IDRI-0039\LIDC-IDRI-0039_n1_k123_img.png,./lidc_patches_all\LIDC-IDRI-0039\LIDC-IDRI-0039_n1_k123_mask.png,18.662525191407997,258,136,277,155,4,1,5,4,5,2,2,5,2
50,LIDC-IDRI-0039,2,133,./lidc_patches_all\LIDC-IDRI-0039\LIDC-IDRI-0039_n2_k133_img.png,./lidc_patches_all\LIDC-IDRI-0039\LIDC-IDRI-0039_n2_k133_mask.png,17.329487677735997,290,242,308,261,4,1,4,4,5,1,2,5,1
50,LIDC-IDRI-0039,3,163,./lidc_patches_all\LIDC-IDRI-0039\LIDC-IDRI-0039_n3_k163_img.png,./lidc_patches_all\LIDC-IDRI-0039\LIDC-IDRI-0039_n3_k163_mask.png,21.328600218751998,356,229,379,251,4,1,4,3,5,2,2,5,1
50,LIDC-IDRI-0039,4,174,./lidc_patches_all\LIDC-IDRI-0039\LIDC-IDRI-0039_n4_k174_img.png,./lidc_patches_all\LIDC-IDRI-0039\LIDC-IDRI-0039_n4_k174_mask.png,42.657200437503995,197,196,219,219,4,1,6,5,5,1,1,5,3
