scan_id,patient_id,nodule_index,k_global,img_path,mask_path,area_mm2,nodule_bbox_xmin,nodule_bbox_ymin,nodule_bbox_xmax,nodule_bbox_ymax,ann_subtlety,ann_internalStructure,ann_calcification,ann_sphericity,ann_margin,ann_lobulation,ann_spiculation,ann_texture,ann_malignancy
408,LIDC-IDRI-0404,0,117,./lidc_patches_all\LIDC-IDRI-0404\LIDC-IDRI-0404_n0_k117_img.png,./lidc_patches_all\LIDC-IDRI-0404\LIDC-IDRI-0404_n0_k117_mask.png,174.6276512145996,327,292,393,342,5,1,6,3,2,3,3,5,4
408,LIDC-IDRI-0404,0,118,./lidc_patches_all\LIDC-IDRI-0404\LIDC-IDRI-0404_n0_k118_img.png,./lidc_patches_all\LIDC-IDRI-0404\LIDC-IDRI-0404_n0_k118_mask.png,213.29059982299805,327,292,393,342,5,1,6,3,2,3,3,5,4
408,LIDC-IDRI-0404,0,119,./lidc_patches_all\LIDC-IDRI-0404\LIDC-IDRI-0404_n0_k119_img.png,./lidc_patches_all\LIDC-IDRI-0404\LIDC-IDRI-0404_n0_k119_mask.png,222.95633697509766,327,292,393,342,5,1,6,3,2,3,3,5,4
408,LIDC-IDRI-0404,0,120,./lidc_patches_all\LIDC-IDRI-0404\LIDC-IDRI-0404_n0_k120_img.png,./lidc_patches_all\LIDC-IDRI-0404\LIDC-IDRI-0404_n0_k120_mask.png,155.2961769104004,327,292,393,342,5,1,6,3,2,3,3,5,4
408,LIDC-IDRI-0404,0,121,./lidc_patches_all\LIDC-IDRI-0404\LIDC-IDRI-0404_n0_k121_img.png,./lidc_patches_all\LIDC-IDRI-0404\LIDC-IDRI-0404_n0_k121_mask.png,112.76693344116211,327,292,393,342,5,1,6,3,2,3,3,5,4
408,LIDC-IDRI-0404,1,117,./lidc_patches_all\LIDC-IDRI-0404\LIDC-IDRI-0404_n1_k117_img.png,./lidc_patches_all\LIDC-IDRI-0404\LIDC-IDRI-0404_n1_k117_mask.png,23.197769165039062,357,137,381,159,3,1,6,4,3,1,1,4,3
408,LIDC-IDRI-0404,2,129,./lidc_patches_all\LIDC-IDRI-0404\LIDC-IDRI-0404_n2_k129_img.png,./lidc_patches_all\LIDC-IDRI-0404\LIDC-IDRI-0404_n2_k129_mask.png,31.57474136352539,228,153,249,176,2,1,6,4,4,1,2,4,4
408,LIDC-IDRI-0404,3,132,./lidc_patches_all\LIDC-IDRI-0404\LIDC-IDRI-0404_n3_k132_img.png,./lidc_patches_all\LIDC-IDRI-0404\LIDC-IDRI-0404_n3_k132_mask.png,154.65179443359375,277,110,315,142,5,1,6,4,5,1,2,5,4
408,LIDC-IDRI-0404,3,133,./lidc_patches_all\LIDC-IDRI-0404\LIDC-IDRI-0404_n3_k133_img.png,./lidc_patches_all\LIDC-IDRI-0404\LIDC-IDRI-0404_n3_k133_mask.png,155.2961769104004,277,110,315,142,5,1,6,4,5,1,2,5,4
408,LIDC-IDRI-0404,3,134,./lidc_patches_all\LIDC-IDRI-0404\LIDC-IDRI-0404_n3_k134_img.png,./lidc_patches_all\LIDC-IDRI-0404\LIDC-IDRI-0404_n3_k134_mask.png,166.89506149291992,277,110,315,142,5,1,6,4,5,1,2,5,4
408,LIDC-IDRI-0404,3,135,./lidc_patches_all\LIDC-IDRI-0404\LIDC-IDRI-0404_n3_k135_img.png,./lidc_patches_all\LIDC-IDRI-0404\LIDC-IDRI-0404_n3_k135_mask.png,164.9619140625,277,110,315,142,5,1,6,4,5,1,2,5,4
408,LIDC-IDRI-0404,3,136,./lidc_patches_all\LIDC-IDRI-0404\LIDC-IDRI-0404_n3_k136_img.png,./lidc_patches_all\LIDC-IDRI-0404\LIDC-IDRI-0404_n3_k136_mask.png,147.5635871887207,277,110,315,142,5,1,6,4,5,1,2,5,4
408,LIDC-IDRI-0404,4,138,./lidc_patches_all\LIDC-IDRI-0404\LIDC-IDRI-0404_n4_k138_img.png,./lidc_patches_all\LIDC-IDRI-0404\LIDC-IDRI-0404_n4_k138_mask.png,65.0826301574707,223,117,266,152,5,1,6,3,4,1,2,5,3
408,LIDC-IDRI-0404,4,139,./lidc_patches_all\LIDC-IDRI-0404\LIDC-IDRI-0404_n4_k139_img.png,./lidc_patches_all\LIDC-IDRI-0404\LIDC-IDRI-0404_n4_k139_mask.png,77.97027969360352,223,117,266,152,5,1,6,3,4,1,2,5,3
408,LIDC-IDRI-0404,4,140,./lidc_patches_all\LIDC-IDRI-0404\LIDC-IDRI-0404_n4_k140_img.png,./lidc_patches_all\LIDC-IDRI-0404\LIDC-IDRI-0404_n4_k140_mask.png,72.17083740234375,223,117,266,152,5,1,6,3,4,1,2,5,3
408,LIDC-IDRI-0404,4,141,./lidc_patches_all\LIDC-IDRI-0404\LIDC-IDRI-0404_n4_k141_img.png,./lidc_patches_all\LIDC-IDRI-0404\LIDC-IDRI-0404_n4_k141_mask.png,66.37139511108398,223,117,266,152,5,1,6,3,4,1,2,5,3
408,LIDC-IDRI-0404,5,168,./lidc_patches_all\LIDC-IDRI-0404\LIDC-IDRI-0404_n5_k168_img.png,./lidc_patches_all\LIDC-IDRI-0404\LIDC-IDRI-0404_n5_k168_mask.png,56.061275482177734,331,138,355,166,3,1,6,2,2,2,1,5,3
