scan_id,patient_id,nodule_index,k_global,img_path,mask_path,area_mm2,nodule_bbox_xmin,nodule_bbox_ymin,nodule_bbox_xmax,nodule_bbox_ymax,ann_subtlety,ann_internalStructure,ann_calcification,ann_sphericity,ann_margin,ann_lobulation,ann_spiculation,ann_texture,ann_malignancy
207,LIDC-IDRI-0206,0,104,./lidc_patches_all\LIDC-IDRI-0206\LIDC-IDRI-0206_n0_k104_img.png,./lidc_patches_all\LIDC-IDRI-0206\LIDC-IDRI-0206_n0_k104_mask.png,17.528432740479,240,425,259,446,4,1,6,4,4,2,1,5,2
207,LIDC-IDRI-0206,1,212,./lidc_patches_all\LIDC-IDRI-0206\LIDC-IDRI-0206_n1_k212_img.png,./lidc_patches_all\LIDC-IDRI-0206\LIDC-IDRI-0206_n1_k212_mask.png,72.375464218752,224,113,253,146,5,2,6,4,2,3,3,4,4
207,LIDC-IDRI-0206,1,213,./lidc_patches_all\LIDC-IDRI-0206\LIDC-IDRI-0206_n1_k213_img.png,./lidc_patches_all\LIDC-IDRI-0206\LIDC-IDRI-0206_n1_k213_mask.png,89.903896959231,224,113,253,146,5,2,6,4,2,3,3,4,4
207,LIDC-IDRI-0206,1,214,./lidc_patches_all\LIDC-IDRI-0206\LIDC-IDRI-0206_n1_k214_img.png,./lidc_patches_all\LIDC-IDRI-0206\LIDC-IDRI-0206_n1_k214_mask.png,81.422397246096,224,113,253,146,5,2,6,4,2,3,3,4,4
207,LIDC-IDRI-0206,1,215,./lidc_patches_all\LIDC-IDRI-0206\LIDC-IDRI-0206_n1_k215_img.png,./lidc_patches_all\LIDC-IDRI-0206\LIDC-IDRI-0206_n1_k215_mask.png,79.726097303469,224,113,253,146,5,2,6,4,2,3,3,4,4
207,LIDC-IDRI-0206,2,260,./lidc_patches_all\LIDC-IDRI-0206\LIDC-IDRI-0206_n2_k260_img.png,./lidc_patches_all\LIDC-IDRI-0206\LIDC-IDRI-0206_n2_k260_mask.png,7.350633084717,248,199,264,216,2,1,6,4,2,1,1,4,2
207,LIDC-IDRI-0206,3,265,./lidc_patches_all\LIDC-IDRI-0206\LIDC-IDRI-0206_n3_k265_img.png,./lidc_patches_all\LIDC-IDRI-0206\LIDC-IDRI-0206_n3_k265_mask.png,16.96299942627,263,188,282,209,3,1,6,3,4,2,1,5,3
