scan_id,patient_id,nodule_index,k_global,img_path,mask_path,area_mm2,nodule_bbox_xmin,nodule_bbox_ymin,nodule_bbox_xmax,nodule_bbox_ymax,ann_subtlety,ann_internalStructure,ann_calcification,ann_sphericity,ann_margin,ann_lobulation,ann_spiculation,ann_texture,ann_malignancy
212,LIDC-IDRI-0211,0,77,./lidc_patches_all\LIDC-IDRI-0211\LIDC-IDRI-0211_n0_k77_img.png,./lidc_patches_all\LIDC-IDRI-0211\LIDC-IDRI-0211_n0_k77_mask.png,272.66729853527994,338,346,395,392,5,1,6,4,4,4,3,5,4
212,LIDC-IDRI-0211,0,78,./lidc_patches_all\LIDC-IDRI-0211\LIDC-IDRI-0211_n0_k78_img.png,./lidc_patches_all\LIDC-IDRI-0211\LIDC-IDRI-0211_n0_k78_mask.png,279.82825789075196,338,346,395,392,5,1,6,4,4,4,3,5,4
212,LIDC-IDRI-0211,0,79,./lidc_patches_all\LIDC-IDRI-0211\LIDC-IDRI-0211_n0_k79_img.png,./lidc_patches_all\LIDC-IDRI-0211\LIDC-IDRI-0211_n0_k79_mask.png,290.294275410288,338,346,395,392,5,1,6,4,4,4,3,5,4
212,LIDC-IDRI-0211,0,80,./lidc_patches_all\LIDC-IDRI-0211\LIDC-IDRI-0211_n0_k80_img.png,./lidc_patches_all\LIDC-IDRI-0211\LIDC-IDRI-0211_n0_k80_mask.png,254.48947863292796,338,346,395,392,5,1,6,4,4,4,3,5,4
212,LIDC-IDRI-0211,0,81,./lidc_patches_all\LIDC-IDRI-0211\LIDC-IDRI-0211_n0_k81_img.png,./lidc_patches_all\LIDC-IDRI-0211\LIDC-IDRI-0211_n0_k81_mask.png,149.82930343756797,338,346,395,392,5,1,6,4,4,4,3,5,4
212,LIDC-IDRI-0211,1,114,./lidc_patches_all\LIDC-IDRI-0211\LIDC-IDRI-0211_n1_k114_img.png,./lidc_patches_all\LIDC-IDRI-0211\LIDC-IDRI-0211_n1_k114_mask.png,19.279505957039998,193,374,216,393,5,1,6,3,4,1,2,5,2
