scan_id,patient_id,nodule_index,k_global,img_path,mask_path,area_mm2,nodule_bbox_xmin,nodule_bbox_ymin,nodule_bbox_xmax,nodule_bbox_ymax,ann_subtlety,ann_internalStructure,ann_calcification,ann_sphericity,ann_margin,ann_lobulation,ann_spiculation,ann_texture,ann_malignancy
498,LIDC-IDRI-0492,0,125,./lidc_patches_all\LIDC-IDRI-0492\LIDC-IDRI-0492_n0_k125_img.png,./lidc_patches_all\LIDC-IDRI-0492\LIDC-IDRI-0492_n0_k125_mask.png,16.92917251586914,389,340,410,360,4,1,6,3,5,2,1,5,3
498,LIDC-IDRI-0492,1,165,./lidc_patches_all\LIDC-IDRI-0492\LIDC-IDRI-0492_n1_k165_img.png,./lidc_patches_all\LIDC-IDRI-0492\LIDC-IDRI-0492_n1_k165_mask.png,15.690452575683594,236,129,257,151,5,1,3,4,5,2,1,5,1
498,LIDC-IDRI-0492,2,183,./lidc_patches_all\LIDC-IDRI-0492\LIDC-IDRI-0492_n2_k183_img.png,./lidc_patches_all\LIDC-IDRI-0492\LIDC-IDRI-0492_n2_k183_mask.png,16.516265869140625,174,87,196,107,5,1,5,3,4,2,2,5,2
498,LIDC-IDRI-0492,3,211,./lidc_patches_all\LIDC-IDRI-0492\LIDC-IDRI-0492_n3_k211_img.png,./lidc_patches_all\LIDC-IDRI-0492\LIDC-IDRI-0492_n3_k211_mask.png,12.800106048583984,216,70,238,88,4,1,5,2,4,2,2,5,2
