scan_id,patient_id,nodule_index,k_global,img_path,mask_path,area_mm2,nodule_bbox_xmin,nodule_bbox_ymin,nodule_bbox_xmax,nodule_bbox_ymax,ann_subtlety,ann_internalStructure,ann_calcification,ann_sphericity,ann_margin,ann_lobulation,ann_spiculation,ann_texture,ann_malignancy
399,LIDC-IDRI-0395,0,37,./lidc_patches_all\LIDC-IDRI-0395\LIDC-IDRI-0395_n0_k37_img.png,./lidc_patches_all\LIDC-IDRI-0395\LIDC-IDRI-0395_n0_k37_mask.png,92.46948400000001,324,343,376,387,5,1,6,4,4,4,2,5,4
399,LIDC-IDRI-0395,0,38,./lidc_patches_all\LIDC-IDRI-0395\LIDC-IDRI-0395_n0_k38_img.png,./lidc_patches_all\LIDC-IDRI-0395\LIDC-IDRI-0395_n0_k38_mask.png,156.01486400000002,324,343,376,387,5,1,6,4,4,4,2,5,4
399,LIDC-IDRI-0395,0,39,./lidc_patches_all\LIDC-IDRI-0395\LIDC-IDRI-0395_n0_k39_img.png,./lidc_patches_all\LIDC-IDRI-0395\LIDC-IDRI-0395_n0_k39_mask.png,234.46054,324,343,376,387,5,1,6,4,4,4,2,5,4
399,LIDC-IDRI-0395,0,40,./lidc_patches_all\LIDC-IDRI-0395\LIDC-IDRI-0395_n0_k40_img.png,./lidc_patches_all\LIDC-IDRI-0395\LIDC-IDRI-0395_n0_k40_mask.png,168.72394,324,343,376,387,5,1,6,4,4,4,2,5,4
399,LIDC-IDRI-0395,1,48,./lidc_patches_all\LIDC-IDRI-0395\LIDC-IDRI-0395_n1_k48_img.png,./lidc_patches_all\LIDC-IDRI-0395\LIDC-IDRI-0395_n1_k48_mask.png,12.709076000000001,236,147,254,166,3,1,6,5,5,1,1,5,2
399,LIDC-IDRI-0395,2,52,./lidc_patches_all\LIDC-IDRI-0395\LIDC-IDRI-0395_n2_k52_img.png,./lidc_patches_all\LIDC-IDRI-0395\LIDC-IDRI-0395_n2_k52_mask.png,52.151036000000005,353,69,416,125,5,1,6,4,2,2,5,4,4
399,LIDC-IDRI-0395,2,53,./lidc_patches_all\LIDC-IDRI-0395\LIDC-IDRI-0395_n2_k53_img.png,./lidc_patches_all\LIDC-IDRI-0395\LIDC-IDRI-0395_n2_k53_mask.png,282.66738000000004,353,69,416,125,5,1,6,4,2,2,5,4,4
399,LIDC-IDRI-0395,2,54,./lidc_patches_all\LIDC-IDRI-0395\LIDC-IDRI-0395_n2_k54_img.png,./lidc_patches_all\LIDC-IDRI-0395\LIDC-IDRI-0395_n2_k54_mask.png,370.31618000000003,353,69,416,125,5,1,6,4,2,2,5,4,4
399,LIDC-IDRI-0395,2,55,./lidc_patches_all\LIDC-IDRI-0395\LIDC-IDRI-0395_n2_k55_img.png,./lidc_patches_all\LIDC-IDRI-0395\LIDC-IDRI-0395_n2_k55_mask.png,203.34521600000002,353,69,416,125,5,1,6,4,2,2,5,4,4
399,LIDC-IDRI-0395,2,56,./lidc_patches_all\LIDC-IDRI-0395\LIDC-IDRI-0395_n2_k56_img.png,./lidc_patches_all\LIDC-IDRI-0395\LIDC-IDRI-0395_n2_k56_mask.png,64.421868,353,69,416,125,5,1,6,4,2,2,5,4,4
399,LIDC-IDRI-0395,3,57,./lidc_patches_all\LIDC-IDRI-0395\LIDC-IDRI-0395_n3_k57_img.png,./lidc_patches_all\LIDC-IDRI-0395\LIDC-IDRI-0395_n3_k57_mask.png,21.473956,238,428,260,448,3,1,6,5,4,1,1,5,3
