scan_id,patient_id,nodule_index,k_global,img_path,mask_path,area_mm2,nodule_bbox_xmin,nodule_bbox_ymin,nodule_bbox_xmax,nodule_bbox_ymax,ann_subtlety,ann_internalStructure,ann_calcification,ann_sphericity,ann_margin,ann_lobulation,ann_spiculation,ann_texture,ann_malignancy
134,LIDC-IDRI-0130,0,110,./lidc_patches_all\LIDC-IDRI-0130\LIDC-IDRI-0130_n0_k110_img.png,./lidc_patches_all\LIDC-IDRI-0130\LIDC-IDRI-0130_n0_k110_mask.png,91.93610000610352,252,170,298,206,4,1,6,5,5,2,2,5,4
134,LIDC-IDRI-0130,0,111,./lidc_patches_all\LIDC-IDRI-0130\LIDC-IDRI-0130_n0_k111_img.png,./lidc_patches_all\LIDC-IDRI-0130\LIDC-IDRI-0130_n0_k111_mask.png,103.88259887695312,252,170,298,206,4,1,6,5,5,2,2,5,4
134,LIDC-IDRI-0130,0,112,./lidc_patches_all\LIDC-IDRI-0130\LIDC-IDRI-0130_n0_k112_img.png,./lidc_patches_all\LIDC-IDRI-0130\LIDC-IDRI-0130_n0_k112_mask.png,125.17853164672852,252,170,298,206,4,1,6,5,5,2,2,5,4
134,LIDC-IDRI-0130,0,113,./lidc_patches_all\LIDC-IDRI-0130\LIDC-IDRI-0130_n0_k113_img.png,./lidc_patches_all\LIDC-IDRI-0130\LIDC-IDRI-0130_n0_k113_mask.png,111.15438079833984,252,170,298,206,4,1,6,5,5,2,2,5,4
134,LIDC-IDRI-0130,0,114,./lidc_patches_all\LIDC-IDRI-0130\LIDC-IDRI-0130_n0_k114_img.png,./lidc_patches_all\LIDC-IDRI-0130\LIDC-IDRI-0130_n0_k114_mask.png,110.11555480957031,252,170,298,206,4,1,6,5,5,2,2,5,4
134,LIDC-IDRI-0130,1,142,./lidc_patches_all\LIDC-IDRI-0130\LIDC-IDRI-0130_n1_k142_img.png,./lidc_patches_all\LIDC-IDRI-0130\LIDC-IDRI-0130_n1_k142_mask.png,23.373584747314453,296,353,315,375,4,1,4,4,4,2,2,5,2
