scan_id,patient_id,nodule_index,k_global,img_path,mask_path,area_mm2,nodule_bbox_xmin,nodule_bbox_ymin,nodule_bbox_xmax,nodule_bbox_ymax,ann_subtlety,ann_internalStructure,ann_calcification,ann_sphericity,ann_margin,ann_lobulation,ann_spiculation,ann_texture,ann_malignancy
467,LIDC-IDRI-0462,0,274,./lidc_patches_all\LIDC-IDRI-0462\LIDC-IDRI-0462_n0_k274_img.png,./lidc_patches_all\LIDC-IDRI-0462\LIDC-IDRI-0462_n0_k274_mask.png,16.80908203125,297,71,316,92,2,1,6,4,5,1,1,5,2
467,LIDC-IDRI-0462,1,287,./lidc_patches_all\LIDC-IDRI-0462\LIDC-IDRI-0462_n1_k287_img.png,./lidc_patches_all\LIDC-IDRI-0462\LIDC-IDRI-0462_n1_k287_mask.png,118.65234375,292,89,329,133,5,1,6,3,4,3,3,5,4
467,LIDC-IDRI-0462,1,288,./lidc_patches_all\LIDC-IDRI-0462\LIDC-IDRI-0462_n1_k288_img.png,./lidc_patches_all\LIDC-IDRI-0462\LIDC-IDRI-0462_n1_k288_mask.png,129.034423828125,292,89,329,133,5,1,6,3,4,3,3,5,4
467,LIDC-IDRI-0462,1,289,./lidc_patches_all\LIDC-IDRI-0462\LIDC-IDRI-0462_n1_k289_img.png,./lidc_patches_all\LIDC-IDRI-0462\LIDC-IDRI-0462_n1_k289_mask.png,140.4052734375,292,89,329,133,5,1,6,3,4,3,3,5,4
467,LIDC-IDRI-0462,1,290,./lidc_patches_all\LIDC-IDRI-0462\LIDC-IDRI-0462_n1_k290_img.png,./lidc_patches_all\LIDC-IDRI-0462\LIDC-IDRI-0462_n1_k290_mask.png,127.55126953125,292,89,329,133,5,1,6,3,4,3,3,5,4
467,LIDC-IDRI-0462,1,291,./lidc_patches_all\LIDC-IDRI-0462\LIDC-IDRI-0462_n1_k291_img.png,./lidc_patches_all\LIDC-IDRI-0462\LIDC-IDRI-0462_n1_k291_mask.png,120.6298828125,292,89,329,133,5,1,6,3,4,3,3,5,4
467,LIDC-IDRI-0462,2,335,./lidc_patches_all\LIDC-IDRI-0462\LIDC-IDRI-0462_n2_k335_img.png,./lidc_patches_all\LIDC-IDRI-0462\LIDC-IDRI-0462_n2_k335_mask.png,52.899169921875,177,188,208,215,4,1,6,3,4,2,1,5,2
467,LIDC-IDRI-0462,2,336,./lidc_patches_all\LIDC-IDRI-0462\LIDC-IDRI-0462_n2_k336_img.png,./lidc_patches_all\LIDC-IDRI-0462\LIDC-IDRI-0462_n2_k336_mask.png,64.764404296875,177,188,208,215,4,1,6,3,4,2,1,5,2
467,LIDC-IDRI-0462,2,337,./lidc_patches_all\LIDC-IDRI-0462\LIDC-IDRI-0462_n2_k337_img.png,./lidc_patches_all\LIDC-IDRI-0462\LIDC-IDRI-0462_n2_k337_mask.png,65.753173828125,177,188,208,215,4,1,6,3,4,2,1,5,2
467,LIDC-IDRI-0462,2,338,./lidc_patches_all\LIDC-IDRI-0462\LIDC-IDRI-0462_n2_k338_img.png,./lidc_patches_all\LIDC-IDRI-0462\LIDC-IDRI-0462_n2_k338_mask.png,65.753173828125,177,188,208,215,4,1,6,3,4,2,1,5,2
467,LIDC-IDRI-0462,2,339,./lidc_patches_all\LIDC-IDRI-0462\LIDC-IDRI-0462_n2_k339_img.png,./lidc_patches_all\LIDC-IDRI-0462\LIDC-IDRI-0462_n2_k339_mask.png,65.753173828125,177,188,208,215,4,1,6,3,4,2,1,5,2
