scan_id,patient_id,nodule_index,k_global,img_path,mask_path,area_mm2,nodule_bbox_xmin,nodule_bbox_ymin,nodule_bbox_xmax,nodule_bbox_ymax,ann_subtlety,ann_internalStructure,ann_calcification,ann_sphericity,ann_margin,ann_lobulation,ann_spiculation,ann_texture,ann_malignancy
82,LIDC-IDRI-0072,0,254,./lidc_patches_all\LIDC-IDRI-0072\LIDC-IDRI-0072_n0_k254_img.png,./lidc_patches_all\LIDC-IDRI-0072\LIDC-IDRI-0072_n0_k254_mask.png,421.10695907594004,232,149,307,211,5,1,6,3,3,3,4,4,5
82,LIDC-IDRI-0072,0,255,./lidc_patches_all\LIDC-IDRI-0072\LIDC-IDRI-0072_n0_k255_img.png,./lidc_patches_all\LIDC-IDRI-0072\LIDC-IDRI-0072_n0_k255_mask.png,487.62576535035606,232,149,307,211,5,1,6,3,3,3,4,4,5
82,LIDC-IDRI-0072,0,256,./lidc_patches_all\LIDC-IDRI-0072\LIDC-IDRI-0072_n0_k256_img.png,./lidc_patches_all\LIDC-IDRI-0072\LIDC-IDRI-0072_n0_k256_mask.png,510.69277075196806,232,149,307,211,5,1,6,3,3,3,4,4,5
82,LIDC-IDRI-0072,0,257,./lidc_patches_all\LIDC-IDRI-0072\LIDC-IDRI-0072_n0_k257_img.png,./lidc_patches_all\LIDC-IDRI-0072\LIDC-IDRI-0072_n0_k257_mask.png,501.57325698854004,232,149,307,211,5,1,6,3,3,3,4,4,5
82,LIDC-IDRI-0072,0,258,./lidc_patches_all\LIDC-IDRI-0072\LIDC-IDRI-0072_n0_k258_img.png,./lidc_patches_all\LIDC-IDRI-0072\LIDC-IDRI-0072_n0_k258_mask.png,426.47137893678007,232,149,307,211,5,1,6,3,3,3,4,4,5
