scan_id,patient_id,nodule_index,k_global,img_path,mask_path,area_mm2,nodule_bbox_xmin,nodule_bbox_ymin,nodule_bbox_xmax,nodule_bbox_ymax,ann_subtlety,ann_internalStructure,ann_calcification,ann_sphericity,ann_margin,ann_lobulation,ann_spiculation,ann_texture,ann_malignancy
348,LIDC-IDRI-0346,0,42,./lidc_patches_all\LIDC-IDRI-0346\LIDC-IDRI-0346_n0_k42_img.png,./lidc_patches_all\LIDC-IDRI-0346\LIDC-IDRI-0346_n0_k42_mask.png,27.971840000000004,378,369,401,392,4,1,4,5,5,1,1,5,1
348,LIDC-IDRI-0346,1,51,./lidc_patches_all\LIDC-IDRI-0346\LIDC-IDRI-0346_n1_k51_img.png,./lidc_patches_all\LIDC-IDRI-0346\LIDC-IDRI-0346_n1_k51_mask.png,66.27174400000001,365,295,411,324,4,1,6,3,4,3,2,4,2
348,LIDC-IDRI-0346,1,52,./lidc_patches_all\LIDC-IDRI-0346\LIDC-IDRI-0346_n1_k52_img.png,./lidc_patches_all\LIDC-IDRI-0346\LIDC-IDRI-0346_n1_k52_mask.png,82.19417600000001,365,295,411,324,4,1,6,3,4,3,2,4,2
348,LIDC-IDRI-0346,1,53,./lidc_patches_all\LIDC-IDRI-0346\LIDC-IDRI-0346_n1_k53_img.png,./lidc_patches_all\LIDC-IDRI-0346\LIDC-IDRI-0346_n1_k53_mask.png,85.63686400000002,365,295,411,324,4,1,6,3,4,3,2,4,2
348,LIDC-IDRI-0346,2,62,./lidc_patches_all\LIDC-IDRI-0346\LIDC-IDRI-0346_n2_k62_img.png,./lidc_patches_all\LIDC-IDRI-0346\LIDC-IDRI-0346_n2_k62_mask.png,20.225792000000002,328,213,347,233,4,1,3,4,4,1,1,5,1
348,LIDC-IDRI-0346,3,69,./lidc_patches_all\LIDC-IDRI-0346\LIDC-IDRI-0346_n3_k69_img.png,./lidc_patches_all\LIDC-IDRI-0346\LIDC-IDRI-0346_n3_k69_mask.png,18.504448000000004,380,313,401,332,3,1,4,5,4,1,1,5,3
348,LIDC-IDRI-0346,4,75,./lidc_patches_all\LIDC-IDRI-0346\LIDC-IDRI-0346_n4_k75_img.png,./lidc_patches_all\LIDC-IDRI-0346\LIDC-IDRI-0346_n4_k75_mask.png,26.680832000000002,368,130,392,154,4,1,3,5,5,1,1,5,1
