scan_id,patient_id,nodule_index,k_global,img_path,mask_path,area_mm2,nodule_bbox_xmin,nodule_bbox_ymin,nodule_bbox_xmax,nodule_bbox_ymax,ann_subtlety,ann_internalStructure,ann_calcification,ann_sphericity,ann_margin,ann_lobulation,ann_spiculation,ann_texture,ann_malignancy
133,LIDC-IDRI-0129,0,51,./lidc_patches_all\LIDC-IDRI-0129\LIDC-IDRI-0129_n0_k51_img.png,./lidc_patches_all\LIDC-IDRI-0129\LIDC-IDRI-0129_n0_k51_mask.png,27.542151367199995,327,347,349,370,3,1,6,5,5,1,1,5,3
133,LIDC-IDRI-0129,1,52,./lidc_patches_all\LIDC-IDRI-0129\LIDC-IDRI-0129_n1_k52_img.png,./lidc_patches_all\LIDC-IDRI-0129\LIDC-IDRI-0129_n1_k52_mask.png,97.49921583988798,260,312,297,343,5,1,6,4,5,2,2,5,4
133,LIDC-IDRI-0129,1,53,./lidc_patches_all\LIDC-IDRI-0129\LIDC-IDRI-0129_n1_k53_img.png,./lidc_patches_all\LIDC-IDRI-0129\LIDC-IDRI-0129_n1_k53_mask.png,126.14305326177599,260,312,297,343,5,1,6,4,5,2,2,5,4
133,LIDC-IDRI-0129,1,54,./lidc_patches_all\LIDC-IDRI-0129\LIDC-IDRI-0129_n1_k54_img.png,./lidc_patches_all\LIDC-IDRI-0129\LIDC-IDRI-0129_n1_k54_mask.png,126.69389628911998,260,312,297,343,5,1,6,4,5,2,2,5,4
133,LIDC-IDRI-0129,1,55,./lidc_patches_all\LIDC-IDRI-0129\LIDC-IDRI-0129_n1_k55_img.png,./lidc_patches_all\LIDC-IDRI-0129\LIDC-IDRI-0129_n1_k55_mask.png,119.53293693364799,260,312,297,343,5,1,6,4,5,2,2,5,4
133,LIDC-IDRI-0129,1,56,./lidc_patches_all\LIDC-IDRI-0129\LIDC-IDRI-0129_n1_k56_img.png,./lidc_patches_all\LIDC-IDRI-0129\LIDC-IDRI-0129_n1_k56_mask.png,109.06691941411198,260,312,297,343,5,1,6,4,5,2,2,5,4
133,LIDC-IDRI-0129,2,61,./lidc_patches_all\LIDC-IDRI-0129\LIDC-IDRI-0129_n2_k61_img.png,./lidc_patches_all\LIDC-IDRI-0129\LIDC-IDRI-0129_n2_k61_mask.png,9.364331464847998,293,302,310,318,1,1,6,5,5,1,1,5,2
133,LIDC-IDRI-0129,3,63,./lidc_patches_all\LIDC-IDRI-0129\LIDC-IDRI-0129_n3_k63_img.png,./lidc_patches_all\LIDC-IDRI-0129\LIDC-IDRI-0129_n3_k63_mask.png,74.91465171878399,335,175,369,203,4,1,6,5,5,1,2,5,4
133,LIDC-IDRI-0129,3,64,./lidc_patches_all\LIDC-IDRI-0129\LIDC-IDRI-0129_n3_k64_img.png,./lidc_patches_all\LIDC-IDRI-0129\LIDC-IDRI-0129_n3_k64_mask.png,87.58404134769599,335,175,369,203,4,1,6,5,5,1,2,5,4
133,LIDC-IDRI-0129,3,65,./lidc_patches_all\LIDC-IDRI-0129\LIDC-IDRI-0129_n3_k65_img.png,./lidc_patches_all\LIDC-IDRI-0129\LIDC-IDRI-0129_n3_k65_mask.png,93.64331464847999,335,175,369,203,4,1,6,5,5,1,2,5,4
133,LIDC-IDRI-0129,3,66,./lidc_patches_all\LIDC-IDRI-0129\LIDC-IDRI-0129_n3_k66_img.png,./lidc_patches_all\LIDC-IDRI-0129\LIDC-IDRI-0129_n3_k66_mask.png,82.62645410159999,335,175,369,203,4,1,6,5,5,1,2,5,4
133,LIDC-IDRI-0129,3,67,./lidc_patches_all\LIDC-IDRI-0129\LIDC-IDRI-0129_n3_k67_img.png,./lidc_patches_all\LIDC-IDRI-0129\LIDC-IDRI-0129_n3_k67_mask.png,66.10116328128,335,175,369,203,4,1,6,5,5,1,2,5,4
133,LIDC-IDRI-0129,4,81,./lidc_patches_all\LIDC-IDRI-0129\LIDC-IDRI-0129_n4_k81_img.png,./lidc_patches_all\LIDC-IDRI-0129\LIDC-IDRI-0129_n4_k81_mask.png,25.338779257823997,161,167,184,189,3,1,6,5,5,1,1,5,3
133,LIDC-IDRI-0129,5,87,./lidc_patches_all\LIDC-IDRI-0129\LIDC-IDRI-0129_n5_k87_img.png,./lidc_patches_all\LIDC-IDRI-0129\LIDC-IDRI-0129_n5_k87_mask.png,15.423604765631998,307,336,326,355,1,1,6,4,5,1,1,5,2
133,LIDC-IDRI-0129,6,91,./lidc_patches_all\LIDC-IDRI-0129\LIDC-IDRI-0129_n6_k91_img.png,./lidc_patches_all\LIDC-IDRI-0129\LIDC-IDRI-0129_n6_k91_mask.png,30.296366503919995,353,205,375,227,4,1,6,4,5,1,1,5,3
133,LIDC-IDRI-0129,7,95,./lidc_patches_all\LIDC-IDRI-0129\LIDC-IDRI-0129_n7_k95_img.png,./lidc_patches_all\LIDC-IDRI-0129\LIDC-IDRI-0129_n7_k95_mask.png,17.626976875007998,169,398,189,417,3,1,6,3,5,1,1,5,2
133,LIDC-IDRI-0129,8,112,./lidc_patches_all\LIDC-IDRI-0129\LIDC-IDRI-0129_n8_k112_img.png,./lidc_patches_all\LIDC-IDRI-0129\LIDC-IDRI-0129_n8_k112_mask.png,17.626976875007998,295,237,317,257,3,1,6,4,5,1,1,5,3
133,LIDC-IDRI-0129,9,113,./lidc_patches_all\LIDC-IDRI-0129\LIDC-IDRI-0129_n9_k113_img.png,./lidc_patches_all\LIDC-IDRI-0129\LIDC-IDRI-0129_n9_k113_mask.png,18.177819902352,177,152,195,172,2,1,6,4,4,1,1,5,2
133,LIDC-IDRI-0129,10,119,./lidc_patches_all\LIDC-IDRI-0129\LIDC-IDRI-0129_n10_k119_img.png,./lidc_patches_all\LIDC-IDRI-0129\LIDC-IDRI-0129_n10_k119_mask.png,44.618285214863995,203,193,228,217,4,1,6,4,5,1,1,5,3
133,LIDC-IDRI-0129,11,126,./lidc_patches_all\LIDC-IDRI-0129\LIDC-IDRI-0129_n11_k126_img.png,./lidc_patches_all\LIDC-IDRI-0129\LIDC-IDRI-0129_n11_k126_mask.png,41.864070078143996,326,201,350,224,4,1,6,5,4,1,1,5,3
133,LIDC-IDRI-0129,12,127,./lidc_patches_all\LIDC-IDRI-0129\LIDC-IDRI-0129_n12_k127_img.png,./lidc_patches_all\LIDC-IDRI-0129\LIDC-IDRI-0129_n12_k127_mask.png,46.82165732423999,350,344,377,368,4,1,6,4,5,2,2,5,3
133,LIDC-IDRI-0129,13,147,./lidc_patches_all\LIDC-IDRI-0129\LIDC-IDRI-0129_n13_k147_img.png,./lidc_patches_all\LIDC-IDRI-0129\LIDC-IDRI-0129_n13_k147_mask.png,22.033721093759997,209,396,229,416,3,1,6,4,4,2,2,5,2
133,LIDC-IDRI-0129,14,163,./lidc_patches_all\LIDC-IDRI-0129\LIDC-IDRI-0129_n14_k163_img.png,./lidc_patches_all\LIDC-IDRI-0129\LIDC-IDRI-0129_n14_k163_mask.png,13.220232656255998,193,206,211,225,3,1,6,4,5,1,1,5,3
