scan_id,patient_id,nodule_index,k_global,img_path,mask_path,area_mm2,nodule_bbox_xmin,nodule_bbox_ymin,nodule_bbox_xmax,nodule_bbox_ymax,ann_subtlety,ann_internalStructure,ann_calcification,ann_sphericity,ann_margin,ann_lobulation,ann_spiculation,ann_texture,ann_malignancy
333,LIDC-IDRI-0332,0,94,./lidc_patches_all\LIDC-IDRI-0332\LIDC-IDRI-0332_n0_k94_img.png,./lidc_patches_all\LIDC-IDRI-0332\LIDC-IDRI-0332_n0_k94_mask.png,200.23254120120197,160,78,242,151,5,1,6,4,3,3,2,4,5
333,LIDC-IDRI-0332,0,95,./lidc_patches_all\LIDC-IDRI-0332\LIDC-IDRI-0332_n0_k95_img.png,./lidc_patches_all\LIDC-IDRI-0332\LIDC-IDRI-0332_n0_k95_mask.png,461.5318532666709,160,78,242,151,5,1,6,4,3,3,2,4,5
333,LIDC-IDRI-0332,0,96,./lidc_patches_all\LIDC-IDRI-0332\LIDC-IDRI-0332_n0_k96_img.png,./lidc_patches_all\LIDC-IDRI-0332\LIDC-IDRI-0332_n0_k96_mask.png,608.5906075928649,160,78,242,151,5,1,6,4,3,3,2,4,5
333,LIDC-IDRI-0332,0,97,./lidc_patches_all\LIDC-IDRI-0332\LIDC-IDRI-0332_n0_k97_img.png,./lidc_patches_all\LIDC-IDRI-0332\LIDC-IDRI-0332_n0_k97_mask.png,605.2672459131769,160,78,242,151,5,1,6,4,3,3,2,4,5
333,LIDC-IDRI-0332,0,98,./lidc_patches_all\LIDC-IDRI-0332\LIDC-IDRI-0332_n0_k98_img.png,./lidc_patches_all\LIDC-IDRI-0332\LIDC-IDRI-0332_n0_k98_mask.png,473.9944595655009,160,78,242,151,5,1,6,4,3,3,2,4,5
333,LIDC-IDRI-0332,1,164,./lidc_patches_all\LIDC-IDRI-0332\LIDC-IDRI-0332_n1_k164_img.png,./lidc_patches_all\LIDC-IDRI-0332\LIDC-IDRI-0332_n1_k164_mask.png,41.95744120606099,250,310,280,344,4,1,6,2,4,4,4,5,3
334,LIDC-IDRI-0332,0,165,./lidc_patches_all\LIDC-IDRI-0332\LIDC-IDRI-0332_n0_k165_img.png,./lidc_patches_all\LIDC-IDRI-0332\LIDC-IDRI-0332_n0_k165_mask.png,69.37517506348699,209,96,270,139,4,1,6,3,3,4,3,5,4
334,LIDC-IDRI-0332,0,166,./lidc_patches_all\LIDC-IDRI-0332\LIDC-IDRI-0332_n0_k166_img.png,./lidc_patches_all\LIDC-IDRI-0332\LIDC-IDRI-0332_n0_k166_mask.png,60.23593044434499,209,96,270,139,4,1,6,3,3,4,3,5,4
334,LIDC-IDRI-0332,1,227,./lidc_patches_all\LIDC-IDRI-0332\LIDC-IDRI-0332_n1_k227_img.png,./lidc_patches_all\LIDC-IDRI-0332\LIDC-IDRI-0332_n1_k227_mask.png,24.094372177737995,296,88,318,113,3,1,6,3,4,5,4,4,2
334,LIDC-IDRI-0332,2,230,./lidc_patches_all\LIDC-IDRI-0332\LIDC-IDRI-0332_n2_k230_img.png,./lidc_patches_all\LIDC-IDRI-0332\LIDC-IDRI-0332_n2_k230_mask.png,17.447648818361998,284,89,304,109,2,1,6,4,4,5,5,5,2
334,LIDC-IDRI-0332,3,250,./lidc_patches_all\LIDC-IDRI-0332\LIDC-IDRI-0332_n3_k250_img.png,./lidc_patches_all\LIDC-IDRI-0332\LIDC-IDRI-0332_n3_k250_mask.png,12.878026508790997,324,113,343,132,4,1,3,5,5,5,5,5,1
