scan_id,patient_id,nodule_index,k_global,img_path,mask_path,area_mm2,nodule_bbox_xmin,nodule_bbox_ymin,nodule_bbox_xmax,nodule_bbox_ymax,ann_subtlety,ann_internalStructure,ann_calcification,ann_sphericity,ann_margin,ann_lobulation,ann_spiculation,ann_texture,ann_malignancy
326,LIDC-IDRI-0325,0,147,./lidc_patches_all\LIDC-IDRI-0325\LIDC-IDRI-0325_n0_k147_img.png,./lidc_patches_all\LIDC-IDRI-0325\LIDC-IDRI-0325_n0_k147_mask.png,196.06640625,341,132,389,200,4,1,6,3,3,3,4,5,4
326,LIDC-IDRI-0325,0,148,./lidc_patches_all\LIDC-IDRI-0325\LIDC-IDRI-0325_n0_k148_img.png,./lidc_patches_all\LIDC-IDRI-0325\LIDC-IDRI-0325_n0_k148_mask.png,167.01953125,341,132,389,200,4,1,6,3,3,3,4,5,4
326,LIDC-IDRI-0325,0,149,./lidc_patches_all\LIDC-IDRI-0325\LIDC-IDRI-0325_n0_k149_img.png,./lidc_patches_all\LIDC-IDRI-0325\LIDC-IDRI-0325_n0_k149_mask.png,223.1328125,341,132,389,200,4,1,6,3,3,3,4,5,4
326,LIDC-IDRI-0325,0,150,./lidc_patches_all\LIDC-IDRI-0325\LIDC-IDRI-0325_n0_k150_img.png,./lidc_patches_all\LIDC-IDRI-0325\LIDC-IDRI-0325_n0_k150_mask.png,190.78515625,341,132,389,200,4,1,6,3,3,3,4,5,4
326,LIDC-IDRI-0325,0,151,./lidc_patches_all\LIDC-IDRI-0325\LIDC-IDRI-0325_n0_k151_img.png,./lidc_patches_all\LIDC-IDRI-0325\LIDC-IDRI-0325_n0_k151_mask.png,159.09765625,341,132,389,200,4,1,6,3,3,3,4,5,4
