scan_id,patient_id,nodule_index,k_global,img_path,mask_path,area_mm2,nodule_bbox_xmin,nodule_bbox_ymin,nodule_bbox_xmax,nodule_bbox_ymax,ann_subtlety,ann_internalStructure,ann_calcification,ann_sphericity,ann_margin,ann_lobulation,ann_spiculation,ann_texture,ann_malignancy
126,LIDC-IDRI-0121,0,159,./lidc_patches_all\LIDC-IDRI-0121\LIDC-IDRI-0121_n0_k159_img.png,./lidc_patches_all\LIDC-IDRI-0121\LIDC-IDRI-0121_n0_k159_mask.png,163.477414482434,151,272,182,305,4,1,6,4,5,2,1,5,4
126,LIDC-IDRI-0121,0,160,./lidc_patches_all\LIDC-IDRI-0121\LIDC-IDRI-0121_n0_k160_img.png,./lidc_patches_all\LIDC-IDRI-0121\LIDC-IDRI-0121_n0_k160_mask.png,153.36540946290202,151,272,182,305,4,1,6,4,5,2,1,5,4
126,LIDC-IDRI-0121,0,161,./lidc_patches_all\LIDC-IDRI-0121\LIDC-IDRI-0121_n0_k161_img.png,./lidc_patches_all\LIDC-IDRI-0121\LIDC-IDRI-0121_n0_k161_mask.png,176.11742075684901,151,272,182,305,4,1,6,4,5,2,1,5,4
126,LIDC-IDRI-0121,0,162,./lidc_patches_all\LIDC-IDRI-0121\LIDC-IDRI-0121_n0_k162_img.png,./lidc_patches_all\LIDC-IDRI-0121\LIDC-IDRI-0121_n0_k162_mask.png,165.16274865235602,151,272,182,305,4,1,6,4,5,2,1,5,4
126,LIDC-IDRI-0121,0,163,./lidc_patches_all\LIDC-IDRI-0121\LIDC-IDRI-0121_n0_k163_img.png,./lidc_patches_all\LIDC-IDRI-0121\LIDC-IDRI-0121_n0_k163_mask.png,142.41073735840902,151,272,182,305,4,1,6,4,5,2,1,5,4
126,LIDC-IDRI-0121,1,163,./lidc_patches_all\LIDC-IDRI-0121\LIDC-IDRI-0121_n1_k163_img.png,./lidc_patches_all\LIDC-IDRI-0121\LIDC-IDRI-0121_n1_k163_mask.png,31.178682143557,204,341,224,360,4,1,6,5,5,1,1,5,3
