scan_id,patient_id,nodule_index,k_global,img_path,mask_path,area_mm2,nodule_bbox_xmin,nodule_bbox_ymin,nodule_bbox_xmax,nodule_bbox_ymax,ann_subtlety,ann_internalStructure,ann_calcification,ann_sphericity,ann_margin,ann_lobulation,ann_spiculation,ann_texture,ann_malignancy
350,LIDC-IDRI-0348,0,81,./lidc_patches_all\LIDC-IDRI-0348\LIDC-IDRI-0348_n0_k81_img.png,./lidc_patches_all\LIDC-IDRI-0348\LIDC-IDRI-0348_n0_k81_mask.png,41.77853554687999,305,372,327,397,2,1,6,5,5,1,1,5,3
350,LIDC-IDRI-0348,1,116,./lidc_patches_all\LIDC-IDRI-0348\LIDC-IDRI-0348_n1_k116_img.png,./lidc_patches_all\LIDC-IDRI-0348\LIDC-IDRI-0348_n1_k116_mask.png,131.08015527833598,220,333,256,368,5,1,6,5,5,3,3,5,4
350,LIDC-IDRI-0348,1,117,./lidc_patches_all\LIDC-IDRI-0348\LIDC-IDRI-0348_n1_k117_img.png,./lidc_patches_all\LIDC-IDRI-0348\LIDC-IDRI-0348_n1_k117_mask.png,162.41405693849597,220,333,256,368,5,1,6,5,5,3,3,5,4
350,LIDC-IDRI-0348,1,118,./lidc_patches_all\LIDC-IDRI-0348\LIDC-IDRI-0348_n1_k118_img.png,./lidc_patches_all\LIDC-IDRI-0348\LIDC-IDRI-0348_n1_k118_mask.png,183.30332471193597,220,333,256,368,5,1,6,5,5,3,3,5,4
350,LIDC-IDRI-0348,1,119,./lidc_patches_all\LIDC-IDRI-0348\LIDC-IDRI-0348_n1_k119_img.png,./lidc_patches_all\LIDC-IDRI-0348\LIDC-IDRI-0348_n1_k119_mask.png,182.25886132326397,220,333,256,368,5,1,6,5,5,3,3,5,4
350,LIDC-IDRI-0348,1,120,./lidc_patches_all\LIDC-IDRI-0348\LIDC-IDRI-0348_n1_k120_img.png,./lidc_patches_all\LIDC-IDRI-0348\LIDC-IDRI-0348_n1_k120_mask.png,168.68083727052797,220,333,256,368,5,1,6,5,5,3,3,5,4
