scan_id,patient_id,nodule_index,k_global,img_path,mask_path,area_mm2,nodule_bbox_xmin,nodule_bbox_ymin,nodule_bbox_xmax,nodule_bbox_ymax,ann_subtlety,ann_internalStructure,ann_calcification,ann_sphericity,ann_margin,ann_lobulation,ann_spiculation,ann_texture,ann_malignancy
48,LIDC-IDRI-0037,0,81,./lidc_patches_all\LIDC-IDRI-0037\LIDC-IDRI-0037_n0_k81_img.png,./lidc_patches_all\LIDC-IDRI-0037\LIDC-IDRI-0037_n0_k81_mask.png,92.96875,266,388,311,424,5,1,6,4,4,2,4,4,4
48,LIDC-IDRI-0037,0,82,./lidc_patches_all\LIDC-IDRI-0037\LIDC-IDRI-0037_n0_k82_img.png,./lidc_patches_all\LIDC-IDRI-0037\LIDC-IDRI-0037_n0_k82_mask.png,137.5,266,388,311,424,5,1,6,4,4,2,4,4,4
48,LIDC-IDRI-0037,0,83,./lidc_patches_all\LIDC-IDRI-0037\LIDC-IDRI-0037_n0_k83_img.png,./lidc_patches_all\LIDC-IDRI-0037\LIDC-IDRI-0037_n0_k83_mask.png,159.375,266,388,311,424,5,1,6,4,4,2,4,4,4
48,LIDC-IDRI-0037,0,84,./lidc_patches_all\LIDC-IDRI-0037\LIDC-IDRI-0037_n0_k84_img.png,./lidc_patches_all\LIDC-IDRI-0037\LIDC-IDRI-0037_n0_k84_mask.png,112.5,266,388,311,424,5,1,6,4,4,2,4,4,4
48,LIDC-IDRI-0037,1,107,./lidc_patches_all\LIDC-IDRI-0037\LIDC-IDRI-0037_n1_k107_img.png,./lidc_patches_all\LIDC-IDRI-0037\LIDC-IDRI-0037_n1_k107_mask.png,24.21875,348,363,378,392,4,1,6,3,4,1,3,5,4
