scan_id,patient_id,nodule_index,k_global,img_path,mask_path,area_mm2,nodule_bbox_xmin,nodule_bbox_ymin,nodule_bbox_xmax,nodule_bbox_ymax,ann_subtlety,ann_internalStructure,ann_calcification,ann_sphericity,ann_margin,ann_lobulation,ann_spiculation,ann_texture,ann_malignancy
200,LIDC-IDRI-0199,0,54,./lidc_patches_all\LIDC-IDRI-0199\LIDC-IDRI-0199_n0_k54_img.png,./lidc_patches_all\LIDC-IDRI-0199\LIDC-IDRI-0199_n0_k54_mask.png,13.670328535164002,249,414,271,433,3,1,3,5,5,1,1,5,1
200,LIDC-IDRI-0199,1,84,./lidc_patches_all\LIDC-IDRI-0199\LIDC-IDRI-0199_n1_k84_img.png,./lidc_patches_all\LIDC-IDRI-0199\LIDC-IDRI-0199_n1_k84_mask.png,11.906415175788,358,322,376,340,3,1,4,4,5,1,1,5,2
200,LIDC-IDRI-0199,2,147,./lidc_patches_all\LIDC-IDRI-0199\LIDC-IDRI-0199_n2_k147_img.png,./lidc_patches_all\LIDC-IDRI-0199\LIDC-IDRI-0199_n2_k147_mask.png,10.142501816412,187,382,205,400,2,1,6,3,4,1,1,5,2
200,LIDC-IDRI-0199,3,163,./lidc_patches_all\LIDC-IDRI-0199\LIDC-IDRI-0199_n3_k163_img.png,./lidc_patches_all\LIDC-IDRI-0199\LIDC-IDRI-0199_n3_k163_mask.png,85.10881958989201,315,181,345,216,5,1,6,4,5,1,1,5,3
200,LIDC-IDRI-0199,3,164,./lidc_patches_all\LIDC-IDRI-0199\LIDC-IDRI-0199_n3_k164_img.png,./lidc_patches_all\LIDC-IDRI-0199\LIDC-IDRI-0199_n3_k164_mask.png,91.28251634770801,315,181,345,216,5,1,6,4,5,1,1,5,3
200,LIDC-IDRI-0199,3,165,./lidc_patches_all\LIDC-IDRI-0199\LIDC-IDRI-0199_n3_k165_img.png,./lidc_patches_all\LIDC-IDRI-0199\LIDC-IDRI-0199_n3_k165_mask.png,94.36936472661601,315,181,345,216,5,1,6,4,5,1,1,5,3
200,LIDC-IDRI-0199,3,166,./lidc_patches_all\LIDC-IDRI-0199\LIDC-IDRI-0199_n3_k166_img.png,./lidc_patches_all\LIDC-IDRI-0199\LIDC-IDRI-0199_n3_k166_mask.png,90.841538007864,315,181,345,216,5,1,6,4,5,1,1,5,3
200,LIDC-IDRI-0199,3,167,./lidc_patches_all\LIDC-IDRI-0199\LIDC-IDRI-0199_n3_k167_img.png,./lidc_patches_all\LIDC-IDRI-0199\LIDC-IDRI-0199_n3_k167_mask.png,74.08436109379201,315,181,345,216,5,1,6,4,5,1,1,5,3
