scan_id,patient_id,nodule_index,k_global,img_path,mask_path,area_mm2,nodule_bbox_xmin,nodule_bbox_ymin,nodule_bbox_xmax,nodule_bbox_ymax,ann_subtlety,ann_internalStructure,ann_calcification,ann_sphericity,ann_margin,ann_lobulation,ann_spiculation,ann_texture,ann_malignancy
230,LIDC-IDRI-0229,0,93,./lidc_patches_all\LIDC-IDRI-0229\LIDC-IDRI-0229_n0_k93_img.png,./lidc_patches_all\LIDC-IDRI-0229\LIDC-IDRI-0229_n0_k93_mask.png,17.986690883791002,190,126,210,145,4,1,5,3,5,1,1,5,2
230,LIDC-IDRI-0229,1,94,./lidc_patches_all\LIDC-IDRI-0229\LIDC-IDRI-0229_n1_k94_img.png,./lidc_patches_all\LIDC-IDRI-0229\LIDC-IDRI-0229_n1_k94_mask.png,183.34820384767602,237,91,271,137,5,1,6,3,4,2,2,5,4
230,LIDC-IDRI-0229,1,95,./lidc_patches_all\LIDC-IDRI-0229\LIDC-IDRI-0229_n1_k95_img.png,./lidc_patches_all\LIDC-IDRI-0229\LIDC-IDRI-0229_n1_k95_mask.png,225.70395979982902,237,91,271,137,5,1,6,3,4,2,2,5,4
230,LIDC-IDRI-0229,1,96,./lidc_patches_all\LIDC-IDRI-0229\LIDC-IDRI-0229_n1_k96_img.png,./lidc_patches_all\LIDC-IDRI-0229\LIDC-IDRI-0229_n1_k96_mask.png,233.24676565432202,237,91,271,137,5,1,6,3,4,2,2,5,4
230,LIDC-IDRI-0229,1,97,./lidc_patches_all\LIDC-IDRI-0229\LIDC-IDRI-0229_n1_k97_img.png,./lidc_patches_all\LIDC-IDRI-0229\LIDC-IDRI-0229_n1_k97_mask.png,214.09964310060903,237,91,271,137,5,1,6,3,4,2,2,5,4
230,LIDC-IDRI-0229,1,98,./lidc_patches_all\LIDC-IDRI-0229\LIDC-IDRI-0229_n1_k98_img.png,./lidc_patches_all\LIDC-IDRI-0229\LIDC-IDRI-0229_n1_k98_mask.png,150.85611708986002,237,91,271,137,5,1,6,3,4,2,2,5,4
230,LIDC-IDRI-0229,2,100,./lidc_patches_all\LIDC-IDRI-0229\LIDC-IDRI-0229_n2_k100_img.png,./lidc_patches_all\LIDC-IDRI-0229\LIDC-IDRI-0229_n2_k100_mask.png,59.182015166022005,270,89,297,118,5,1,6,4,4,1,2,5,4
230,LIDC-IDRI-0229,2,101,./lidc_patches_all\LIDC-IDRI-0229\LIDC-IDRI-0229_n2_k101_img.png,./lidc_patches_all\LIDC-IDRI-0229\LIDC-IDRI-0229_n2_k101_mask.png,94.575181098643,270,89,297,118,5,1,6,4,4,1,2,5,4
230,LIDC-IDRI-0229,2,102,./lidc_patches_all\LIDC-IDRI-0229\LIDC-IDRI-0229_n2_k102_img.png,./lidc_patches_all\LIDC-IDRI-0229\LIDC-IDRI-0229_n2_k102_mask.png,91.09388608887701,270,89,297,118,5,1,6,4,4,1,2,5,4
230,LIDC-IDRI-0229,3,104,./lidc_patches_all\LIDC-IDRI-0229\LIDC-IDRI-0229_n3_k104_img.png,./lidc_patches_all\LIDC-IDRI-0229\LIDC-IDRI-0229_n3_k104_mask.png,54.540288486334006,289,337,321,369,4,1,6,4,4,2,2,5,4
230,LIDC-IDRI-0229,4,107,./lidc_patches_all\LIDC-IDRI-0229\LIDC-IDRI-0229_n4_k107_img.png,./lidc_patches_all\LIDC-IDRI-0229\LIDC-IDRI-0229_n4_k107_mask.png,23.20863339844,304,105,322,126,3,1,6,2,3,2,3,3,3
230,LIDC-IDRI-0229,5,108,./lidc_patches_all\LIDC-IDRI-0229\LIDC-IDRI-0229_n5_k108_img.png,./lidc_patches_all\LIDC-IDRI-0229\LIDC-IDRI-0229_n5_k108_mask.png,23.20863339844,346,141,368,163,4,1,6,4,4,2,1,5,3
230,LIDC-IDRI-0229,6,108,./lidc_patches_all\LIDC-IDRI-0229\LIDC-IDRI-0229_n6_k108_img.png,./lidc_patches_all\LIDC-IDRI-0229\LIDC-IDRI-0229_n6_k108_mask.png,69.62590019532,338,174,372,206,5,1,6,4,4,2,2,4,4
230,LIDC-IDRI-0229,6,109,./lidc_patches_all\LIDC-IDRI-0229\LIDC-IDRI-0229_n6_k109_img.png,./lidc_patches_all\LIDC-IDRI-0229\LIDC-IDRI-0229_n6_k109_mask.png,135.770505380874,338,174,372,206,5,1,6,4,4,2,2,4,4
230,LIDC-IDRI-0229,6,110,./lidc_patches_all\LIDC-IDRI-0229\LIDC-IDRI-0229_n6_k110_img.png,./lidc_patches_all\LIDC-IDRI-0229\LIDC-IDRI-0229_n6_k110_mask.png,146.79460624513302,338,174,372,206,5,1,6,4,4,2,2,4,4
230,LIDC-IDRI-0229,6,111,./lidc_patches_all\LIDC-IDRI-0229\LIDC-IDRI-0229_n6_k111_img.png,./lidc_patches_all\LIDC-IDRI-0229\LIDC-IDRI-0229_n6_k111_mask.png,145.05395874025,338,174,372,206,5,1,6,4,4,2,2,4,4
230,LIDC-IDRI-0229,6,112,./lidc_patches_all\LIDC-IDRI-0229\LIDC-IDRI-0229_n6_k112_img.png,./lidc_patches_all\LIDC-IDRI-0229\LIDC-IDRI-0229_n6_k112_mask.png,128.807915361342,338,174,372,206,5,1,6,4,4,2,2,4,4
