scan_id,patient_id,nodule_index,k_global,img_path,mask_path,area_mm2,nodule_bbox_xmin,nodule_bbox_ymin,nodule_bbox_xmax,nodule_bbox_ymax,ann_subtlety,ann_internalStructure,ann_calcification,ann_sphericity,ann_margin,ann_lobulation,ann_spiculation,ann_texture,ann_malignancy
77,LIDC-IDRI-0066,0,451,./lidc_patches_all\LIDC-IDRI-0066\LIDC-IDRI-0066_n0_k451_img.png,./lidc_patches_all\LIDC-IDRI-0066\LIDC-IDRI-0066_n0_k451_mask.png,51.892578125,355,402,388,433,4,1,6,4,4,3,2,5,4
77,LIDC-IDRI-0066,1,582,./lidc_patches_all\LIDC-IDRI-0066\LIDC-IDRI-0066_n1_k582_img.png,./lidc_patches_all\LIDC-IDRI-0066\LIDC-IDRI-0066_n1_k582_mask.png,98.92022705078125,330,172,383,234,5,1,6,3,3,4,4,5,4
77,LIDC-IDRI-0066,1,583,./lidc_patches_all\LIDC-IDRI-0066\LIDC-IDRI-0066_n1_k583_img.png,./lidc_patches_all\LIDC-IDRI-0066\LIDC-IDRI-0066_n1_k583_mask.png,92.02824401855469,330,172,383,234,5,1,6,3,3,4,4,5,4
77,LIDC-IDRI-0066,1,584,./lidc_patches_all\LIDC-IDRI-0066\LIDC-IDRI-0066_n1_k584_img.png,./lidc_patches_all\LIDC-IDRI-0066\LIDC-IDRI-0066_n1_k584_mask.png,103.78515625,330,172,383,234,5,1,6,3,3,4,4,5,4
77,LIDC-IDRI-0066,1,585,./lidc_patches_all\LIDC-IDRI-0066\LIDC-IDRI-0066_n1_k585_img.png,./lidc_patches_all\LIDC-IDRI-0066\LIDC-IDRI-0066_n1_k585_mask.png,101.75810241699219,330,172,383,234,5,1,6,3,3,4,4,5,4
77,LIDC-IDRI-0066,1,586,./lidc_patches_all\LIDC-IDRI-0066\LIDC-IDRI-0066_n1_k586_img.png,./lidc_patches_all\LIDC-IDRI-0066\LIDC-IDRI-0066_n1_k586_mask.png,97.298583984375,330,172,383,234,5,1,6,3,3,4,4,5,4
77,LIDC-IDRI-0066,2,663,./lidc_patches_all\LIDC-IDRI-0066\LIDC-IDRI-0066_n2_k663_img.png,./lidc_patches_all\LIDC-IDRI-0066\LIDC-IDRI-0066_n2_k663_mask.png,25.540878295898438,318,305,343,332,4,1,6,3,3,2,4,4,4
