scan_id,patient_id,nodule_index,k_global,img_path,mask_path,area_mm2,nodule_bbox_xmin,nodule_bbox_ymin,nodule_bbox_xmax,nodule_bbox_ymax,ann_subtlety,ann_internalStructure,ann_calcification,ann_sphericity,ann_margin,ann_lobulation,ann_spiculation,ann_texture,ann_malignancy
129,LIDC-IDRI-0124,0,52,./lidc_patches_all\LIDC-IDRI-0124\LIDC-IDRI-0124_n0_k52_img.png,./lidc_patches_all\LIDC-IDRI-0124\LIDC-IDRI-0124_n0_k52_mask.png,6.7138671875,245,420,261,436,1,1,6,5,2,1,1,1,2
129,LIDC-IDRI-0124,1,57,./lidc_patches_all\LIDC-IDRI-0124\LIDC-IDRI-0124_n1_k57_img.png,./lidc_patches_all\LIDC-IDRI-0124\LIDC-IDRI-0124_n1_k57_mask.png,22.5830078125,296,221,315,242,4,1,6,5,5,1,1,5,3
129,LIDC-IDRI-0124,2,58,./lidc_patches_all\LIDC-IDRI-0124\LIDC-IDRI-0124_n2_k58_img.png,./lidc_patches_all\LIDC-IDRI-0124\LIDC-IDRI-0124_n2_k58_mask.png,12.8173828125,340,126,358,143,2,1,6,5,3,1,1,5,2
129,LIDC-IDRI-0124,3,59,./lidc_patches_all\LIDC-IDRI-0124\LIDC-IDRI-0124_n3_k59_img.png,./lidc_patches_all\LIDC-IDRI-0124\LIDC-IDRI-0124_n3_k59_mask.png,21.3623046875,232,175,252,193,1,1,6,5,3,1,1,5,3
129,LIDC-IDRI-0124,4,64,./lidc_patches_all\LIDC-IDRI-0124\LIDC-IDRI-0124_n4_k64_img.png,./lidc_patches_all\LIDC-IDRI-0124\LIDC-IDRI-0124_n4_k64_mask.png,12.8173828125,221,81,237,99,3,1,6,4,5,1,1,5,2
129,LIDC-IDRI-0124,5,69,./lidc_patches_all\LIDC-IDRI-0124\LIDC-IDRI-0124_n5_k69_img.png,./lidc_patches_all\LIDC-IDRI-0124\LIDC-IDRI-0124_n5_k69_mask.png,73.8525390625,275,379,299,406,4,1,6,4,5,2,1,5,3
129,LIDC-IDRI-0124,5,70,./lidc_patches_all\LIDC-IDRI-0124\LIDC-IDRI-0124_n5_k70_img.png,./lidc_patches_all\LIDC-IDRI-0124\LIDC-IDRI-0124_n5_k70_mask.png,50.048828125,275,379,299,406,4,1,6,4,5,2,1,5,3
129,LIDC-IDRI-0124,6,75,./lidc_patches_all\LIDC-IDRI-0124\LIDC-IDRI-0124_n6_k75_img.png,./lidc_patches_all\LIDC-IDRI-0124\LIDC-IDRI-0124_n6_k75_mask.png,10.3759765625,297,195,313,213,3,1,6,5,5,1,1,5,2
129,LIDC-IDRI-0124,7,81,./lidc_patches_all\LIDC-IDRI-0124\LIDC-IDRI-0124_n7_k81_img.png,./lidc_patches_all\LIDC-IDRI-0124\LIDC-IDRI-0124_n7_k81_mask.png,18.310546875,208,363,226,381,3,1,6,5,5,1,1,5,2
129,LIDC-IDRI-0124,8,82,./lidc_patches_all\LIDC-IDRI-0124\LIDC-IDRI-0124_n8_k82_img.png,./lidc_patches_all\LIDC-IDRI-0124\LIDC-IDRI-0124_n8_k82_mask.png,20.751953125,224,120,244,141,3,1,6,5,5,1,1,5,2
129,LIDC-IDRI-0124,9,85,./lidc_patches_all\LIDC-IDRI-0124\LIDC-IDRI-0124_n9_k85_img.png,./lidc_patches_all\LIDC-IDRI-0124\LIDC-IDRI-0124_n9_k85_mask.png,18.9208984375,266,161,284,180,2,1,6,4,5,1,1,5,3
129,LIDC-IDRI-0124,10,86,./lidc_patches_all\LIDC-IDRI-0124\LIDC-IDRI-0124_n10_k86_img.png,./lidc_patches_all\LIDC-IDRI-0124\LIDC-IDRI-0124_n10_k86_mask.png,9.1552734375,273,348,290,365,2,1,6,5,4,1,1,5,2
129,LIDC-IDRI-0124,11,86,./lidc_patches_all\LIDC-IDRI-0124\LIDC-IDRI-0124_n11_k86_img.png,./lidc_patches_all\LIDC-IDRI-0124\LIDC-IDRI-0124_n11_k86_mask.png,10.3759765625,301,334,319,352,3,1,6,5,5,1,1,5,3
129,LIDC-IDRI-0124,12,88,./lidc_patches_all\LIDC-IDRI-0124\LIDC-IDRI-0124_n12_k88_img.png,./lidc_patches_all\LIDC-IDRI-0124\LIDC-IDRI-0124_n12_k88_mask.png,30.517578125,310,171,332,193,3,1,6,4,4,2,1,5,3
129,LIDC-IDRI-0124,13,91,./lidc_patches_all\LIDC-IDRI-0124\LIDC-IDRI-0124_n13_k91_img.png,./lidc_patches_all\LIDC-IDRI-0124\LIDC-IDRI-0124_n13_k91_mask.png,19.53125,261,347,280,367,4,1,6,5,5,1,1,5,3
129,LIDC-IDRI-0124,14,90,./lidc_patches_all\LIDC-IDRI-0124\LIDC-IDRI-0124_n14_k90_img.png,./lidc_patches_all\LIDC-IDRI-0124\LIDC-IDRI-0124_n14_k90_mask.png,25.0244140625,318,311,339,330,4,1,6,5,5,1,1,5,2
