scan_id,patient_id,nodule_index,k_global,img_path,mask_path,area_mm2,nodule_bbox_xmin,nodule_bbox_ymin,nodule_bbox_xmax,nodule_bbox_ymax,ann_subtlety,ann_internalStructure,ann_calcification,ann_sphericity,ann_margin,ann_lobulation,ann_spiculation,ann_texture,ann_malignancy
60,LIDC-IDRI-0049,0,37,./lidc_patches_all\LIDC-IDRI-0049\LIDC-IDRI-0049_n0_k37_img.png,./lidc_patches_all\LIDC-IDRI-0049\LIDC-IDRI-0049_n0_k37_mask.png,33.64903700684099,334,111,362,136,4,1,6,4,4,2,2,5,2
60,LIDC-IDRI-0049,1,52,./lidc_patches_all\LIDC-IDRI-0049\LIDC-IDRI-0049_n1_k52_img.png,./lidc_patches_all\LIDC-IDRI-0049\LIDC-IDRI-0049_n1_k52_mask.png,18.693909448244998,131,345,165,369,2,1,6,4,2,1,1,3,2
60,LIDC-IDRI-0049,2,61,./lidc_patches_all\LIDC-IDRI-0049\LIDC-IDRI-0049_n2_k61_img.png,./lidc_patches_all\LIDC-IDRI-0049\LIDC-IDRI-0049_n2_k61_mask.png,21.186430708010995,117,309,138,331,2,1,6,4,2,1,1,3,2
60,LIDC-IDRI-0049,3,61,./lidc_patches_all\LIDC-IDRI-0049\LIDC-IDRI-0049_n3_k61_img.png,./lidc_patches_all\LIDC-IDRI-0049\LIDC-IDRI-0049_n3_k61_mask.png,13.293446718751998,264,417,282,436,2,1,6,4,3,1,1,3,3
60,LIDC-IDRI-0049,4,64,./lidc_patches_all\LIDC-IDRI-0049\LIDC-IDRI-0049_n4_k64_img.png,./lidc_patches_all\LIDC-IDRI-0049\LIDC-IDRI-0049_n4_k64_mask.png,17.032228608401,135,350,156,374,4,1,6,3,4,1,1,5,2
60,LIDC-IDRI-0049,5,65,./lidc_patches_all\LIDC-IDRI-0049\LIDC-IDRI-0049_n5_k65_img.png,./lidc_patches_all\LIDC-IDRI-0049\LIDC-IDRI-0049_n5_k65_mask.png,21.601850917971998,351,315,374,338,4,1,6,3,3,1,1,4,2
60,LIDC-IDRI-0049,6,67,./lidc_patches_all\LIDC-IDRI-0049\LIDC-IDRI-0049_n6_k67_img.png,./lidc_patches_all\LIDC-IDRI-0049\LIDC-IDRI-0049_n6_k67_mask.png,48.60416456543699,198,123,232,152,4,1,6,4,4,1,2,5,3
60,LIDC-IDRI-0049,7,67,./lidc_patches_all\LIDC-IDRI-0049\LIDC-IDRI-0049_n7_k67_img.png,./lidc_patches_all\LIDC-IDRI-0049\LIDC-IDRI-0049_n7_k67_mask.png,22.848111547854995,357,331,379,353,3,1,6,4,3,2,1,4,2
60,LIDC-IDRI-0049,8,67,./lidc_patches_all\LIDC-IDRI-0049\LIDC-IDRI-0049_n8_k67_img.png,./lidc_patches_all\LIDC-IDRI-0049\LIDC-IDRI-0049_n8_k67_mask.png,24.509792387698997,216,107,239,129,4,1,6,4,4,1,1,4,2
60,LIDC-IDRI-0049,9,68,./lidc_patches_all\LIDC-IDRI-0049\LIDC-IDRI-0049_n9_k68_img.png,./lidc_patches_all\LIDC-IDRI-0049\LIDC-IDRI-0049_n9_k68_mask.png,42.37286141602199,353,163,380,195,4,1,6,3,4,2,2,5,4
60,LIDC-IDRI-0049,10,69,./lidc_patches_all\LIDC-IDRI-0049\LIDC-IDRI-0049_n10_k69_img.png,./lidc_patches_all\LIDC-IDRI-0049\LIDC-IDRI-0049_n10_k69_mask.png,29.494834907230995,133,326,160,348,4,1,6,4,4,1,1,4,2
60,LIDC-IDRI-0049,11,69,./lidc_patches_all\LIDC-IDRI-0049\LIDC-IDRI-0049_n11_k69_img.png,./lidc_patches_all\LIDC-IDRI-0049\LIDC-IDRI-0049_n11_k69_mask.png,12.462606298829998,160,351,179,373,3,1,6,4,3,1,1,4,2
60,LIDC-IDRI-0049,12,70,./lidc_patches_all\LIDC-IDRI-0049\LIDC-IDRI-0049_n12_k70_img.png,./lidc_patches_all\LIDC-IDRI-0049\LIDC-IDRI-0049_n12_k70_mask.png,11.216345668946998,166,337,185,354,3,1,6,4,4,1,2,4,2
60,LIDC-IDRI-0049,13,71,./lidc_patches_all\LIDC-IDRI-0049\LIDC-IDRI-0049_n13_k71_img.png,./lidc_patches_all\LIDC-IDRI-0049\LIDC-IDRI-0049_n13_k71_mask.png,33.64903700684099,345,320,371,341,3,1,6,2,1,1,1,2,2
60,LIDC-IDRI-0049,14,72,./lidc_patches_all\LIDC-IDRI-0049\LIDC-IDRI-0049_n14_k72_img.png,./lidc_patches_all\LIDC-IDRI-0049\LIDC-IDRI-0049_n14_k72_mask.png,31.987356166996996,188,160,213,182,4,1,6,4,4,1,1,4,2
