scan_id,patient_id,nodule_index,k_global,img_path,mask_path,area_mm2,nodule_bbox_xmin,nodule_bbox_ymin,nodule_bbox_xmax,nodule_bbox_ymax,ann_subtlety,ann_internalStructure,ann_calcification,ann_sphericity,ann_margin,ann_lobulation,ann_spiculation,ann_texture,ann_malignancy
171,LIDC-IDRI-0170,0,62,./lidc_patches_all\LIDC-IDRI-0170\LIDC-IDRI-0170_n0_k62_img.png,./lidc_patches_all\LIDC-IDRI-0170\LIDC-IDRI-0170_n0_k62_mask.png,234.89253439460398,259,128,303,185,5,1,6,4,4,2,3,5,4
171,LIDC-IDRI-0170,0,63,./lidc_patches_all\LIDC-IDRI-0170\LIDC-IDRI-0170_n0_k63_img.png,./lidc_patches_all\LIDC-IDRI-0170\LIDC-IDRI-0170_n0_k63_mask.png,239.735679433668,259,128,303,185,5,1,6,4,4,2,3,5,4
171,LIDC-IDRI-0170,0,64,./lidc_patches_all\LIDC-IDRI-0170\LIDC-IDRI-0170_n0_k64_img.png,./lidc_patches_all\LIDC-IDRI-0170\LIDC-IDRI-0170_n0_k64_mask.png,255.072305390704,259,128,303,185,5,1,6,4,4,2,3,5,4
171,LIDC-IDRI-0170,0,65,./lidc_patches_all\LIDC-IDRI-0170\LIDC-IDRI-0170_n0_k65_img.png,./lidc_patches_all\LIDC-IDRI-0170\LIDC-IDRI-0170_n0_k65_mask.png,246.19320615242,259,128,303,185,5,1,6,4,4,2,3,5,4
171,LIDC-IDRI-0170,0,66,./lidc_patches_all\LIDC-IDRI-0170\LIDC-IDRI-0170_n0_k66_img.png,./lidc_patches_all\LIDC-IDRI-0170\LIDC-IDRI-0170_n0_k66_mask.png,239.735679433668,259,128,303,185,5,1,6,4,4,2,3,5,4
171,LIDC-IDRI-0170,1,115,./lidc_patches_all\LIDC-IDRI-0170\LIDC-IDRI-0170_n1_k115_img.png,./lidc_patches_all\LIDC-IDRI-0170\LIDC-IDRI-0170_n1_k115_mask.png,425.389572597788,192,180,244,224,5,1,6,3,4,3,3,4,4
171,LIDC-IDRI-0170,1,116,./lidc_patches_all\LIDC-IDRI-0170\LIDC-IDRI-0170_n1_k116_img.png,./lidc_patches_all\LIDC-IDRI-0170\LIDC-IDRI-0170_n1_k116_mask.png,419.73923671887997,192,180,244,224,5,1,6,3,4,3,3,4,4
171,LIDC-IDRI-0170,1,117,./lidc_patches_all\LIDC-IDRI-0170\LIDC-IDRI-0170_n1_k117_img.png,./lidc_patches_all\LIDC-IDRI-0170\LIDC-IDRI-0170_n1_k117_mask.png,493.193603144684,192,180,244,224,5,1,6,3,4,3,3,4,4
171,LIDC-IDRI-0170,1,118,./lidc_patches_all\LIDC-IDRI-0170\LIDC-IDRI-0170_n1_k118_img.png,./lidc_patches_all\LIDC-IDRI-0170\LIDC-IDRI-0170_n1_k118_mask.png,403.59541992199996,192,180,244,224,5,1,6,3,4,3,3,4,4
171,LIDC-IDRI-0170,1,119,./lidc_patches_all\LIDC-IDRI-0170\LIDC-IDRI-0170_n1_k119_img.png,./lidc_patches_all\LIDC-IDRI-0170\LIDC-IDRI-0170_n1_k119_mask.png,216.327145078192,192,180,244,224,5,1,6,3,4,3,3,4,4
