scan_id,patient_id,nodule_index,k_global,img_path,mask_path,area_mm2,nodule_bbox_xmin,nodule_bbox_ymin,nodule_bbox_xmax,nodule_bbox_ymax,ann_subtlety,ann_internalStructure,ann_calcification,ann_sphericity,ann_margin,ann_lobulation,ann_spiculation,ann_texture,ann_malignancy
24,LIDC-IDRI-0013,0,38,./lidc_patches_all\LIDC-IDRI-0013\LIDC-IDRI-0013_n0_k38_img.png,./lidc_patches_all\LIDC-IDRI-0013\LIDC-IDRI-0013_n0_k38_mask.png,20.256077050795994,282,302,304,323,2,1,6,5,5,1,1,5,2
24,LIDC-IDRI-0013,1,83,./lidc_patches_all\LIDC-IDRI-0013\LIDC-IDRI-0013_n1_k83_img.png,./lidc_patches_all\LIDC-IDRI-0013\LIDC-IDRI-0013_n1_k83_mask.png,51.15517763675599,169,163,196,193,4,1,6,4,4,2,1,5,3
24,LIDC-IDRI-0013,2,88,./lidc_patches_all\LIDC-IDRI-0013\LIDC-IDRI-0013_n2_k88_img.png,./lidc_patches_all\LIDC-IDRI-0013\LIDC-IDRI-0013_n2_k88_mask.png,52.528470996131986,125,167,164,222,5,1,6,3,4,3,3,5,5
24,LIDC-IDRI-0013,2,89,./lidc_patches_all\LIDC-IDRI-0013\LIDC-IDRI-0013_n2_k89_img.png,./lidc_patches_all\LIDC-IDRI-0013\LIDC-IDRI-0013_n2_k89_mask.png,106.77355869148398,125,167,164,222,5,1,6,3,4,3,3,5,5
24,LIDC-IDRI-0013,2,90,./lidc_patches_all\LIDC-IDRI-0013\LIDC-IDRI-0013_n2_k90_img.png,./lidc_patches_all\LIDC-IDRI-0013\LIDC-IDRI-0013_n2_k90_mask.png,139.38927597666398,125,167,164,222,5,1,6,3,4,3,3,5,5
24,LIDC-IDRI-0013,2,91,./lidc_patches_all\LIDC-IDRI-0013\LIDC-IDRI-0013_n2_k91_img.png,./lidc_patches_all\LIDC-IDRI-0013\LIDC-IDRI-0013_n2_k91_mask.png,133.55277919931598,125,167,164,222,5,1,6,3,4,3,3,5,5
24,LIDC-IDRI-0013,2,92,./lidc_patches_all\LIDC-IDRI-0013\LIDC-IDRI-0013_n2_k92_img.png,./lidc_patches_all\LIDC-IDRI-0013\LIDC-IDRI-0013_n2_k92_mask.png,118.78987558602398,125,167,164,222,5,1,6,3,4,3,3,5,5
