scan_id,patient_id,nodule_index,k_global,img_path,mask_path,area_mm2,nodule_bbox_xmin,nodule_bbox_ymin,nodule_bbox_xmax,nodule_bbox_ymax,ann_subtlety,ann_internalStructure,ann_calcification,ann_sphericity,ann_margin,ann_lobulation,ann_spiculation,ann_texture,ann_malignancy
264,LIDC-IDRI-0264,0,73,./lidc_patches_all\LIDC-IDRI-0264\LIDC-IDRI-0264_n0_k73_img.png,./lidc_patches_all\LIDC-IDRI-0264\LIDC-IDRI-0264_n0_k73_mask.png,43.011474609375,353,287,377,313,5,1,5,4,5,1,1,5,3
264,LIDC-IDRI-0264,1,122,./lidc_patches_all\LIDC-IDRI-0264\LIDC-IDRI-0264_n1_k122_img.png,./lidc_patches_all\LIDC-IDRI-0264\LIDC-IDRI-0264_n1_k122_mask.png,135.955810546875,344,151,380,186,5,1,5,4,4,2,2,5,3
264,LIDC-IDRI-0264,1,123,./lidc_patches_all\LIDC-IDRI-0264\LIDC-IDRI-0264_n1_k123_img.png,./lidc_patches_all\LIDC-IDRI-0264\LIDC-IDRI-0264_n1_k123_mask.png,147.821044921875,344,151,380,186,5,1,5,4,4,2,2,5,3
264,LIDC-IDRI-0264,1,124,./lidc_patches_all\LIDC-IDRI-0264\LIDC-IDRI-0264_n1_k124_img.png,./lidc_patches_all\LIDC-IDRI-0264\LIDC-IDRI-0264_n1_k124_mask.png,153.753662109375,344,151,380,186,5,1,5,4,4,2,2,5,3
264,LIDC-IDRI-0264,1,125,./lidc_patches_all\LIDC-IDRI-0264\LIDC-IDRI-0264_n1_k125_img.png,./lidc_patches_all\LIDC-IDRI-0264\LIDC-IDRI-0264_n1_k125_mask.png,152.2705078125,344,151,380,186,5,1,5,4,4,2,2,5,3
264,LIDC-IDRI-0264,1,126,./lidc_patches_all\LIDC-IDRI-0264\LIDC-IDRI-0264_n1_k126_img.png,./lidc_patches_all\LIDC-IDRI-0264\LIDC-IDRI-0264_n1_k126_mask.png,149.30419921875,344,151,380,186,5,1,5,4,4,2,2,5,3
