scan_id,patient_id,nodule_index,k_global,img_path,mask_path,area_mm2,nodule_bbox_xmin,nodule_bbox_ymin,nodule_bbox_xmax,nodule_bbox_ymax,ann_subtlety,ann_internalStructure,ann_calcification,ann_sphericity,ann_margin,ann_lobulation,ann_spiculation,ann_texture,ann_malignancy
38,LIDC-IDRI-0027,0,77,./lidc_patches_all\LIDC-IDRI-0027\LIDC-IDRI-0027_n0_k77_img.png,./lidc_patches_all\LIDC-IDRI-0027\LIDC-IDRI-0027_n0_k77_mask.png,55.389404296875,271,346,294,370,4,1,6,5,5,1,1,5,3
38,LIDC-IDRI-0027,1,83,./lidc_patches_all\LIDC-IDRI-0027\LIDC-IDRI-0027_n1_k83_img.png,./lidc_patches_all\LIDC-IDRI-0027\LIDC-IDRI-0027_n1_k83_mask.png,33.233642578125,355,280,376,303,3,1,6,3,4,1,1,5,3
38,LIDC-IDRI-0027,2,83,./lidc_patches_all\LIDC-IDRI-0027\LIDC-IDRI-0027_n2_k83_img.png,./lidc_patches_all\LIDC-IDRI-0027\LIDC-IDRI-0027_n2_k83_mask.png,25.10986328125,194,103,214,122,2,1,6,2,4,2,1,4,2
38,LIDC-IDRI-0027,3,91,./lidc_patches_all\LIDC-IDRI-0027\LIDC-IDRI-0027_n3_k91_img.png,./lidc_patches_all\LIDC-IDRI-0027\LIDC-IDRI-0027_n3_k91_mask.png,28.06396484375,253,319,274,341,3,1,6,5,5,1,1,5,2
38,LIDC-IDRI-0027,4,108,./lidc_patches_all\LIDC-IDRI-0027\LIDC-IDRI-0027_n4_k108_img.png,./lidc_patches_all\LIDC-IDRI-0027\LIDC-IDRI-0027_n4_k108_mask.png,40.618896484375,227,287,249,308,2,1,6,4,5,2,2,5,3
38,LIDC-IDRI-0027,5,112,./lidc_patches_all\LIDC-IDRI-0027\LIDC-IDRI-0027_n5_k112_img.png,./lidc_patches_all\LIDC-IDRI-0027\LIDC-IDRI-0027_n5_k112_mask.png,53.912353515625,325,311,346,334,2,1,6,2,4,1,1,4,3
38,LIDC-IDRI-0027,6,118,./lidc_patches_all\LIDC-IDRI-0027\LIDC-IDRI-0027_n6_k118_img.png,./lidc_patches_all\LIDC-IDRI-0027\LIDC-IDRI-0027_n6_k118_mask.png,11.81640625,285,150,301,168,2,1,6,2,3,1,1,5,2
