scan_id,patient_id,nodule_index,k_global,img_path,mask_path,area_mm2,nodule_bbox_xmin,nodule_bbox_ymin,nodule_bbox_xmax,nodule_bbox_ymax,ann_subtlety,ann_internalStructure,ann_calcification,ann_sphericity,ann_margin,ann_lobulation,ann_spiculation,ann_texture,ann_malignancy
183,LIDC-IDRI-0182,0,55,./lidc_patches_all\LIDC-IDRI-0182\LIDC-IDRI-0182_n0_k55_img.png,./lidc_patches_all\LIDC-IDRI-0182\LIDC-IDRI-0182_n0_k55_mask.png,23.236083984375,357,151,376,171,3,1,6,4,5,1,1,5,2
183,LIDC-IDRI-0182,1,57,./lidc_patches_all\LIDC-IDRI-0182\LIDC-IDRI-0182_n1_k57_img.png,./lidc_patches_all\LIDC-IDRI-0182\LIDC-IDRI-0182_n1_k57_mask.png,39.55078125,281,126,302,152,2,1,6,4,5,1,1,5,2
183,LIDC-IDRI-0182,2,76,./lidc_patches_all\LIDC-IDRI-0182\LIDC-IDRI-0182_n2_k76_img.png,./lidc_patches_all\LIDC-IDRI-0182\LIDC-IDRI-0182_n2_k76_mask.png,69.2138671875,275,340,305,371,4,1,6,4,4,2,2,5,2
183,LIDC-IDRI-0182,2,77,./lidc_patches_all\LIDC-IDRI-0182\LIDC-IDRI-0182_n2_k77_img.png,./lidc_patches_all\LIDC-IDRI-0182\LIDC-IDRI-0182_n2_k77_mask.png,78.11279296875,275,340,305,371,4,1,6,4,4,2,2,5,2
