scan_id,patient_id,nodule_index,k_global,img_path,mask_path,area_mm2,nodule_bbox_xmin,nodule_bbox_ymin,nodule_bbox_xmax,nodule_bbox_ymax,ann_subtlety,ann_internalStructure,ann_calcification,ann_sphericity,ann_margin,ann_lobulation,ann_spiculation,ann_texture,ann_malignancy
99,LIDC-IDRI-0091,0,32,./lidc_patches_all\LIDC-IDRI-0091\LIDC-IDRI-0091_n0_k32_img.png,./lidc_patches_all\LIDC-IDRI-0091\LIDC-IDRI-0091_n0_k32_mask.png,15.509033203125,326,296,343,314,2,1,6,2,4,2,2,5,3
99,LIDC-IDRI-0091,1,59,./lidc_patches_all\LIDC-IDRI-0091\LIDC-IDRI-0091_n1_k59_img.png,./lidc_patches_all\LIDC-IDRI-0091\LIDC-IDRI-0091_n1_k59_mask.png,31.01806640625,215,382,240,404,3,1,6,4,4,2,1,5,3
99,LIDC-IDRI-0091,2,101,./lidc_patches_all\LIDC-IDRI-0091\LIDC-IDRI-0091_n2_k101_img.png,./lidc_patches_all\LIDC-IDRI-0091\LIDC-IDRI-0091_n2_k101_mask.png,38.4033203125,196,169,220,191,4,1,6,4,4,2,2,5,3
99,LIDC-IDRI-0091,3,153,./lidc_patches_all\LIDC-IDRI-0091\LIDC-IDRI-0091_n3_k153_img.png,./lidc_patches_all\LIDC-IDRI-0091\LIDC-IDRI-0091_n3_k153_mask.png,36.187744140625,309,179,336,210,4,1,6,4,4,2,2,5,3
99,LIDC-IDRI-0091,4,159,./lidc_patches_all\LIDC-IDRI-0091\LIDC-IDRI-0091_n4_k159_img.png,./lidc_patches_all\LIDC-IDRI-0091\LIDC-IDRI-0091_n4_k159_mask.png,67.9443359375,262,164,285,190,4,2,6,4,4,2,1,4,3
99,LIDC-IDRI-0091,4,160,./lidc_patches_all\LIDC-IDRI-0091\LIDC-IDRI-0091_n4_k160_img.png,./lidc_patches_all\LIDC-IDRI-0091\LIDC-IDRI-0091_n4_k160_mask.png,62.774658203125,262,164,285,190,4,2,6,4,4,2,1,4,3
99,LIDC-IDRI-0091,4,161,./lidc_patches_all\LIDC-IDRI-0091\LIDC-IDRI-0091_n4_k161_img.png,./lidc_patches_all\LIDC-IDRI-0091\LIDC-IDRI-0091_n4_k161_mask.png,62.0361328125,262,164,285,190,4,2,6,4,4,2,1,4,3
