scan_id,patient_id,nodule_index,k_global,img_path,mask_path,area_mm2,nodule_bbox_xmin,nodule_bbox_ymin,nodule_bbox_xmax,nodule_bbox_ymax,ann_subtlety,ann_internalStructure,ann_calcification,ann_sphericity,ann_margin,ann_lobulation,ann_spiculation,ann_texture,ann_malignancy
62,LIDC-IDRI-0051,0,41,./lidc_patches_all\LIDC-IDRI-0051\LIDC-IDRI-0051_n0_k41_img.png,./lidc_patches_all\LIDC-IDRI-0051\LIDC-IDRI-0051_n0_k41_mask.png,25.48828125,282,93,301,112,2,1,6,3,3,1,1,4,2
62,LIDC-IDRI-0051,1,77,./lidc_patches_all\LIDC-IDRI-0051\LIDC-IDRI-0051_n1_k77_img.png,./lidc_patches_all\LIDC-IDRI-0051\LIDC-IDRI-0051_n1_k77_mask.png,66.796875,179,150,206,178,4,1,6,4,5,2,1,5,4
62,LIDC-IDRI-0051,1,78,./lidc_patches_all\LIDC-IDRI-0051\LIDC-IDRI-0051_n1_k78_img.png,./lidc_patches_all\LIDC-IDRI-0051\LIDC-IDRI-0051_n1_k78_mask.png,110.7421875,179,150,206,178,4,1,6,4,5,2,1,5,4
62,LIDC-IDRI-0051,1,79,./lidc_patches_all\LIDC-IDRI-0051\LIDC-IDRI-0051_n1_k79_img.png,./lidc_patches_all\LIDC-IDRI-0051\LIDC-IDRI-0051_n1_k79_mask.png,138.8671875,179,150,206,178,4,1,6,4,5,2,1,5,4
62,LIDC-IDRI-0051,1,80,./lidc_patches_all\LIDC-IDRI-0051\LIDC-IDRI-0051_n1_k80_img.png,./lidc_patches_all\LIDC-IDRI-0051\LIDC-IDRI-0051_n1_k80_mask.png,107.2265625,179,150,206,178,4,1,6,4,5,2,1,5,4
62,LIDC-IDRI-0051,1,81,./lidc_patches_all\LIDC-IDRI-0051\LIDC-IDRI-0051_n1_k81_img.png,./lidc_patches_all\LIDC-IDRI-0051\LIDC-IDRI-0051_n1_k81_mask.png,67.67578125,179,150,206,178,4,1,6,4,5,2,1,5,4
62,LIDC-IDRI-0051,2,92,./lidc_patches_all\LIDC-IDRI-0051\LIDC-IDRI-0051_n2_k92_img.png,./lidc_patches_all\LIDC-IDRI-0051\LIDC-IDRI-0051_n2_k92_mask.png,50.9765625,229,326,257,352,4,1,6,4,4,1,2,5,4
62,LIDC-IDRI-0051,2,93,./lidc_patches_all\LIDC-IDRI-0051\LIDC-IDRI-0051_n2_k93_img.png,./lidc_patches_all\LIDC-IDRI-0051\LIDC-IDRI-0051_n2_k93_mask.png,72.94921875,229,326,257,352,4,1,6,4,4,1,2,5,4
62,LIDC-IDRI-0051,2,94,./lidc_patches_all\LIDC-IDRI-0051\LIDC-IDRI-0051_n2_k94_img.png,./lidc_patches_all\LIDC-IDRI-0051\LIDC-IDRI-0051_n2_k94_mask.png,125.68359375,229,326,257,352,4,1,6,4,4,1,2,5,4
62,LIDC-IDRI-0051,2,95,./lidc_patches_all\LIDC-IDRI-0051\LIDC-IDRI-0051_n2_k95_img.png,./lidc_patches_all\LIDC-IDRI-0051\LIDC-IDRI-0051_n2_k95_mask.png,108.984375,229,326,257,352,4,1,6,4,4,1,2,5,4
62,LIDC-IDRI-0051,2,96,./lidc_patches_all\LIDC-IDRI-0051\LIDC-IDRI-0051_n2_k96_img.png,./lidc_patches_all\LIDC-IDRI-0051\LIDC-IDRI-0051_n2_k96_mask.png,87.890625,229,326,257,352,4,1,6,4,4,1,2,5,4
