scan_id,patient_id,nodule_index,k_global,img_path,mask_path,area_mm2,nodule_bbox_xmin,nodule_bbox_ymin,nodule_bbox_xmax,nodule_bbox_ymax,ann_subtlety,ann_internalStructure,ann_calcification,ann_sphericity,ann_margin,ann_lobulation,ann_spiculation,ann_texture,ann_malignancy
431,LIDC-IDRI-0427,0,135,./lidc_patches_all\LIDC-IDRI-0427\LIDC-IDRI-0427_n0_k135_img.png,./lidc_patches_all\LIDC-IDRI-0427\LIDC-IDRI-0427_n0_k135_mask.png,45.71997126955199,148,127,171,151,5,1,3,4,5,2,1,5,1
431,LIDC-IDRI-0427,1,145,./lidc_patches_all\LIDC-IDRI-0427\LIDC-IDRI-0427_n1_k145_img.png,./lidc_patches_all\LIDC-IDRI-0427\LIDC-IDRI-0427_n1_k145_mask.png,18.177819902352,93,122,112,143,4,1,4,4,5,1,1,5,2
431,LIDC-IDRI-0427,2,223,./lidc_patches_all\LIDC-IDRI-0427\LIDC-IDRI-0427_n2_k223_img.png,./lidc_patches_all\LIDC-IDRI-0427\LIDC-IDRI-0427_n2_k223_mask.png,38.008168886735994,241,120,265,143,3,1,6,3,4,1,1,5,2
431,LIDC-IDRI-0427,3,354,./lidc_patches_all\LIDC-IDRI-0427\LIDC-IDRI-0427_n3_k354_img.png,./lidc_patches_all\LIDC-IDRI-0427\LIDC-IDRI-0427_n3_k354_mask.png,13.220232656255998,167,278,188,297,5,1,3,3,5,2,1,5,1
