scan_id,patient_id,nodule_index,k_global,img_path,mask_path,area_mm2,nodule_bbox_xmin,nodule_bbox_ymin,nodule_bbox_xmax,nodule_bbox_ymax,ann_subtlety,ann_internalStructure,ann_calcification,ann_sphericity,ann_margin,ann_lobulation,ann_spiculation,ann_texture,ann_malignancy
30,LIDC-IDRI-0019,0,264,./lidc_patches_all\LIDC-IDRI-0019\LIDC-IDRI-0019_n0_k264_img.png,./lidc_patches_all\LIDC-IDRI-0019\LIDC-IDRI-0019_n0_k264_mask.png,378.68976707674204,229,156,297,206,5,1,6,4,4,2,4,4,3
30,LIDC-IDRI-0019,0,265,./lidc_patches_all\LIDC-IDRI-0019\LIDC-IDRI-0019_n0_k265_img.png,./lidc_patches_all\LIDC-IDRI-0019\LIDC-IDRI-0019_n0_k265_mask.png,402.11387638045807,229,156,297,206,5,1,6,4,4,2,4,4,3
30,LIDC-IDRI-0019,0,266,./lidc_patches_all\LIDC-IDRI-0019\LIDC-IDRI-0019_n0_k266_img.png,./lidc_patches_all\LIDC-IDRI-0019\LIDC-IDRI-0019_n0_k266_mask.png,402.7645460833391,229,156,297,206,5,1,6,4,4,2,4,4,3
30,LIDC-IDRI-0019,0,267,./lidc_patches_all\LIDC-IDRI-0019\LIDC-IDRI-0019_n0_k267_img.png,./lidc_patches_all\LIDC-IDRI-0019\LIDC-IDRI-0019_n0_k267_mask.png,364.3750336133601,229,156,297,206,5,1,6,4,4,2,4,4,3
30,LIDC-IDRI-0019,0,268,./lidc_patches_all\LIDC-IDRI-0019\LIDC-IDRI-0019_n0_k268_img.png,./lidc_patches_all\LIDC-IDRI-0019\LIDC-IDRI-0019_n0_k268_mask.png,317.5268150059281,229,156,297,206,5,1,6,4,4,2,4,4,3
