scan_id,patient_id,nodule_index,k_global,img_path,mask_path,area_mm2,nodule_bbox_xmin,nodule_bbox_ymin,nodule_bbox_xmax,nodule_bbox_ymax,ann_subtlety,ann_internalStructure,ann_calcification,ann_sphericity,ann_margin,ann_lobulation,ann_spiculation,ann_texture,ann_malignancy
489,LIDC-IDRI-0484,0,34,./lidc_patches_all\LIDC-IDRI-0484\LIDC-IDRI-0484_n0_k34_img.png,./lidc_patches_all\LIDC-IDRI-0484\LIDC-IDRI-0484_n0_k34_mask.png,112.35254669189453,361,122,400,171,5,2,6,5,4,4,4,5,3
489,LIDC-IDRI-0484,0,35,./lidc_patches_all\LIDC-IDRI-0484\LIDC-IDRI-0484_n0_k35_img.png,./lidc_patches_all\LIDC-IDRI-0484\LIDC-IDRI-0484_n0_k35_mask.png,163.55746841430664,361,122,400,171,5,2,6,5,4,4,4,5,3
489,LIDC-IDRI-0484,0,36,./lidc_patches_all\LIDC-IDRI-0484\LIDC-IDRI-0484_n0_k36_img.png,./lidc_patches_all\LIDC-IDRI-0484\LIDC-IDRI-0484_n0_k36_mask.png,194.87698364257812,361,122,400,171,5,2,6,5,4,4,4,5,3
489,LIDC-IDRI-0484,0,37,./lidc_patches_all\LIDC-IDRI-0484\LIDC-IDRI-0484_n0_k37_img.png,./lidc_patches_all\LIDC-IDRI-0484\LIDC-IDRI-0484_n0_k37_mask.png,180.9571990966797,361,122,400,171,5,2,6,5,4,4,4,5,3
489,LIDC-IDRI-0484,0,38,./lidc_patches_all\LIDC-IDRI-0484\LIDC-IDRI-0484_n0_k38_img.png,./lidc_patches_all\LIDC-IDRI-0484\LIDC-IDRI-0484_n0_k38_mask.png,86.99865341186523,361,122,400,171,5,2,6,5,4,4,4,5,3
489,LIDC-IDRI-0484,1,36,./lidc_patches_all\LIDC-IDRI-0484\LIDC-IDRI-0484_n1_k36_img.png,./lidc_patches_all\LIDC-IDRI-0484\LIDC-IDRI-0484_n1_k36_mask.png,51.702056884765625,261,112,284,135,2,1,6,5,3,5,5,5,4
490,LIDC-IDRI-0484,0,39,./lidc_patches_all\LIDC-IDRI-0484\LIDC-IDRI-0484_n0_k39_img.png,./lidc_patches_all\LIDC-IDRI-0484\LIDC-IDRI-0484_n0_k39_mask.png,127.87432861328125,355,130,392,168,5,1,6,4,4,1,1,4,4
490,LIDC-IDRI-0484,0,40,./lidc_patches_all\LIDC-IDRI-0484\LIDC-IDRI-0484_n0_k40_img.png,./lidc_patches_all\LIDC-IDRI-0484\LIDC-IDRI-0484_n0_k40_mask.png,158.7056884765625,355,130,392,168,5,1,6,4,4,1,1,4,4
490,LIDC-IDRI-0484,0,41,./lidc_patches_all\LIDC-IDRI-0484\LIDC-IDRI-0484_n0_k41_img.png,./lidc_patches_all\LIDC-IDRI-0484\LIDC-IDRI-0484_n0_k41_mask.png,183.47186279296875,355,130,392,168,5,1,6,4,4,1,1,4,4
490,LIDC-IDRI-0484,0,42,./lidc_patches_all\LIDC-IDRI-0484\LIDC-IDRI-0484_n0_k42_img.png,./lidc_patches_all\LIDC-IDRI-0484\LIDC-IDRI-0484_n0_k42_mask.png,144.5535888671875,355,130,392,168,5,1,6,4,4,1,1,4,4
490,LIDC-IDRI-0484,1,48,./lidc_patches_all\LIDC-IDRI-0484\LIDC-IDRI-0484_n1_k48_img.png,./lidc_patches_all\LIDC-IDRI-0484\LIDC-IDRI-0484_n1_k48_mask.png,7.58148193359375,371,160,388,177,5,1,6,5,5,1,1,5,3
