scan_id,patient_id,nodule_index,k_global,img_path,mask_path,area_mm2,nodule_bbox_xmin,nodule_bbox_ymin,nodule_bbox_xmax,nodule_bbox_ymax,ann_subtlety,ann_internalStructure,ann_calcification,ann_sphericity,ann_margin,ann_lobulation,ann_spiculation,ann_texture,ann_malignancy
499,LIDC-IDRI-0493,0,93,./lidc_patches_all\LIDC-IDRI-0493\LIDC-IDRI-0493_n0_k93_img.png,./lidc_patches_all\LIDC-IDRI-0493\LIDC-IDRI-0493_n0_k93_mask.png,12.702963574227997,360,329,380,350,4,1,4,4,5,1,1,5,2
499,LIDC-IDRI-0493,1,130,./lidc_patches_all\LIDC-IDRI-0493\LIDC-IDRI-0493_n1_k130_img.png,./lidc_patches_all\LIDC-IDRI-0493\LIDC-IDRI-0493_n1_k130_mask.png,375.59573378933595,264,196,330,256,5,1,6,4,4,2,2,5,4
499,LIDC-IDRI-0493,1,131,./lidc_patches_all\LIDC-IDRI-0493\LIDC-IDRI-0493_n1_k131_img.png,./lidc_patches_all\LIDC-IDRI-0493\LIDC-IDRI-0493_n1_k131_mask.png,395.1651641604439,264,196,330,256,5,1,6,4,4,2,2,5,4
499,LIDC-IDRI-0493,1,132,./lidc_patches_all\LIDC-IDRI-0493\LIDC-IDRI-0493_n1_k132_img.png,./lidc_patches_all\LIDC-IDRI-0493\LIDC-IDRI-0493_n1_k132_mask.png,412.33133115264394,264,196,330,256,5,1,6,4,4,2,2,5,4
499,LIDC-IDRI-0493,1,133,./lidc_patches_all\LIDC-IDRI-0493\LIDC-IDRI-0493_n1_k133_img.png,./lidc_patches_all\LIDC-IDRI-0493\LIDC-IDRI-0493_n1_k133_mask.png,392.0752541018479,264,196,330,256,5,1,6,4,4,2,2,5,4
499,LIDC-IDRI-0493,1,134,./lidc_patches_all\LIDC-IDRI-0493\LIDC-IDRI-0493_n1_k134_img.png,./lidc_patches_all\LIDC-IDRI-0493\LIDC-IDRI-0493_n1_k134_mask.png,378.68564384793194,264,196,330,256,5,1,6,4,4,2,2,5,4
