scan_id,patient_id,nodule_index,k_global,img_path,mask_path,area_mm2,nodule_bbox_xmin,nodule_bbox_ymin,nodule_bbox_xmax,nodule_bbox_ymax,ann_subtlety,ann_internalStructure,ann_calcification,ann_sphericity,ann_margin,ann_lobulation,ann_spiculation,ann_texture,ann_malignancy
111,LIDC-IDRI-0104,0,36,./lidc_patches_all\LIDC-IDRI-0104\LIDC-IDRI-0104_n0_k36_img.png,./lidc_patches_all\LIDC-IDRI-0104\LIDC-IDRI-0104_n0_k36_mask.png,121.51764800000001,205,133,242,168,4,1,6,5,4,1,2,5,4
111,LIDC-IDRI-0104,0,37,./lidc_patches_all\LIDC-IDRI-0104\LIDC-IDRI-0104_n0_k37_img.png,./lidc_patches_all\LIDC-IDRI-0104\LIDC-IDRI-0104_n0_k37_mask.png,150.963904,205,133,242,168,4,1,6,5,4,1,2,5,4
111,LIDC-IDRI-0104,0,38,./lidc_patches_all\LIDC-IDRI-0104\LIDC-IDRI-0104_n0_k38_img.png,./lidc_patches_all\LIDC-IDRI-0104\LIDC-IDRI-0104_n0_k38_mask.png,144.74286400000003,205,133,242,168,4,1,6,5,4,1,2,5,4
111,LIDC-IDRI-0104,0,39,./lidc_patches_all\LIDC-IDRI-0104\LIDC-IDRI-0104_n0_k39_img.png,./lidc_patches_all\LIDC-IDRI-0104\LIDC-IDRI-0104_n0_k39_mask.png,113.22292800000001,205,133,242,168,4,1,6,5,4,1,2,5,4
