scan_id,patient_id,nodule_index,k_global,img_path,mask_path,area_mm2,nodule_bbox_xmin,nodule_bbox_ymin,nodule_bbox_xmax,nodule_bbox_ymax,ann_subtlety,ann_internalStructure,ann_calcification,ann_sphericity,ann_margin,ann_lobulation,ann_spiculation,ann_texture,ann_malignancy
300,LIDC-IDRI-0300,0,185,./lidc_patches_all\LIDC-IDRI-0300\LIDC-IDRI-0300_n0_k185_img.png,./lidc_patches_all\LIDC-IDRI-0300\LIDC-IDRI-0300_n0_k185_mask.png,13.2293701171875,145,72,164,90,3,1,6,4,5,1,1,5,2
300,LIDC-IDRI-0300,1,202,./lidc_patches_all\LIDC-IDRI-0300\LIDC-IDRI-0300_n1_k202_img.png,./lidc_patches_all\LIDC-IDRI-0300\LIDC-IDRI-0300_n1_k202_mask.png,50.71258544921875,99,176,127,206,4,1,5,4,5,2,1,5,2
300,LIDC-IDRI-0300,2,208,./lidc_patches_all\LIDC-IDRI-0300\LIDC-IDRI-0300_n2_k208_img.png,./lidc_patches_all\LIDC-IDRI-0300\LIDC-IDRI-0300_n2_k208_mask.png,75.848388671875,218,92,255,121,5,1,5,4,5,2,1,5,3
300,LIDC-IDRI-0300,2,209,./lidc_patches_all\LIDC-IDRI-0300\LIDC-IDRI-0300_n2_k209_img.png,./lidc_patches_all\LIDC-IDRI-0300\LIDC-IDRI-0300_n2_k209_mask.png,85.10894775390625,218,92,255,121,5,1,5,4,5,2,1,5,3
300,LIDC-IDRI-0300,2,210,./lidc_patches_all\LIDC-IDRI-0300\LIDC-IDRI-0300_n2_k210_img.png,./lidc_patches_all\LIDC-IDRI-0300\LIDC-IDRI-0300_n2_k210_mask.png,94.3695068359375,218,92,255,121,5,1,5,4,5,2,1,5,3
300,LIDC-IDRI-0300,2,211,./lidc_patches_all\LIDC-IDRI-0300\LIDC-IDRI-0300_n2_k211_img.png,./lidc_patches_all\LIDC-IDRI-0300\LIDC-IDRI-0300_n2_k211_mask.png,92.6055908203125,218,92,255,121,5,1,5,4,5,2,1,5,3
300,LIDC-IDRI-0300,2,212,./lidc_patches_all\LIDC-IDRI-0300\LIDC-IDRI-0300_n2_k212_img.png,./lidc_patches_all\LIDC-IDRI-0300\LIDC-IDRI-0300_n2_k212_mask.png,92.16461181640625,218,92,255,121,5,1,5,4,5,2,1,5,3
300,LIDC-IDRI-0300,3,213,./lidc_patches_all\LIDC-IDRI-0300\LIDC-IDRI-0300_n3_k213_img.png,./lidc_patches_all\LIDC-IDRI-0300\LIDC-IDRI-0300_n3_k213_mask.png,66.58782958984375,108,351,142,379,5,1,6,4,5,1,2,5,3
300,LIDC-IDRI-0300,3,214,./lidc_patches_all\LIDC-IDRI-0300\LIDC-IDRI-0300_n3_k214_img.png,./lidc_patches_all\LIDC-IDRI-0300\LIDC-IDRI-0300_n3_k214_mask.png,65.264892578125,108,351,142,379,5,1,6,4,5,1,2,5,3
300,LIDC-IDRI-0300,3,215,./lidc_patches_all\LIDC-IDRI-0300\LIDC-IDRI-0300_n3_k215_img.png,./lidc_patches_all\LIDC-IDRI-0300\LIDC-IDRI-0300_n3_k215_mask.png,72.76153564453125,108,351,142,379,5,1,6,4,5,1,2,5,3
300,LIDC-IDRI-0300,3,216,./lidc_patches_all\LIDC-IDRI-0300\LIDC-IDRI-0300_n3_k216_img.png,./lidc_patches_all\LIDC-IDRI-0300\LIDC-IDRI-0300_n3_k216_mask.png,56.88629150390625,108,351,142,379,5,1,6,4,5,1,2,5,3
