scan_id,patient_id,nodule_index,k_global,img_path,mask_path,area_mm2,nodule_bbox_xmin,nodule_bbox_ymin,nodule_bbox_xmax,nodule_bbox_ymax,ann_subtlety,ann_internalStructure,ann_calcification,ann_sphericity,ann_margin,ann_lobulation,ann_spiculation,ann_texture,ann_malignancy
34,LIDC-IDRI-0023,0,116,./lidc_patches_all\LIDC-IDRI-0023\LIDC-IDRI-0023_n0_k116_img.png,./lidc_patches_all\LIDC-IDRI-0023\LIDC-IDRI-0023_n0_k116_mask.png,247.32851927745597,199,285,267,346,5,1,6,4,3,3,5,5,5
34,LIDC-IDRI-0023,0,117,./lidc_patches_all\LIDC-IDRI-0023\LIDC-IDRI-0023_n0_k117_img.png,./lidc_patches_all\LIDC-IDRI-0023\LIDC-IDRI-0023_n0_k117_mask.png,337.115932734528,199,285,267,346,5,1,6,4,3,3,5,5,5
34,LIDC-IDRI-0023,0,118,./lidc_patches_all\LIDC-IDRI-0023\LIDC-IDRI-0023_n0_k118_img.png,./lidc_patches_all\LIDC-IDRI-0023\LIDC-IDRI-0023_n0_k118_mask.png,403.21709601580795,199,285,267,346,5,1,6,4,3,3,5,5,5
34,LIDC-IDRI-0023,0,119,./lidc_patches_all\LIDC-IDRI-0023\LIDC-IDRI-0023_n0_k119_img.png,./lidc_patches_all\LIDC-IDRI-0023\LIDC-IDRI-0023_n0_k119_mask.png,339.870147871248,199,285,267,346,5,1,6,4,3,3,5,5,5
34,LIDC-IDRI-0023,0,120,./lidc_patches_all\LIDC-IDRI-0023\LIDC-IDRI-0023_n0_k120_img.png,./lidc_patches_all\LIDC-IDRI-0023\LIDC-IDRI-0023_n0_k120_mask.png,336.01424667983997,199,285,267,346,5,1,6,4,3,3,5,5,5
