scan_id,patient_id,nodule_index,k_global,img_path,mask_path,area_mm2,nodule_bbox_xmin,nodule_bbox_ymin,nodule_bbox_xmax,nodule_bbox_ymax,ann_subtlety,ann_internalStructure,ann_calcification,ann_sphericity,ann_margin,ann_lobulation,ann_spiculation,ann_texture,ann_malignancy
117,LIDC-IDRI-0111,0,69,./lidc_patches_all\LIDC-IDRI-0111\LIDC-IDRI-0111_n0_k69_img.png,./lidc_patches_all\LIDC-IDRI-0111\LIDC-IDRI-0111_n0_k69_mask.png,21.258544921875,344,222,366,242,3,1,6,4,4,2,1,5,3
117,LIDC-IDRI-0111,1,71,./lidc_patches_all\LIDC-IDRI-0111\LIDC-IDRI-0111_n1_k71_img.png,./lidc_patches_all\LIDC-IDRI-0111\LIDC-IDRI-0111_n1_k71_mask.png,227.4169921875,310,207,364,250,5,1,6,4,4,2,4,5,4
117,LIDC-IDRI-0111,1,72,./lidc_patches_all\LIDC-IDRI-0111\LIDC-IDRI-0111_n1_k72_img.png,./lidc_patches_all\LIDC-IDRI-0111\LIDC-IDRI-0111_n1_k72_mask.png,250.653076171875,310,207,364,250,5,1,6,4,4,2,4,5,4
117,LIDC-IDRI-0111,1,73,./lidc_patches_all\LIDC-IDRI-0111\LIDC-IDRI-0111_n1_k73_img.png,./lidc_patches_all\LIDC-IDRI-0111\LIDC-IDRI-0111_n1_k73_mask.png,273.88916015625,310,207,364,250,5,1,6,4,4,2,4,5,4
117,LIDC-IDRI-0111,1,74,./lidc_patches_all\LIDC-IDRI-0111\LIDC-IDRI-0111_n1_k74_img.png,./lidc_patches_all\LIDC-IDRI-0111\LIDC-IDRI-0111_n1_k74_mask.png,234.832763671875,310,207,364,250,5,1,6,4,4,2,4,5,4
117,LIDC-IDRI-0111,1,75,./lidc_patches_all\LIDC-IDRI-0111\LIDC-IDRI-0111_n1_k75_img.png,./lidc_patches_all\LIDC-IDRI-0111\LIDC-IDRI-0111_n1_k75_mask.png,188.360595703125,310,207,364,250,5,1,6,4,4,2,4,5,4
117,LIDC-IDRI-0111,2,86,./lidc_patches_all\LIDC-IDRI-0111\LIDC-IDRI-0111_n2_k86_img.png,./lidc_patches_all\LIDC-IDRI-0111\LIDC-IDRI-0111_n2_k86_mask.png,161.663818359375,306,161,358,205,5,1,6,4,4,3,4,5,5
117,LIDC-IDRI-0111,2,87,./lidc_patches_all\LIDC-IDRI-0111\LIDC-IDRI-0111_n2_k87_img.png,./lidc_patches_all\LIDC-IDRI-0111\LIDC-IDRI-0111_n2_k87_mask.png,171.05712890625,306,161,358,205,5,1,6,4,4,3,4,5,5
117,LIDC-IDRI-0111,2,88,./lidc_patches_all\LIDC-IDRI-0111\LIDC-IDRI-0111_n2_k88_img.png,./lidc_patches_all\LIDC-IDRI-0111\LIDC-IDRI-0111_n2_k88_mask.png,136.4501953125,306,161,358,205,5,1,6,4,4,3,4,5,5
117,LIDC-IDRI-0111,2,89,./lidc_patches_all\LIDC-IDRI-0111\LIDC-IDRI-0111_n2_k89_img.png,./lidc_patches_all\LIDC-IDRI-0111\LIDC-IDRI-0111_n2_k89_mask.png,82.562255859375,306,161,358,205,5,1,6,4,4,3,4,5,5
117,LIDC-IDRI-0111,3,94,./lidc_patches_all\LIDC-IDRI-0111\LIDC-IDRI-0111_n3_k94_img.png,./lidc_patches_all\LIDC-IDRI-0111\LIDC-IDRI-0111_n3_k94_mask.png,68.22509765625,358,174,386,200,2,1,6,4,2,1,1,1,3
117,LIDC-IDRI-0111,3,95,./lidc_patches_all\LIDC-IDRI-0111\LIDC-IDRI-0111_n3_k95_img.png,./lidc_patches_all\LIDC-IDRI-0111\LIDC-IDRI-0111_n3_k95_mask.png,50.42724609375,358,174,386,200,2,1,6,4,2,1,1,1,3
117,LIDC-IDRI-0111,4,113,./lidc_patches_all\LIDC-IDRI-0111\LIDC-IDRI-0111_n4_k113_img.png,./lidc_patches_all\LIDC-IDRI-0111\LIDC-IDRI-0111_n4_k113_mask.png,29.6630859375,244,319,264,342,1,1,6,4,1,1,1,1,3
117,LIDC-IDRI-0111,5,119,./lidc_patches_all\LIDC-IDRI-0111\LIDC-IDRI-0111_n5_k119_img.png,./lidc_patches_all\LIDC-IDRI-0111\LIDC-IDRI-0111_n5_k119_mask.png,20.76416015625,261,206,283,228,1,1,6,4,1,1,1,1,2
