scan_id,patient_id,nodule_index,k_global,img_path,mask_path,area_mm2,nodule_bbox_xmin,nodule_bbox_ymin,nodule_bbox_xmax,nodule_bbox_ymax,ann_subtlety,ann_internalStructure,ann_calcification,ann_sphericity,ann_margin,ann_lobulation,ann_spiculation,ann_texture,ann_malignancy
474,LIDC-IDRI-0469,0,120,./lidc_patches_all\LIDC-IDRI-0469\LIDC-IDRI-0469_n0_k120_img.png,./lidc_patches_all\LIDC-IDRI-0469\LIDC-IDRI-0469_n0_k120_mask.png,146.25574277354397,360,349,408,391,5,1,5,4,4,3,2,5,3
474,LIDC-IDRI-0469,0,121,./lidc_patches_all\LIDC-IDRI-0469\LIDC-IDRI-0469_n0_k121_img.png,./lidc_patches_all\LIDC-IDRI-0469\LIDC-IDRI-0469_n0_k121_mask.png,150.03229951182797,360,349,408,391,5,1,5,4,4,3,2,5,3
474,LIDC-IDRI-0469,0,122,./lidc_patches_all\LIDC-IDRI-0469\LIDC-IDRI-0469_n0_k122_img.png,./lidc_patches_all\LIDC-IDRI-0469\LIDC-IDRI-0469_n0_k122_mask.png,151.06226953135996,360,349,408,391,5,1,5,4,4,3,2,5,3
474,LIDC-IDRI-0469,0,123,./lidc_patches_all\LIDC-IDRI-0469\LIDC-IDRI-0469_n0_k123_img.png,./lidc_patches_all\LIDC-IDRI-0469\LIDC-IDRI-0469_n0_k123_mask.png,142.13586269541597,360,349,408,391,5,1,5,4,4,3,2,5,3
474,LIDC-IDRI-0469,0,124,./lidc_patches_all\LIDC-IDRI-0469\LIDC-IDRI-0469_n0_k124_img.png,./lidc_patches_all\LIDC-IDRI-0469\LIDC-IDRI-0469_n0_k124_mask.png,141.44921601572798,360,349,408,391,5,1,5,4,4,3,2,5,3
474,LIDC-IDRI-0469,1,247,./lidc_patches_all\LIDC-IDRI-0469\LIDC-IDRI-0469_n1_k247_img.png,./lidc_patches_all\LIDC-IDRI-0469\LIDC-IDRI-0469_n1_k247_mask.png,27.809190527363995,147,111,172,133,4,1,6,4,4,2,2,5,3
474,LIDC-IDRI-0469,2,280,./lidc_patches_all\LIDC-IDRI-0469\LIDC-IDRI-0469_n2_k280_img.png,./lidc_patches_all\LIDC-IDRI-0469\LIDC-IDRI-0469_n2_k280_mask.png,17.509490332043995,249,414,270,435,3,1,6,4,4,1,1,5,3
474,LIDC-IDRI-0469,3,383,./lidc_patches_all\LIDC-IDRI-0469\LIDC-IDRI-0469_n3_k383_img.png,./lidc_patches_all\LIDC-IDRI-0469\LIDC-IDRI-0469_n3_k383_mask.png,24.375957128923996,279,69,303,96,3,1,6,4,4,1,1,5,2
474,LIDC-IDRI-0469,4,403,./lidc_patches_all\LIDC-IDRI-0469\LIDC-IDRI-0469_n4_k403_img.png,./lidc_patches_all\LIDC-IDRI-0469\LIDC-IDRI-0469_n4_k403_mask.png,11.672993554695998,331,305,350,325,2,1,6,2,4,1,1,4,2
