scan_id,patient_id,nodule_index,k_global,img_path,mask_path,area_mm2,nodule_bbox_xmin,nodule_bbox_ymin,nodule_bbox_xmax,nodule_bbox_ymax,ann_subtlety,ann_internalStructure,ann_calcification,ann_sphericity,ann_margin,ann_lobulation,ann_spiculation,ann_texture,ann_malignancy
471,LIDC-IDRI-0466,0,66,./lidc_patches_all\LIDC-IDRI-0466\LIDC-IDRI-0466_n0_k66_img.png,./lidc_patches_all\LIDC-IDRI-0466\LIDC-IDRI-0466_n0_k66_mask.png,15.998683148447999,154,388,175,410,4,1,4,4,5,1,1,5,1
471,LIDC-IDRI-0466,1,71,./lidc_patches_all\LIDC-IDRI-0466\LIDC-IDRI-0466_n1_k71_img.png,./lidc_patches_all\LIDC-IDRI-0466\LIDC-IDRI-0466_n1_k71_mask.png,180.9374879884,195,185,256,230,5,1,6,4,5,3,1,5,5
471,LIDC-IDRI-0466,1,72,./lidc_patches_all\LIDC-IDRI-0466\LIDC-IDRI-0466_n1_k72_img.png,./lidc_patches_all\LIDC-IDRI-0466\LIDC-IDRI-0466_n1_k72_mask.png,221.315116886864,195,185,256,230,5,1,6,4,5,3,1,5,5
471,LIDC-IDRI-0466,1,73,./lidc_patches_all\LIDC-IDRI-0466\LIDC-IDRI-0466_n1_k73_img.png,./lidc_patches_all\LIDC-IDRI-0466\LIDC-IDRI-0466_n1_k73_mask.png,249.50327291031996,195,185,256,230,5,1,6,4,5,3,1,5,5
471,LIDC-IDRI-0466,1,74,./lidc_patches_all\LIDC-IDRI-0466\LIDC-IDRI-0466_n1_k74_img.png,./lidc_patches_all\LIDC-IDRI-0466\LIDC-IDRI-0466_n1_k74_mask.png,228.171695379056,195,185,256,230,5,1,6,4,5,3,1,5,5
471,LIDC-IDRI-0466,1,75,./lidc_patches_all\LIDC-IDRI-0466\LIDC-IDRI-0466_n1_k75_img.png,./lidc_patches_all\LIDC-IDRI-0466\LIDC-IDRI-0466_n1_k75_mask.png,228.93353743374396,195,185,256,230,5,1,6,4,5,3,1,5,5
471,LIDC-IDRI-0466,2,76,./lidc_patches_all\LIDC-IDRI-0466\LIDC-IDRI-0466_n2_k76_img.png,./lidc_patches_all\LIDC-IDRI-0466\LIDC-IDRI-0466_n2_k76_mask.png,132.179596488368,196,72,245,126,2,1,6,4,1,2,2,1,4
471,LIDC-IDRI-0466,2,77,./lidc_patches_all\LIDC-IDRI-0466\LIDC-IDRI-0466_n2_k77_img.png,./lidc_patches_all\LIDC-IDRI-0466\LIDC-IDRI-0466_n2_k77_mask.png,169.890778195424,196,72,245,126,2,1,6,4,1,2,2,1,4
471,LIDC-IDRI-0466,2,78,./lidc_patches_all\LIDC-IDRI-0466\LIDC-IDRI-0466_n2_k78_img.png,./lidc_patches_all\LIDC-IDRI-0466\LIDC-IDRI-0466_n2_k78_mask.png,181.69933004308797,196,72,245,126,2,1,6,4,1,2,2,1,4
471,LIDC-IDRI-0466,2,79,./lidc_patches_all\LIDC-IDRI-0466\LIDC-IDRI-0466_n2_k79_img.png,./lidc_patches_all\LIDC-IDRI-0466\LIDC-IDRI-0466_n2_k79_mask.png,166.462488949328,196,72,245,126,2,1,6,4,1,2,2,1,4
471,LIDC-IDRI-0466,2,80,./lidc_patches_all\LIDC-IDRI-0466\LIDC-IDRI-0466_n2_k80_img.png,./lidc_patches_all\LIDC-IDRI-0466\LIDC-IDRI-0466_n2_k80_mask.png,147.416437582128,196,72,245,126,2,1,6,4,1,2,2,1,4
471,LIDC-IDRI-0466,3,80,./lidc_patches_all\LIDC-IDRI-0466\LIDC-IDRI-0466_n3_k80_img.png,./lidc_patches_all\LIDC-IDRI-0466\LIDC-IDRI-0466_n3_k80_mask.png,12.951314929695998,146,344,165,363,3,1,6,3,1,2,1,3,3
471,LIDC-IDRI-0466,4,175,./lidc_patches_all\LIDC-IDRI-0466\LIDC-IDRI-0466_n4_k175_img.png,./lidc_patches_all\LIDC-IDRI-0466\LIDC-IDRI-0466_n4_k175_mask.png,14.094078011727998,258,120,279,138,1,1,6,4,1,1,1,1,2
