scan_id,patient_id,nodule_index,k_global,img_path,mask_path,area_mm2,nodule_bbox_xmin,nodule_bbox_ymin,nodule_bbox_xmax,nodule_bbox_ymax,ann_subtlety,ann_internalStructure,ann_calcification,ann_sphericity,ann_margin,ann_lobulation,ann_spiculation,ann_texture,ann_malignancy
305,LIDC-IDRI-0305,0,130,./lidc_patches_all\LIDC-IDRI-0305\LIDC-IDRI-0305_n0_k130_img.png,./lidc_patches_all\LIDC-IDRI-0305\LIDC-IDRI-0305_n0_k130_mask.png,60.15625,343,282,383,320,2,1,6,4,1,2,2,1,4
305,LIDC-IDRI-0305,0,131,./lidc_patches_all\LIDC-IDRI-0305\LIDC-IDRI-0305_n0_k131_img.png,./lidc_patches_all\LIDC-IDRI-0305\LIDC-IDRI-0305_n0_k131_mask.png,101.171875,343,282,383,320,2,1,6,4,1,2,2,1,4
305,LIDC-IDRI-0305,0,132,./lidc_patches_all\LIDC-IDRI-0305\LIDC-IDRI-0305_n0_k132_img.png,./lidc_patches_all\LIDC-IDRI-0305\LIDC-IDRI-0305_n0_k132_mask.png,121.09375,343,282,383,320,2,1,6,4,1,2,2,1,4
305,LIDC-IDRI-0305,0,133,./lidc_patches_all\LIDC-IDRI-0305\LIDC-IDRI-0305_n0_k133_img.png,./lidc_patches_all\LIDC-IDRI-0305\LIDC-IDRI-0305_n0_k133_mask.png,92.1875,343,282,383,320,2,1,6,4,1,2,2,1,4
305,LIDC-IDRI-0305,0,134,./lidc_patches_all\LIDC-IDRI-0305\LIDC-IDRI-0305_n0_k134_img.png,./lidc_patches_all\LIDC-IDRI-0305\LIDC-IDRI-0305_n0_k134_mask.png,55.46875,343,282,383,320,2,1,6,4,1,2,2,1,4
305,LIDC-IDRI-0305,1,144,./lidc_patches_all\LIDC-IDRI-0305\LIDC-IDRI-0305_n1_k144_img.png,./lidc_patches_all\LIDC-IDRI-0305\LIDC-IDRI-0305_n1_k144_mask.png,27.34375,345,97,371,122,2,1,6,4,2,2,2,1,3
305,LIDC-IDRI-0305,2,148,./lidc_patches_all\LIDC-IDRI-0305\LIDC-IDRI-0305_n2_k148_img.png,./lidc_patches_all\LIDC-IDRI-0305\LIDC-IDRI-0305_n2_k148_mask.png,235.546875,145,143,198,191,2,1,6,4,1,3,2,1,4
305,LIDC-IDRI-0305,2,149,./lidc_patches_all\LIDC-IDRI-0305\LIDC-IDRI-0305_n2_k149_img.png,./lidc_patches_all\LIDC-IDRI-0305\LIDC-IDRI-0305_n2_k149_mask.png,257.421875,145,143,198,191,2,1,6,4,1,3,2,1,4
305,LIDC-IDRI-0305,2,150,./lidc_patches_all\LIDC-IDRI-0305\LIDC-IDRI-0305_n2_k150_img.png,./lidc_patches_all\LIDC-IDRI-0305\LIDC-IDRI-0305_n2_k150_mask.png,259.765625,145,143,198,191,2,1,6,4,1,3,2,1,4
305,LIDC-IDRI-0305,2,151,./lidc_patches_all\LIDC-IDRI-0305\LIDC-IDRI-0305_n2_k151_img.png,./lidc_patches_all\LIDC-IDRI-0305\LIDC-IDRI-0305_n2_k151_mask.png,222.265625,145,143,198,191,2,1,6,4,1,3,2,1,4
305,LIDC-IDRI-0305,3,152,./lidc_patches_all\LIDC-IDRI-0305\LIDC-IDRI-0305_n3_k152_img.png,./lidc_patches_all\LIDC-IDRI-0305\LIDC-IDRI-0305_n3_k152_mask.png,66.40625,235,331,270,371,2,1,6,4,1,2,2,1,4
305,LIDC-IDRI-0305,3,153,./lidc_patches_all\LIDC-IDRI-0305\LIDC-IDRI-0305_n3_k153_img.png,./lidc_patches_all\LIDC-IDRI-0305\LIDC-IDRI-0305_n3_k153_mask.png,139.84375,235,331,270,371,2,1,6,4,1,2,2,1,4
305,LIDC-IDRI-0305,3,154,./lidc_patches_all\LIDC-IDRI-0305\LIDC-IDRI-0305_n3_k154_img.png,./lidc_patches_all\LIDC-IDRI-0305\LIDC-IDRI-0305_n3_k154_mask.png,93.75,235,331,270,371,2,1,6,4,1,2,2,1,4
305,LIDC-IDRI-0305,4,193,./lidc_patches_all\LIDC-IDRI-0305\LIDC-IDRI-0305_n4_k193_img.png,./lidc_patches_all\LIDC-IDRI-0305\LIDC-IDRI-0305_n4_k193_mask.png,28.90625,139,253,167,275,3,1,6,2,4,2,2,5,3
305,LIDC-IDRI-0305,5,194,./lidc_patches_all\LIDC-IDRI-0305\LIDC-IDRI-0305_n5_k194_img.png,./lidc_patches_all\LIDC-IDRI-0305\LIDC-IDRI-0305_n5_k194_mask.png,124.21875,176,258,214,295,2,1,6,4,2,2,2,1,4
305,LIDC-IDRI-0305,5,195,./lidc_patches_all\LIDC-IDRI-0305\LIDC-IDRI-0305_n5_k195_img.png,./lidc_patches_all\LIDC-IDRI-0305\LIDC-IDRI-0305_n5_k195_mask.png,120.703125,176,258,214,295,2,1,6,4,2,2,2,1,4
305,LIDC-IDRI-0305,5,196,./lidc_patches_all\LIDC-IDRI-0305\LIDC-IDRI-0305_n5_k196_img.png,./lidc_patches_all\LIDC-IDRI-0305\LIDC-IDRI-0305_n5_k196_mask.png,59.765625,176,258,214,295,2,1,6,4,2,2,2,1,4
305,LIDC-IDRI-0305,6,203,./lidc_patches_all\LIDC-IDRI-0305\LIDC-IDRI-0305_n6_k203_img.png,./lidc_patches_all\LIDC-IDRI-0305\LIDC-IDRI-0305_n6_k203_mask.png,58.203125,340,181,366,209,3,1,6,4,1,1,2,1,3
305,LIDC-IDRI-0305,7,227,./lidc_patches_all\LIDC-IDRI-0305\LIDC-IDRI-0305_n7_k227_img.png,./lidc_patches_all\LIDC-IDRI-0305\LIDC-IDRI-0305_n7_k227_mask.png,61.71875,294,149,328,190,4,1,6,3,3,2,2,2,4
305,LIDC-IDRI-0305,7,228,./lidc_patches_all\LIDC-IDRI-0305\LIDC-IDRI-0305_n7_k228_img.png,./lidc_patches_all\LIDC-IDRI-0305\LIDC-IDRI-0305_n7_k228_mask.png,65.625,294,149,328,190,4,1,6,3,3,2,2,2,4
305,LIDC-IDRI-0305,7,229,./lidc_patches_all\LIDC-IDRI-0305\LIDC-IDRI-0305_n7_k229_img.png,./lidc_patches_all\LIDC-IDRI-0305\LIDC-IDRI-0305_n7_k229_mask.png,90.625,294,149,328,190,4,1,6,3,3,2,2,2,4
305,LIDC-IDRI-0305,7,230,./lidc_patches_all\LIDC-IDRI-0305\LIDC-IDRI-0305_n7_k230_img.png,./lidc_patches_all\LIDC-IDRI-0305\LIDC-IDRI-0305_n7_k230_mask.png,83.984375,294,149,328,190,4,1,6,3,3,2,2,2,4
305,LIDC-IDRI-0305,7,231,./lidc_patches_all\LIDC-IDRI-0305\LIDC-IDRI-0305_n7_k231_img.png,./lidc_patches_all\LIDC-IDRI-0305\LIDC-IDRI-0305_n7_k231_mask.png,51.5625,294,149,328,190,4,1,6,3,3,2,2,2,4
