scan_id,patient_id,nodule_index,k_global,img_path,mask_path,area_mm2,nodule_bbox_xmin,nodule_bbox_ymin,nodule_bbox_xmax,nodule_bbox_ymax,ann_subtlety,ann_internalStructure,ann_calcification,ann_sphericity,ann_margin,ann_lobulation,ann_spiculation,ann_texture,ann_malignancy
296,LIDC-IDRI-0296,0,68,./lidc_patches_all\LIDC-IDRI-0296\LIDC-IDRI-0296_n0_k68_img.png,./lidc_patches_all\LIDC-IDRI-0296\LIDC-IDRI-0296_n0_k68_mask.png,53.342529296875,311,89,345,124,5,1,6,5,5,1,1,5,4
296,LIDC-IDRI-0296,0,69,./lidc_patches_all\LIDC-IDRI-0296\LIDC-IDRI-0296_n0_k69_img.png,./lidc_patches_all\LIDC-IDRI-0296\LIDC-IDRI-0296_n0_k69_mask.png,156.510498046875,311,89,345,124,5,1,6,5,5,1,1,5,4
296,LIDC-IDRI-0296,0,70,./lidc_patches_all\LIDC-IDRI-0296\LIDC-IDRI-0296_n0_k70_img.png,./lidc_patches_all\LIDC-IDRI-0296\LIDC-IDRI-0296_n0_k70_mask.png,211.611572265625,311,89,345,124,5,1,6,5,5,1,1,5,4
296,LIDC-IDRI-0296,0,71,./lidc_patches_all\LIDC-IDRI-0296\LIDC-IDRI-0296_n0_k71_img.png,./lidc_patches_all\LIDC-IDRI-0296\LIDC-IDRI-0296_n0_k71_mask.png,202.81884765625,311,89,345,124,5,1,6,5,5,1,1,5,4
296,LIDC-IDRI-0296,0,72,./lidc_patches_all\LIDC-IDRI-0296\LIDC-IDRI-0296_n0_k72_img.png,./lidc_patches_all\LIDC-IDRI-0296\LIDC-IDRI-0296_n0_k72_mask.png,127.78759765625,311,89,345,124,5,1,6,5,5,1,1,5,4
