scan_id,patient_id,nodule_index,k_global,img_path,mask_path,area_mm2,nodule_bbox_xmin,nodule_bbox_ymin,nodule_bbox_xmax,nodule_bbox_ymax,ann_subtlety,ann_internalStructure,ann_calcification,ann_sphericity,ann_margin,ann_lobulation,ann_spiculation,ann_texture,ann_malignancy
202,LIDC-IDRI-0201,0,38,./lidc_patches_all\LIDC-IDRI-0201\LIDC-IDRI-0201_n0_k38_img.png,./lidc_patches_all\LIDC-IDRI-0201\LIDC-IDRI-0201_n0_k38_mask.png,11.465436835944,326,295,344,313,3,1,6,5,4,1,1,4,3
202,LIDC-IDRI-0201,1,58,./lidc_patches_all\LIDC-IDRI-0201\LIDC-IDRI-0201_n1_k58_img.png,./lidc_patches_all\LIDC-IDRI-0201\LIDC-IDRI-0201_n1_k58_mask.png,18.962068613292,340,175,360,194,3,1,6,2,2,2,2,4,2
202,LIDC-IDRI-0201,2,60,./lidc_patches_all\LIDC-IDRI-0201\LIDC-IDRI-0201_n2_k60_img.png,./lidc_patches_all\LIDC-IDRI-0201\LIDC-IDRI-0201_n2_k60_mask.png,146.40480882820802,154,160,211,204,4,1,6,4,4,4,4,4,4
202,LIDC-IDRI-0201,2,61,./lidc_patches_all\LIDC-IDRI-0201\LIDC-IDRI-0201_n2_k61_img.png,./lidc_patches_all\LIDC-IDRI-0201\LIDC-IDRI-0201_n2_k61_mask.png,168.89470416025202,154,160,211,204,4,1,6,4,4,4,4,4,4
202,LIDC-IDRI-0201,2,62,./lidc_patches_all\LIDC-IDRI-0201\LIDC-IDRI-0201_n2_k62_img.png,./lidc_patches_all\LIDC-IDRI-0201\LIDC-IDRI-0201_n2_k62_mask.png,220.04819158215602,154,160,211,204,4,1,6,4,4,4,4,4,4
202,LIDC-IDRI-0201,2,63,./lidc_patches_all\LIDC-IDRI-0201\LIDC-IDRI-0201_n2_k63_img.png,./lidc_patches_all\LIDC-IDRI-0201\LIDC-IDRI-0201_n2_k63_mask.png,194.47144787120402,154,160,211,204,4,1,6,4,4,4,4,4,4
202,LIDC-IDRI-0201,2,64,./lidc_patches_all\LIDC-IDRI-0201\LIDC-IDRI-0201_n2_k64_img.png,./lidc_patches_all\LIDC-IDRI-0201\LIDC-IDRI-0201_n2_k64_mask.png,209.023733086056,154,160,211,204,4,1,6,4,4,4,4,4,4
202,LIDC-IDRI-0201,3,69,./lidc_patches_all\LIDC-IDRI-0201\LIDC-IDRI-0201_n3_k69_img.png,./lidc_patches_all\LIDC-IDRI-0201\LIDC-IDRI-0201_n3_k69_mask.png,16.757176914072,225,393,245,411,4,1,4,3,3,2,2,4,2
202,LIDC-IDRI-0201,4,82,./lidc_patches_all\LIDC-IDRI-0201\LIDC-IDRI-0201_n4_k82_img.png,./lidc_patches_all\LIDC-IDRI-0201\LIDC-IDRI-0201_n4_k82_mask.png,14.993263554696002,277,400,296,419,3,1,6,3,2,1,1,3,1
202,LIDC-IDRI-0201,5,96,./lidc_patches_all\LIDC-IDRI-0201\LIDC-IDRI-0201_n5_k96_img.png,./lidc_patches_all\LIDC-IDRI-0201\LIDC-IDRI-0201_n5_k96_mask.png,10.142501816412,326,302,342,321,2,1,6,4,1,1,2,2,2
202,LIDC-IDRI-0201,6,96,./lidc_patches_all\LIDC-IDRI-0201\LIDC-IDRI-0201_n6_k96_img.png,./lidc_patches_all\LIDC-IDRI-0201\LIDC-IDRI-0201_n6_k96_mask.png,14.552285214852,216,394,238,412,4,1,6,4,1,1,1,3,3
202,LIDC-IDRI-0201,7,110,./lidc_patches_all\LIDC-IDRI-0201\LIDC-IDRI-0201_n7_k110_img.png,./lidc_patches_all\LIDC-IDRI-0201\LIDC-IDRI-0201_n7_k110_mask.png,18.521090273448003,310,300,328,322,2,1,6,3,1,1,1,2,2
