scan_id,patient_id,nodule_index,k_global,img_path,mask_path,area_mm2,nodule_bbox_xmin,nodule_bbox_ymin,nodule_bbox_xmax,nodule_bbox_ymax,ann_subtlety,ann_internalStructure,ann_calcification,ann_sphericity,ann_margin,ann_lobulation,ann_spiculation,ann_texture,ann_malignancy
312,LIDC-IDRI-0312,0,53,./lidc_patches_all\LIDC-IDRI-0312\LIDC-IDRI-0312_n0_k53_img.png,./lidc_patches_all\LIDC-IDRI-0312\LIDC-IDRI-0312_n0_k53_mask.png,35.362304003931996,331,439,356,469,5,1,6,3,4,2,1,5,4
312,LIDC-IDRI-0312,1,52,./lidc_patches_all\LIDC-IDRI-0312\LIDC-IDRI-0312_n1_k52_img.png,./lidc_patches_all\LIDC-IDRI-0312\LIDC-IDRI-0312_n1_k52_mask.png,24.719280468767995,378,91,400,116,5,1,6,4,4,1,1,5,4
312,LIDC-IDRI-0312,2,72,./lidc_patches_all\LIDC-IDRI-0312\LIDC-IDRI-0312_n2_k72_img.png,./lidc_patches_all\LIDC-IDRI-0312\LIDC-IDRI-0312_n2_k72_mask.png,17.852813671887997,379,409,402,433,5,1,6,3,4,1,1,5,4
312,LIDC-IDRI-0312,3,117,./lidc_patches_all\LIDC-IDRI-0312\LIDC-IDRI-0312_n3_k117_img.png,./lidc_patches_all\LIDC-IDRI-0312\LIDC-IDRI-0312_n3_k117_mask.png,34.332333984399995,188,418,213,442,4,1,6,4,4,1,1,4,4
