scan_id,patient_id,nodule_index,k_global,img_path,mask_path,area_mm2,nodule_bbox_xmin,nodule_bbox_ymin,nodule_bbox_xmax,nodule_bbox_ymax,ann_subtlety,ann_internalStructure,ann_calcification,ann_sphericity,ann_margin,ann_lobulation,ann_spiculation,ann_texture,ann_malignancy
244,LIDC-IDRI-0244,0,60,./lidc_patches_all\LIDC-IDRI-0244\LIDC-IDRI-0244_n0_k60_img.png,./lidc_patches_all\LIDC-IDRI-0244\LIDC-IDRI-0244_n0_k60_mask.png,49.4384765625,161,141,187,165,4,1,6,4,4,1,2,5,2
244,LIDC-IDRI-0244,1,81,./lidc_patches_all\LIDC-IDRI-0244\LIDC-IDRI-0244_n1_k81_img.png,./lidc_patches_all\LIDC-IDRI-0244\LIDC-IDRI-0244_n1_k81_mask.png,15.2587890625,196,382,215,400,4,1,4,4,5,1,1,5,1
244,LIDC-IDRI-0244,2,83,./lidc_patches_all\LIDC-IDRI-0244\LIDC-IDRI-0244_n2_k83_img.png,./lidc_patches_all\LIDC-IDRI-0244\LIDC-IDRI-0244_n2_k83_mask.png,159.912109375,212,164,250,203,4,1,5,3,4,2,2,5,4
244,LIDC-IDRI-0244,2,84,./lidc_patches_all\LIDC-IDRI-0244\LIDC-IDRI-0244_n2_k84_img.png,./lidc_patches_all\LIDC-IDRI-0244\LIDC-IDRI-0244_n2_k84_mask.png,177.001953125,212,164,250,203,4,1,5,3,4,2,2,5,4
244,LIDC-IDRI-0244,2,85,./lidc_patches_all\LIDC-IDRI-0244\LIDC-IDRI-0244_n2_k85_img.png,./lidc_patches_all\LIDC-IDRI-0244\LIDC-IDRI-0244_n2_k85_mask.png,138.5498046875,212,164,250,203,4,1,5,3,4,2,2,5,4
244,LIDC-IDRI-0244,2,86,./lidc_patches_all\LIDC-IDRI-0244\LIDC-IDRI-0244_n2_k86_img.png,./lidc_patches_all\LIDC-IDRI-0244\LIDC-IDRI-0244_n2_k86_mask.png,89.7216796875,212,164,250,203,4,1,5,3,4,2,2,5,4
