scan_id,patient_id,nodule_index,k_global,img_path,mask_path,area_mm2,nodule_bbox_xmin,nodule_bbox_ymin,nodule_bbox_xmax,nodule_bbox_ymax,ann_subtlety,ann_internalStructure,ann_calcification,ann_sphericity,ann_margin,ann_lobulation,ann_spiculation,ann_texture,ann_malignancy
372,LIDC-IDRI-0368,0,33,./lidc_patches_all\LIDC-IDRI-0368\LIDC-IDRI-0368_n0_k33_img.png,./lidc_patches_all\LIDC-IDRI-0368\LIDC-IDRI-0368_n0_k33_mask.png,184.54615199999998,196,426,242,467,5,1,6,4,5,1,1,5,4
372,LIDC-IDRI-0368,0,34,./lidc_patches_all\LIDC-IDRI-0368\LIDC-IDRI-0368_n0_k34_img.png,./lidc_patches_all\LIDC-IDRI-0368\LIDC-IDRI-0368_n0_k34_mask.png,211.56533999999996,196,426,242,467,5,1,6,4,5,1,1,5,4
372,LIDC-IDRI-0368,0,35,./lidc_patches_all\LIDC-IDRI-0368\LIDC-IDRI-0368_n0_k35_img.png,./lidc_patches_all\LIDC-IDRI-0368\LIDC-IDRI-0368_n0_k35_mask.png,215.64370799999998,196,426,242,467,5,1,6,4,5,1,1,5,4
372,LIDC-IDRI-0368,0,36,./lidc_patches_all\LIDC-IDRI-0368\LIDC-IDRI-0368_n0_k36_img.png,./lidc_patches_all\LIDC-IDRI-0368\LIDC-IDRI-0368_n0_k36_mask.png,188.62451999999996,196,426,242,467,5,1,6,4,5,1,1,5,4
372,LIDC-IDRI-0368,0,37,./lidc_patches_all\LIDC-IDRI-0368\LIDC-IDRI-0368_n0_k37_img.png,./lidc_patches_all\LIDC-IDRI-0368\LIDC-IDRI-0368_n0_k37_mask.png,129.99797999999998,196,426,242,467,5,1,6,4,5,1,1,5,4
372,LIDC-IDRI-0368,1,43,./lidc_patches_all\LIDC-IDRI-0368\LIDC-IDRI-0368_n1_k43_img.png,./lidc_patches_all\LIDC-IDRI-0368\LIDC-IDRI-0368_n1_k43_mask.png,51.999191999999994,194,104,218,130,4,1,6,4,4,1,1,5,3
372,LIDC-IDRI-0368,2,62,./lidc_patches_all\LIDC-IDRI-0368\LIDC-IDRI-0368_n2_k62_img.png,./lidc_patches_all\LIDC-IDRI-0368\LIDC-IDRI-0368_n2_k62_mask.png,33.646536,271,387,291,409,4,1,3,3,4,1,1,5,1
372,LIDC-IDRI-0368,3,66,./lidc_patches_all\LIDC-IDRI-0368\LIDC-IDRI-0368_n3_k66_img.png,./lidc_patches_all\LIDC-IDRI-0368\LIDC-IDRI-0368_n3_k66_mask.png,62.19511199999999,306,380,334,406,5,1,3,5,5,1,1,5,1
372,LIDC-IDRI-0368,4,69,./lidc_patches_all\LIDC-IDRI-0368\LIDC-IDRI-0368_n4_k69_img.png,./lidc_patches_all\LIDC-IDRI-0368\LIDC-IDRI-0368_n4_k69_mask.png,190.15390799999997,220,394,267,431,5,1,6,4,5,2,2,5,4
372,LIDC-IDRI-0368,4,70,./lidc_patches_all\LIDC-IDRI-0368\LIDC-IDRI-0368_n4_k70_img.png,./lidc_patches_all\LIDC-IDRI-0368\LIDC-IDRI-0368_n4_k70_mask.png,237.05513999999997,220,394,267,431,5,1,6,4,5,2,2,5,4
372,LIDC-IDRI-0368,4,71,./lidc_patches_all\LIDC-IDRI-0368\LIDC-IDRI-0368_n4_k71_img.png,./lidc_patches_all\LIDC-IDRI-0368\LIDC-IDRI-0368_n4_k71_mask.png,254.89799999999997,220,394,267,431,5,1,6,4,5,2,2,5,4
372,LIDC-IDRI-0368,4,72,./lidc_patches_all\LIDC-IDRI-0368\LIDC-IDRI-0368_n4_k72_img.png,./lidc_patches_all\LIDC-IDRI-0368\LIDC-IDRI-0368_n4_k72_mask.png,222.27105599999996,220,394,267,431,5,1,6,4,5,2,2,5,4
372,LIDC-IDRI-0368,4,73,./lidc_patches_all\LIDC-IDRI-0368\LIDC-IDRI-0368_n4_k73_img.png,./lidc_patches_all\LIDC-IDRI-0368\LIDC-IDRI-0368_n4_k73_mask.png,172.82084399999997,220,394,267,431,5,1,6,4,5,2,2,5,4
372,LIDC-IDRI-0368,5,87,./lidc_patches_all\LIDC-IDRI-0368\LIDC-IDRI-0368_n5_k87_img.png,./lidc_patches_all\LIDC-IDRI-0368\LIDC-IDRI-0368_n5_k87_mask.png,52.50898799999999,249,190,276,217,4,1,6,4,5,1,1,5,3
372,LIDC-IDRI-0368,5,88,./lidc_patches_all\LIDC-IDRI-0368\LIDC-IDRI-0368_n5_k88_img.png,./lidc_patches_all\LIDC-IDRI-0368\LIDC-IDRI-0368_n5_k88_mask.png,68.82245999999999,249,190,276,217,4,1,6,4,5,1,1,5,3
372,LIDC-IDRI-0368,5,89,./lidc_patches_all\LIDC-IDRI-0368\LIDC-IDRI-0368_n5_k89_img.png,./lidc_patches_all\LIDC-IDRI-0368\LIDC-IDRI-0368_n5_k89_mask.png,58.62653999999999,249,190,276,217,4,1,6,4,5,1,1,5,3
