scan_id,patient_id,nodule_index,k_global,img_path,mask_path,area_mm2,nodule_bbox_xmin,nodule_bbox_ymin,nodule_bbox_xmax,nodule_bbox_ymax,ann_subtlety,ann_internalStructure,ann_calcification,ann_sphericity,ann_margin,ann_lobulation,ann_spiculation,ann_texture,ann_malignancy
84,LIDC-IDRI-0074,0,78,./lidc_patches_all\LIDC-IDRI-0074\LIDC-IDRI-0074_n0_k78_img.png,./lidc_patches_all\LIDC-IDRI-0074\LIDC-IDRI-0074_n0_k78_mask.png,85.528564453125,220,156,264,207,5,1,6,3,4,3,2,5,4
84,LIDC-IDRI-0074,0,79,./lidc_patches_all\LIDC-IDRI-0074\LIDC-IDRI-0074_n0_k79_img.png,./lidc_patches_all\LIDC-IDRI-0074\LIDC-IDRI-0074_n0_k79_mask.png,249.664306640625,220,156,264,207,5,1,6,3,4,3,2,5,4
84,LIDC-IDRI-0074,0,80,./lidc_patches_all\LIDC-IDRI-0074\LIDC-IDRI-0074_n0_k80_img.png,./lidc_patches_all\LIDC-IDRI-0074\LIDC-IDRI-0074_n0_k80_mask.png,179.9560546875,220,156,264,207,5,1,6,3,4,3,2,5,4
84,LIDC-IDRI-0074,0,81,./lidc_patches_all\LIDC-IDRI-0074\LIDC-IDRI-0074_n0_k81_img.png,./lidc_patches_all\LIDC-IDRI-0074\LIDC-IDRI-0074_n0_k81_mask.png,190.338134765625,220,156,264,207,5,1,6,3,4,3,2,5,4
