scan_id,patient_id,nodule_index,k_global,img_path,mask_path,area_mm2,nodule_bbox_xmin,nodule_bbox_ymin,nodule_bbox_xmax,nodule_bbox_ymax,ann_subtlety,ann_internalStructure,ann_calcification,ann_sphericity,ann_margin,ann_lobulation,ann_spiculation,ann_texture,ann_malignancy
107,LIDC-IDRI-0099,0,44,./lidc_patches_all\LIDC-IDRI-0099\LIDC-IDRI-0099_n0_k44_img.png,./lidc_patches_all\LIDC-IDRI-0099\LIDC-IDRI-0099_n0_k44_mask.png,29.296875,328,283,350,308,3,1,6,3,4,1,1,4,2
107,LIDC-IDRI-0099,1,52,./lidc_patches_all\LIDC-IDRI-0099\LIDC-IDRI-0099_n1_k52_img.png,./lidc_patches_all\LIDC-IDRI-0099\LIDC-IDRI-0099_n1_k52_mask.png,32.3486328125,320,113,343,137,4,1,6,3,4,1,2,5,4
107,LIDC-IDRI-0099,2,79,./lidc_patches_all\LIDC-IDRI-0099\LIDC-IDRI-0099_n2_k79_img.png,./lidc_patches_all\LIDC-IDRI-0099\LIDC-IDRI-0099_n2_k79_mask.png,28.076171875,275,143,298,166,4,1,6,3,4,1,1,5,3
107,LIDC-IDRI-0099,3,97,./lidc_patches_all\LIDC-IDRI-0099\LIDC-IDRI-0099_n3_k97_img.png,./lidc_patches_all\LIDC-IDRI-0099\LIDC-IDRI-0099_n3_k97_mask.png,26.2451171875,166,173,188,194,1,1,6,3,3,1,1,1,3
