scan_id,patient_id,nodule_index,k_global,img_path,mask_path,area_mm2,nodule_bbox_xmin,nodule_bbox_ymin,nodule_bbox_xmax,nodule_bbox_ymax,ann_subtlety,ann_internalStructure,ann_calcification,ann_sphericity,ann_margin,ann_lobulation,ann_spiculation,ann_texture,ann_malignancy
346,LIDC-IDRI-0344,0,171,./lidc_patches_all\LIDC-IDRI-0344\LIDC-IDRI-0344_n0_k171_img.png,./lidc_patches_all\LIDC-IDRI-0344\LIDC-IDRI-0344_n0_k171_mask.png,12.2890625,205,41,228,59,5,1,6,5,5,1,1,5,3
346,LIDC-IDRI-0344,1,301,./lidc_patches_all\LIDC-IDRI-0344\LIDC-IDRI-0344_n1_k301_img.png,./lidc_patches_all\LIDC-IDRI-0344\LIDC-IDRI-0344_n1_k301_mask.png,101.1484375,315,87,361,126,4,1,6,2,2,4,2,5,3
346,LIDC-IDRI-0344,1,302,./lidc_patches_all\LIDC-IDRI-0344\LIDC-IDRI-0344_n1_k302_img.png,./lidc_patches_all\LIDC-IDRI-0344\LIDC-IDRI-0344_n1_k302_mask.png,106.8203125,315,87,361,126,4,1,6,2,2,4,2,5,3
346,LIDC-IDRI-0344,1,303,./lidc_patches_all\LIDC-IDRI-0344\LIDC-IDRI-0344_n1_k303_img.png,./lidc_patches_all\LIDC-IDRI-0344\LIDC-IDRI-0344_n1_k303_mask.png,110.12890625,315,87,361,126,4,1,6,2,2,4,2,5,3
346,LIDC-IDRI-0344,1,304,./lidc_patches_all\LIDC-IDRI-0344\LIDC-IDRI-0344_n1_k304_img.png,./lidc_patches_all\LIDC-IDRI-0344\LIDC-IDRI-0344_n1_k304_mask.png,105.40234375,315,87,361,126,4,1,6,2,2,4,2,5,3
346,LIDC-IDRI-0344,1,305,./lidc_patches_all\LIDC-IDRI-0344\LIDC-IDRI-0344_n1_k305_img.png,./lidc_patches_all\LIDC-IDRI-0344\LIDC-IDRI-0344_n1_k305_mask.png,77.04296875,315,87,361,126,4,1,6,2,2,4,2,5,3
346,LIDC-IDRI-0344,2,307,./lidc_patches_all\LIDC-IDRI-0344\LIDC-IDRI-0344_n2_k307_img.png,./lidc_patches_all\LIDC-IDRI-0344\LIDC-IDRI-0344_n2_k307_mask.png,9.453125,377,136,394,155,5,1,6,5,4,1,1,5,3
346,LIDC-IDRI-0344,3,361,./lidc_patches_all\LIDC-IDRI-0344\LIDC-IDRI-0344_n3_k361_img.png,./lidc_patches_all\LIDC-IDRI-0344\LIDC-IDRI-0344_n3_k361_mask.png,36.8671875,351,113,374,140,4,1,6,4,3,2,1,4,2
