scan_id,patient_id,nodule_index,k_global,img_path,mask_path,area_mm2,nodule_bbox_xmin,nodule_bbox_ymin,nodule_bbox_xmax,nodule_bbox_ymax,ann_subtlety,ann_internalStructure,ann_calcification,ann_sphericity,ann_margin,ann_lobulation,ann_spiculation,ann_texture,ann_malignancy
419,LIDC-IDRI-0415,0,55,./lidc_patches_all\LIDC-IDRI-0415\LIDC-IDRI-0415_n0_k55_img.png,./lidc_patches_all\LIDC-IDRI-0415\LIDC-IDRI-0415_n0_k55_mask.png,32.99334389649,305,80,331,104,4,1,6,4,5,1,1,5,4
419,LIDC-IDRI-0415,1,65,./lidc_patches_all\LIDC-IDRI-0415\LIDC-IDRI-0415_n1_k65_img.png,./lidc_patches_all\LIDC-IDRI-0415\LIDC-IDRI-0415_n1_k65_mask.png,22.728748017582,382,75,404,96,5,1,6,4,2,1,1,3,2
419,LIDC-IDRI-0415,2,79,./lidc_patches_all\LIDC-IDRI-0415\LIDC-IDRI-0415_n2_k79_img.png,./lidc_patches_all\LIDC-IDRI-0415\LIDC-IDRI-0415_n2_k79_mask.png,41.424976225593,263,67,289,92,4,1,6,5,4,1,1,4,4
419,LIDC-IDRI-0415,3,88,./lidc_patches_all\LIDC-IDRI-0415\LIDC-IDRI-0415_n3_k88_img.png,./lidc_patches_all\LIDC-IDRI-0415\LIDC-IDRI-0415_n3_k88_mask.png,19.429413627933002,248,73,270,94,4,1,6,4,4,1,2,4,3
419,LIDC-IDRI-0415,4,92,./lidc_patches_all\LIDC-IDRI-0415\LIDC-IDRI-0415_n4_k92_img.png,./lidc_patches_all\LIDC-IDRI-0415\LIDC-IDRI-0415_n4_k92_mask.png,46.190681455086,223,82,250,109,4,1,6,4,4,1,2,3,3
419,LIDC-IDRI-0415,5,120,./lidc_patches_all\LIDC-IDRI-0415\LIDC-IDRI-0415_n5_k120_img.png,./lidc_patches_all\LIDC-IDRI-0415\LIDC-IDRI-0415_n5_k120_mask.png,18.696228208011,284,106,305,130,3,1,6,4,2,2,2,4,3
419,LIDC-IDRI-0415,6,129,./lidc_patches_all\LIDC-IDRI-0415\LIDC-IDRI-0415_n6_k129_img.png,./lidc_patches_all\LIDC-IDRI-0415\LIDC-IDRI-0415_n6_k129_mask.png,60.12120443360401,203,267,239,305,5,1,6,3,4,3,2,4,5
419,LIDC-IDRI-0415,6,130,./lidc_patches_all\LIDC-IDRI-0415\LIDC-IDRI-0415_n6_k130_img.png,./lidc_patches_all\LIDC-IDRI-0415\LIDC-IDRI-0415_n6_k130_mask.png,68.919429472668,203,267,239,305,5,1,6,3,4,3,2,4,5
419,LIDC-IDRI-0415,6,131,./lidc_patches_all\LIDC-IDRI-0415\LIDC-IDRI-0415_n6_k131_img.png,./lidc_patches_all\LIDC-IDRI-0415\LIDC-IDRI-0415_n6_k131_mask.png,78.817432641615,203,267,239,305,5,1,6,3,4,3,2,4,5
419,LIDC-IDRI-0415,6,132,./lidc_patches_all\LIDC-IDRI-0415\LIDC-IDRI-0415_n6_k132_img.png,./lidc_patches_all\LIDC-IDRI-0415\LIDC-IDRI-0415_n6_k132_mask.png,70.752393022473,203,267,239,305,5,1,6,3,4,3,2,4,5
419,LIDC-IDRI-0415,6,133,./lidc_patches_all\LIDC-IDRI-0415\LIDC-IDRI-0415_n6_k133_img.png,./lidc_patches_all\LIDC-IDRI-0415\LIDC-IDRI-0415_n6_k133_mask.png,57.188462753916,203,267,239,305,5,1,6,3,4,3,2,4,5
419,LIDC-IDRI-0415,7,153,./lidc_patches_all\LIDC-IDRI-0415\LIDC-IDRI-0415_n7_k153_img.png,./lidc_patches_all\LIDC-IDRI-0415\LIDC-IDRI-0415_n7_k153_mask.png,111.07759111818301,190,246,267,311,5,1,6,2,4,4,3,5,5
419,LIDC-IDRI-0415,7,154,./lidc_patches_all\LIDC-IDRI-0415\LIDC-IDRI-0415_n7_k154_img.png,./lidc_patches_all\LIDC-IDRI-0415\LIDC-IDRI-0415_n7_k154_mask.png,258.081267812544,190,246,267,311,5,1,6,2,4,4,3,5,5
419,LIDC-IDRI-0415,7,155,./lidc_patches_all\LIDC-IDRI-0415\LIDC-IDRI-0415_n7_k155_img.png,./lidc_patches_all\LIDC-IDRI-0415\LIDC-IDRI-0415_n7_k155_mask.png,266.51290014164704,190,246,267,311,5,1,6,2,4,4,3,5,5
419,LIDC-IDRI-0415,7,156,./lidc_patches_all\LIDC-IDRI-0415\LIDC-IDRI-0415_n7_k156_img.png,./lidc_patches_all\LIDC-IDRI-0415\LIDC-IDRI-0415_n7_k156_mask.png,263.580158461959,190,246,267,311,5,1,6,2,4,4,3,5,5
419,LIDC-IDRI-0415,7,157,./lidc_patches_all\LIDC-IDRI-0415\LIDC-IDRI-0415_n7_k157_img.png,./lidc_patches_all\LIDC-IDRI-0415\LIDC-IDRI-0415_n7_k157_mask.png,241.21800315433802,190,246,267,311,5,1,6,2,4,4,3,5,5
