scan_id,patient_id,nodule_index,k_global,img_path,mask_path,area_mm2,nodule_bbox_xmin,nodule_bbox_ymin,nodule_bbox_xmax,nodule_bbox_ymax,ann_subtlety,ann_internalStructure,ann_calcification,ann_sphericity,ann_margin,ann_lobulation,ann_spiculation,ann_texture,ann_malignancy
313,LIDC-IDRI-0313,0,171,./lidc_patches_all\LIDC-IDRI-0313\LIDC-IDRI-0313_n0_k171_img.png,./lidc_patches_all\LIDC-IDRI-0313\LIDC-IDRI-0313_n0_k171_mask.png,338.249815425792,198,344,253,409,4,1,6,4,2,3,4,4,5
313,LIDC-IDRI-0313,0,172,./lidc_patches_all\LIDC-IDRI-0313\LIDC-IDRI-0313_n0_k172_img.png,./lidc_patches_all\LIDC-IDRI-0313\LIDC-IDRI-0313_n0_k172_mask.png,376.597904965344,198,344,253,409,4,1,6,4,2,3,4,4,5
313,LIDC-IDRI-0313,0,173,./lidc_patches_all\LIDC-IDRI-0313\LIDC-IDRI-0313_n0_k173_img.png,./lidc_patches_all\LIDC-IDRI-0313\LIDC-IDRI-0313_n0_k173_mask.png,397.24687625587205,198,344,253,409,4,1,6,4,2,3,4,4,5
313,LIDC-IDRI-0313,0,174,./lidc_patches_all\LIDC-IDRI-0313\LIDC-IDRI-0313_n0_k174_img.png,./lidc_patches_all\LIDC-IDRI-0313\LIDC-IDRI-0313_n0_k174_mask.png,343.166237161632,198,344,253,409,4,1,6,4,2,3,4,4,5
313,LIDC-IDRI-0313,0,175,./lidc_patches_all\LIDC-IDRI-0313\LIDC-IDRI-0313_n0_k175_img.png,./lidc_patches_all\LIDC-IDRI-0313\LIDC-IDRI-0313_n0_k175_mask.png,307.27635849,198,344,253,409,4,1,6,4,2,3,4,4,5
