scan_id,patient_id,nodule_index,k_global,img_path,mask_path,area_mm2,nodule_bbox_xmin,nodule_bbox_ymin,nodule_bbox_xmax,nodule_bbox_ymax,ann_subtlety,ann_internalStructure,ann_calcification,ann_sphericity,ann_margin,ann_lobulation,ann_spiculation,ann_texture,ann_malignancy
469,LIDC-IDRI-0464,0,86,./lidc_patches_all\LIDC-IDRI-0464\LIDC-IDRI-0464_n0_k86_img.png,./lidc_patches_all\LIDC-IDRI-0464\LIDC-IDRI-0464_n0_k86_mask.png,16.479520312511998,233,133,253,153,1,1,6,4,4,1,1,5,3
469,LIDC-IDRI-0464,1,128,./lidc_patches_all\LIDC-IDRI-0464\LIDC-IDRI-0464_n1_k128_img.png,./lidc_patches_all\LIDC-IDRI-0464\LIDC-IDRI-0464_n1_k128_mask.png,6.5231434570359985,174,106,192,123,4,1,6,5,5,1,1,5,1
469,LIDC-IDRI-0464,2,205,./lidc_patches_all\LIDC-IDRI-0464\LIDC-IDRI-0464_n2_k205_img.png,./lidc_patches_all\LIDC-IDRI-0464\LIDC-IDRI-0464_n2_k205_mask.png,225.22011093766395,231,124,286,173,4,1,6,3,2,4,2,2,4
469,LIDC-IDRI-0464,2,206,./lidc_patches_all\LIDC-IDRI-0464\LIDC-IDRI-0464_n2_k206_img.png,./lidc_patches_all\LIDC-IDRI-0464\LIDC-IDRI-0464_n2_k206_mask.png,241.69963125017594,231,124,286,173,4,1,6,3,2,4,2,2,4
469,LIDC-IDRI-0464,2,207,./lidc_patches_all\LIDC-IDRI-0464\LIDC-IDRI-0464_n2_k207_img.png,./lidc_patches_all\LIDC-IDRI-0464\LIDC-IDRI-0464_n2_k207_mask.png,248.22277470721195,231,124,286,173,4,1,6,3,2,4,2,2,4
469,LIDC-IDRI-0464,2,208,./lidc_patches_all\LIDC-IDRI-0464\LIDC-IDRI-0464_n2_k208_img.png,./lidc_patches_all\LIDC-IDRI-0464\LIDC-IDRI-0464_n2_k208_mask.png,196.72427373061197,231,124,286,173,4,1,6,3,2,4,2,2,4
469,LIDC-IDRI-0464,2,209,./lidc_patches_all\LIDC-IDRI-0464\LIDC-IDRI-0464_n2_k209_img.png,./lidc_patches_all\LIDC-IDRI-0464\LIDC-IDRI-0464_n2_k209_mask.png,114.32667216805197,231,124,286,173,4,1,6,3,2,4,2,2,4
