scan_id,patient_id,nodule_index,k_global,img_path,mask_path,area_mm2,nodule_bbox_xmin,nodule_bbox_ymin,nodule_bbox_xmax,nodule_bbox_ymax,ann_subtlety,ann_internalStructure,ann_calcification,ann_sphericity,ann_margin,ann_lobulation,ann_spiculation,ann_texture,ann_malignancy
69,LIDC-IDRI-0058,0,67,./lidc_patches_all\LIDC-IDRI-0058\LIDC-IDRI-0058_n0_k67_img.png,./lidc_patches_all\LIDC-IDRI-0058\LIDC-IDRI-0058_n0_k67_mask.png,368.316650390625,234,323,296,400,5,1,6,3,4,3,4,5,5
69,LIDC-IDRI-0058,0,68,./lidc_patches_all\LIDC-IDRI-0058\LIDC-IDRI-0058_n0_k68_img.png,./lidc_patches_all\LIDC-IDRI-0058\LIDC-IDRI-0058_n0_k68_mask.png,376.72119140625,234,323,296,400,5,1,6,3,4,3,4,5,5
69,LIDC-IDRI-0058,0,69,./lidc_patches_all\LIDC-IDRI-0058\LIDC-IDRI-0058_n0_k69_img.png,./lidc_patches_all\LIDC-IDRI-0058\LIDC-IDRI-0058_n0_k69_mask.png,423.193359375,234,323,296,400,5,1,6,3,4,3,4,5,5
69,LIDC-IDRI-0058,0,70,./lidc_patches_all\LIDC-IDRI-0058\LIDC-IDRI-0058_n0_k70_img.png,./lidc_patches_all\LIDC-IDRI-0058\LIDC-IDRI-0058_n0_k70_mask.png,360.90087890625,234,323,296,400,5,1,6,3,4,3,4,5,5
69,LIDC-IDRI-0058,0,71,./lidc_patches_all\LIDC-IDRI-0058\LIDC-IDRI-0058_n0_k71_img.png,./lidc_patches_all\LIDC-IDRI-0058\LIDC-IDRI-0058_n0_k71_mask.png,303.057861328125,234,323,296,400,5,1,6,3,4,3,4,5,5
69,LIDC-IDRI-0058,1,88,./lidc_patches_all\LIDC-IDRI-0058\LIDC-IDRI-0058_n1_k88_img.png,./lidc_patches_all\LIDC-IDRI-0058\LIDC-IDRI-0058_n1_k88_mask.png,44.49462890625,186,151,211,177,2,1,6,4,2,2,2,1,2
69,LIDC-IDRI-0058,2,105,./lidc_patches_all\LIDC-IDRI-0058\LIDC-IDRI-0058_n2_k105_img.png,./lidc_patches_all\LIDC-IDRI-0058\LIDC-IDRI-0058_n2_k105_mask.png,248.675537109375,310,340,350,405,5,1,6,4,4,4,2,5,4
69,LIDC-IDRI-0058,2,106,./lidc_patches_all\LIDC-IDRI-0058\LIDC-IDRI-0058_n2_k106_img.png,./lidc_patches_all\LIDC-IDRI-0058\LIDC-IDRI-0058_n2_k106_mask.png,246.20361328125,310,340,350,405,5,1,6,4,4,4,2,5,4
69,LIDC-IDRI-0058,2,107,./lidc_patches_all\LIDC-IDRI-0058\LIDC-IDRI-0058_n2_k107_img.png,./lidc_patches_all\LIDC-IDRI-0058\LIDC-IDRI-0058_n2_k107_mask.png,267.95654296875,310,340,350,405,5,1,6,4,4,4,2,5,4
69,LIDC-IDRI-0058,2,108,./lidc_patches_all\LIDC-IDRI-0058\LIDC-IDRI-0058_n2_k108_img.png,./lidc_patches_all\LIDC-IDRI-0058\LIDC-IDRI-0058_n2_k108_mask.png,221.484375,310,340,350,405,5,1,6,4,4,4,2,5,4
69,LIDC-IDRI-0058,2,109,./lidc_patches_all\LIDC-IDRI-0058\LIDC-IDRI-0058_n2_k109_img.png,./lidc_patches_all\LIDC-IDRI-0058\LIDC-IDRI-0058_n2_k109_mask.png,180.450439453125,310,340,350,405,5,1,6,4,4,4,2,5,4
