scan_id,patient_id,nodule_index,k_global,img_path,mask_path,area_mm2,nodule_bbox_xmin,nodule_bbox_ymin,nodule_bbox_xmax,nodule_bbox_ymax,ann_subtlety,ann_internalStructure,ann_calcification,ann_sphericity,ann_margin,ann_lobulation,ann_spiculation,ann_texture,ann_malignancy
61,LIDC-IDRI-0050,0,92,./lidc_patches_all\LIDC-IDRI-0050\LIDC-IDRI-0050_n0_k92_img.png,./lidc_patches_all\LIDC-IDRI-0050\LIDC-IDRI-0050_n0_k92_mask.png,404.6630859375,291,137,360,204,5,1,6,4,4,4,4,5,4
61,LIDC-IDRI-0050,0,93,./lidc_patches_all\LIDC-IDRI-0050\LIDC-IDRI-0050_n0_k93_img.png,./lidc_patches_all\LIDC-IDRI-0050\LIDC-IDRI-0050_n0_k93_mask.png,435.791015625,291,137,360,204,5,1,6,4,4,4,4,5,4
61,LIDC-IDRI-0050,0,94,./lidc_patches_all\LIDC-IDRI-0050\LIDC-IDRI-0050_n0_k94_img.png,./lidc_patches_all\LIDC-IDRI-0050\LIDC-IDRI-0050_n0_k94_mask.png,473.6328125,291,137,360,204,5,1,6,4,4,4,4,5,4
61,LIDC-IDRI-0050,0,95,./lidc_patches_all\LIDC-IDRI-0050\LIDC-IDRI-0050_n0_k95_img.png,./lidc_patches_all\LIDC-IDRI-0050\LIDC-IDRI-0050_n0_k95_mask.png,462.0361328125,291,137,360,204,5,1,6,4,4,4,4,5,4
61,LIDC-IDRI-0050,0,96,./lidc_patches_all\LIDC-IDRI-0050\LIDC-IDRI-0050_n0_k96_img.png,./lidc_patches_all\LIDC-IDRI-0050\LIDC-IDRI-0050_n0_k96_mask.png,341.1865234375,291,137,360,204,5,1,6,4,4,4,4,5,4
