scan_id,patient_id,nodule_index,k_global,img_path,mask_path,area_mm2,nodule_bbox_xmin,nodule_bbox_ymin,nodule_bbox_xmax,nodule_bbox_ymax,ann_subtlety,ann_internalStructure,ann_calcification,ann_sphericity,ann_margin,ann_lobulation,ann_spiculation,ann_texture,ann_malignancy
368,LIDC-IDRI-0365,0,61,./lidc_patches_all\LIDC-IDRI-0365\LIDC-IDRI-0365_n0_k61_img.png,./lidc_patches_all\LIDC-IDRI-0365\LIDC-IDRI-0365_n0_k61_mask.png,116.44601821899414,236,390,276,432,4,1,6,4,2,2,2,4,3
368,LIDC-IDRI-0365,0,62,./lidc_patches_all\LIDC-IDRI-0365\LIDC-IDRI-0365_n0_k62_img.png,./lidc_patches_all\LIDC-IDRI-0365\LIDC-IDRI-0365_n0_k62_mask.png,176.4822006225586,236,390,276,432,4,1,6,4,2,2,2,4,3
368,LIDC-IDRI-0365,0,63,./lidc_patches_all\LIDC-IDRI-0365\LIDC-IDRI-0365_n0_k63_img.png,./lidc_patches_all\LIDC-IDRI-0365\LIDC-IDRI-0365_n0_k63_mask.png,107.98454284667969,236,390,276,432,4,1,6,4,2,2,2,4,3
369,LIDC-IDRI-0365,0,61,./lidc_patches_all\LIDC-IDRI-0365\LIDC-IDRI-0365_n0_k61_img.png,./lidc_patches_all\LIDC-IDRI-0365\LIDC-IDRI-0365_n0_k61_mask.png,63.705732999999995,253,387,287,417,5,1,6,5,4,2,2,5,4
369,LIDC-IDRI-0365,0,62,./lidc_patches_all\LIDC-IDRI-0365\LIDC-IDRI-0365_n0_k62_img.png,./lidc_patches_all\LIDC-IDRI-0365\LIDC-IDRI-0365_n0_k62_mask.png,105.49994,253,387,287,417,5,1,6,5,4,2,2,5,4
369,LIDC-IDRI-0365,0,63,./lidc_patches_all\LIDC-IDRI-0365\LIDC-IDRI-0365_n0_k63_img.png,./lidc_patches_all\LIDC-IDRI-0365\LIDC-IDRI-0365_n0_k63_mask.png,78.313417,253,387,287,417,5,1,6,5,4,2,2,5,4
