scan_id,patient_id,nodule_index,k_global,img_path,mask_path,area_mm2,nodule_bbox_xmin,nodule_bbox_ymin,nodule_bbox_xmax,nodule_bbox_ymax,ann_subtlety,ann_internalStructure,ann_calcification,ann_sphericity,ann_margin,ann_lobulation,ann_spiculation,ann_texture,ann_malignancy
455,LIDC-IDRI-0450,0,117,./lidc_patches_all\LIDC-IDRI-0450\LIDC-IDRI-0450_n0_k117_img.png,./lidc_patches_all\LIDC-IDRI-0450\LIDC-IDRI-0450_n0_k117_mask.png,30.868010333266994,410,108,437,137,3,1,6,4,3,2,2,5,4
455,LIDC-IDRI-0450,1,133,./lidc_patches_all\LIDC-IDRI-0450\LIDC-IDRI-0450_n1_k133_img.png,./lidc_patches_all\LIDC-IDRI-0450\LIDC-IDRI-0450_n1_k133_mask.png,17.309164672859996,305,66,327,88,2,1,6,4,4,2,2,5,3
455,LIDC-IDRI-0450,2,137,./lidc_patches_all\LIDC-IDRI-0450\LIDC-IDRI-0450_n2_k137_img.png,./lidc_patches_all\LIDC-IDRI-0450\LIDC-IDRI-0450_n2_k137_mask.png,16.155220361335996,356,75,381,99,3,1,6,2,4,1,2,5,2
455,LIDC-IDRI-0450,3,136,./lidc_patches_all\LIDC-IDRI-0450\LIDC-IDRI-0450_n3_k136_img.png,./lidc_patches_all\LIDC-IDRI-0450\LIDC-IDRI-0450_n3_k136_mask.png,22.790400152598995,115,355,140,383,4,1,6,4,4,1,2,5,3
455,LIDC-IDRI-0450,4,155,./lidc_patches_all\LIDC-IDRI-0450\LIDC-IDRI-0450_n4_k155_img.png,./lidc_patches_all\LIDC-IDRI-0450\LIDC-IDRI-0450_n4_k155_mask.png,36.637731890887,399,107,430,136,5,1,6,2,4,2,2,5,3
455,LIDC-IDRI-0450,5,159,./lidc_patches_all\LIDC-IDRI-0450\LIDC-IDRI-0450_n5_k159_img.png,./lidc_patches_all\LIDC-IDRI-0450\LIDC-IDRI-0450_n5_k159_mask.png,33.175898956314995,323,370,350,397,4,1,6,4,4,1,2,5,3
455,LIDC-IDRI-0450,6,166,./lidc_patches_all\LIDC-IDRI-0450\LIDC-IDRI-0450_n6_k166_img.png,./lidc_patches_all\LIDC-IDRI-0450\LIDC-IDRI-0450_n6_k166_mask.png,40.67653698122099,216,413,243,442,5,1,6,3,4,2,2,5,3
455,LIDC-IDRI-0450,7,169,./lidc_patches_all\LIDC-IDRI-0450\LIDC-IDRI-0450_n7_k169_img.png,./lidc_patches_all\LIDC-IDRI-0450\LIDC-IDRI-0450_n7_k169_mask.png,56.54327126467599,272,391,310,430,5,1,6,3,3,4,4,5,4
455,LIDC-IDRI-0450,7,170,./lidc_patches_all\LIDC-IDRI-0450\LIDC-IDRI-0450_n7_k170_img.png,./lidc_patches_all\LIDC-IDRI-0450\LIDC-IDRI-0450_n7_k170_mask.png,66.92877006839198,272,391,310,430,5,1,6,3,3,4,4,5,4
455,LIDC-IDRI-0450,7,171,./lidc_patches_all\LIDC-IDRI-0450\LIDC-IDRI-0450_n7_k171_img.png,./lidc_patches_all\LIDC-IDRI-0450\LIDC-IDRI-0450_n7_k171_mask.png,56.25478518679499,272,391,310,430,5,1,6,3,3,4,4,5,4
455,LIDC-IDRI-0450,7,172,./lidc_patches_all\LIDC-IDRI-0450\LIDC-IDRI-0450_n7_k172_img.png,./lidc_patches_all\LIDC-IDRI-0450\LIDC-IDRI-0450_n7_k172_mask.png,56.54327126467599,272,391,310,430,5,1,6,3,3,4,4,5,4
455,LIDC-IDRI-0450,8,182,./lidc_patches_all\LIDC-IDRI-0450\LIDC-IDRI-0450_n8_k182_img.png,./lidc_patches_all\LIDC-IDRI-0450\LIDC-IDRI-0450_n8_k182_mask.png,29.425579943861994,340,380,367,407,4,1,6,4,4,2,2,4,3
