scan_id,patient_id,nodule_index,k_global,img_path,mask_path,area_mm2,nodule_bbox_xmin,nodule_bbox_ymin,nodule_bbox_xmax,nodule_bbox_ymax,ann_subtlety,ann_internalStructure,ann_calcification,ann_sphericity,ann_margin,ann_lobulation,ann_spiculation,ann_texture,ann_malignancy
52,LIDC-IDRI-0041,0,46,./lidc_patches_all\LIDC-IDRI-0041\LIDC-IDRI-0041_n0_k46_img.png,./lidc_patches_all\LIDC-IDRI-0041\LIDC-IDRI-0041_n0_k46_mask.png,149.38641457036803,311,303,357,341,5,1,6,4,4,4,3,5,4
52,LIDC-IDRI-0041,0,47,./lidc_patches_all\LIDC-IDRI-0041\LIDC-IDRI-0041_n0_k47_img.png,./lidc_patches_all\LIDC-IDRI-0041\LIDC-IDRI-0041_n0_k47_mask.png,229.46291607430402,311,303,357,341,5,1,6,4,4,4,3,5,4
52,LIDC-IDRI-0041,0,48,./lidc_patches_all\LIDC-IDRI-0041\LIDC-IDRI-0041_n0_k48_img.png,./lidc_patches_all\LIDC-IDRI-0041\LIDC-IDRI-0041_n0_k48_mask.png,248.30444583993602,311,303,357,341,5,1,6,4,4,4,3,5,4
52,LIDC-IDRI-0041,0,49,./lidc_patches_all\LIDC-IDRI-0041\LIDC-IDRI-0041_n0_k49_img.png,./lidc_patches_all\LIDC-IDRI-0041\LIDC-IDRI-0041_n0_k49_mask.png,230.80873962899204,311,303,357,341,5,1,6,4,4,4,3,5,4
52,LIDC-IDRI-0041,0,50,./lidc_patches_all\LIDC-IDRI-0041\LIDC-IDRI-0041_n0_k50_img.png,./lidc_patches_all\LIDC-IDRI-0041\LIDC-IDRI-0041_n0_k50_mask.png,158.13426767584002,311,303,357,341,5,1,6,4,4,4,3,5,4
52,LIDC-IDRI-0041,1,56,./lidc_patches_all\LIDC-IDRI-0041\LIDC-IDRI-0041_n1_k56_img.png,./lidc_patches_all\LIDC-IDRI-0041\LIDC-IDRI-0041_n1_k56_mask.png,12.785323769536001,371,312,389,329,1,1,6,1,4,1,1,4,3
52,LIDC-IDRI-0041,2,124,./lidc_patches_all\LIDC-IDRI-0041\LIDC-IDRI-0041_n2_k124_img.png,./lidc_patches_all\LIDC-IDRI-0041\LIDC-IDRI-0041_n2_k124_mask.png,13.458235546880001,374,305,391,322,4,1,3,5,5,1,1,5,1
