scan_id,patient_id,nodule_index,k_global,img_path,mask_path,area_mm2,nodule_bbox_xmin,nodule_bbox_ymin,nodule_bbox_xmax,nodule_bbox_ymax,ann_subtlety,ann_internalStructure,ann_calcification,ann_sphericity,ann_margin,ann_lobulation,ann_spiculation,ann_texture,ann_malignancy
89,LIDC-IDRI-0081,0,66,./lidc_patches_all\LIDC-IDRI-0081\LIDC-IDRI-0081_n0_k66_img.png,./lidc_patches_all\LIDC-IDRI-0081\LIDC-IDRI-0081_n0_k66_mask.png,50.958251953125,286,146,310,178,4,1,6,4,5,1,1,5,4
89,LIDC-IDRI-0081,0,67,./lidc_patches_all\LIDC-IDRI-0081\LIDC-IDRI-0081_n0_k67_img.png,./lidc_patches_all\LIDC-IDRI-0081\LIDC-IDRI-0081_n0_k67_mask.png,73.8525390625,286,146,310,178,4,1,6,4,5,1,1,5,4
89,LIDC-IDRI-0081,0,68,./lidc_patches_all\LIDC-IDRI-0081\LIDC-IDRI-0081_n0_k68_img.png,./lidc_patches_all\LIDC-IDRI-0081\LIDC-IDRI-0081_n0_k68_mask.png,84.19189453125,286,146,310,178,4,1,6,4,5,1,1,5,4
89,LIDC-IDRI-0081,1,94,./lidc_patches_all\LIDC-IDRI-0081\LIDC-IDRI-0081_n1_k94_img.png,./lidc_patches_all\LIDC-IDRI-0081\LIDC-IDRI-0081_n1_k94_mask.png,96.00830078125,308,120,348,154,5,1,4,3,5,3,3,5,4
89,LIDC-IDRI-0081,1,95,./lidc_patches_all\LIDC-IDRI-0081\LIDC-IDRI-0081_n1_k95_img.png,./lidc_patches_all\LIDC-IDRI-0081\LIDC-IDRI-0081_n1_k95_mask.png,157.305908203125,308,120,348,154,5,1,4,3,5,3,3,5,4
89,LIDC-IDRI-0081,1,96,./lidc_patches_all\LIDC-IDRI-0081\LIDC-IDRI-0081_n1_k96_img.png,./lidc_patches_all\LIDC-IDRI-0081\LIDC-IDRI-0081_n1_k96_mask.png,209.002685546875,308,120,348,154,5,1,4,3,5,3,3,5,4
89,LIDC-IDRI-0081,1,97,./lidc_patches_all\LIDC-IDRI-0081\LIDC-IDRI-0081_n1_k97_img.png,./lidc_patches_all\LIDC-IDRI-0081\LIDC-IDRI-0081_n1_k97_mask.png,179.461669921875,308,120,348,154,5,1,4,3,5,3,3,5,4
89,LIDC-IDRI-0081,1,98,./lidc_patches_all\LIDC-IDRI-0081\LIDC-IDRI-0081_n1_k98_img.png,./lidc_patches_all\LIDC-IDRI-0081\LIDC-IDRI-0081_n1_k98_mask.png,180.938720703125,308,120,348,154,5,1,4,3,5,3,3,5,4
