scan_id,patient_id,nodule_index,k_global,img_path,mask_path,area_mm2,nodule_bbox_xmin,nodule_bbox_ymin,nodule_bbox_xmax,nodule_bbox_ymax,ann_subtlety,ann_internalStructure,ann_calcification,ann_sphericity,ann_margin,ann_lobulation,ann_spiculation,ann_texture,ann_malignancy
140,LIDC-IDRI-0137,0,30,./lidc_patches_all\LIDC-IDRI-0137\LIDC-IDRI-0137_n0_k30_img.png,./lidc_patches_all\LIDC-IDRI-0137\LIDC-IDRI-0137_n0_k30_mask.png,11.5966796875,381,325,399,341,4,1,3,5,5,2,1,5,1
140,LIDC-IDRI-0137,1,102,./lidc_patches_all\LIDC-IDRI-0137\LIDC-IDRI-0137_n1_k102_img.png,./lidc_patches_all\LIDC-IDRI-0137\LIDC-IDRI-0137_n1_k102_mask.png,95.8251953125,339,90,391,147,5,1,6,3,3,2,3,5,4
140,LIDC-IDRI-0137,1,103,./lidc_patches_all\LIDC-IDRI-0137\LIDC-IDRI-0137_n1_k103_img.png,./lidc_patches_all\LIDC-IDRI-0137\LIDC-IDRI-0137_n1_k103_mask.png,224.609375,339,90,391,147,5,1,6,3,3,2,3,5,4
140,LIDC-IDRI-0137,1,104,./lidc_patches_all\LIDC-IDRI-0137\LIDC-IDRI-0137_n1_k104_img.png,./lidc_patches_all\LIDC-IDRI-0137\LIDC-IDRI-0137_n1_k104_mask.png,312.5,339,90,391,147,5,1,6,3,3,2,3,5,4
140,LIDC-IDRI-0137,1,105,./lidc_patches_all\LIDC-IDRI-0137\LIDC-IDRI-0137_n1_k105_img.png,./lidc_patches_all\LIDC-IDRI-0137\LIDC-IDRI-0137_n1_k105_mask.png,286.2548828125,339,90,391,147,5,1,6,3,3,2,3,5,4
140,LIDC-IDRI-0137,1,106,./lidc_patches_all\LIDC-IDRI-0137\LIDC-IDRI-0137_n1_k106_img.png,./lidc_patches_all\LIDC-IDRI-0137\LIDC-IDRI-0137_n1_k106_mask.png,195.3125,339,90,391,147,5,1,6,3,3,2,3,5,4
140,LIDC-IDRI-0137,2,107,./lidc_patches_all\LIDC-IDRI-0137\LIDC-IDRI-0137_n2_k107_img.png,./lidc_patches_all\LIDC-IDRI-0137\LIDC-IDRI-0137_n2_k107_mask.png,51.26953125,249,104,294,131,5,1,6,3,4,3,2,5,4
140,LIDC-IDRI-0137,2,108,./lidc_patches_all\LIDC-IDRI-0137\LIDC-IDRI-0137_n2_k108_img.png,./lidc_patches_all\LIDC-IDRI-0137\LIDC-IDRI-0137_n2_k108_mask.png,108.642578125,249,104,294,131,5,1,6,3,4,3,2,5,4
140,LIDC-IDRI-0137,2,109,./lidc_patches_all\LIDC-IDRI-0137\LIDC-IDRI-0137_n2_k109_img.png,./lidc_patches_all\LIDC-IDRI-0137\LIDC-IDRI-0137_n2_k109_mask.png,123.291015625,249,104,294,131,5,1,6,3,4,3,2,5,4
