scan_id,patient_id,nodule_index,k_global,img_path,mask_path,area_mm2,nodule_bbox_xmin,nodule_bbox_ymin,nodule_bbox_xmax,nodule_bbox_ymax,ann_subtlety,ann_internalStructure,ann_calcification,ann_sphericity,ann_margin,ann_lobulation,ann_spiculation,ann_texture,ann_malignancy
120,LIDC-IDRI-0114,0,88,./lidc_patches_all\LIDC-IDRI-0114\LIDC-IDRI-0114_n0_k88_img.png,./lidc_patches_all\LIDC-IDRI-0114\LIDC-IDRI-0114_n0_k88_mask.png,70.29529387207599,268,110,299,142,4,1,6,4,4,2,2,5,4
120,LIDC-IDRI-0114,0,89,./lidc_patches_all\LIDC-IDRI-0114\LIDC-IDRI-0114_n0_k89_img.png,./lidc_patches_all\LIDC-IDRI-0114\LIDC-IDRI-0114_n0_k89_mask.png,71.06776962891199,268,110,299,142,4,1,6,4,4,2,2,5,4
120,LIDC-IDRI-0114,0,90,./lidc_patches_all\LIDC-IDRI-0114\LIDC-IDRI-0114_n0_k90_img.png,./lidc_patches_all\LIDC-IDRI-0114\LIDC-IDRI-0114_n0_k90_mask.png,87.28976052246799,268,110,299,142,4,1,6,4,4,2,2,5,4
120,LIDC-IDRI-0114,0,91,./lidc_patches_all\LIDC-IDRI-0114\LIDC-IDRI-0114_n0_k91_img.png,./lidc_patches_all\LIDC-IDRI-0114\LIDC-IDRI-0114_n0_k91_mask.png,55.618254492191994,268,110,299,142,4,1,6,4,4,2,2,5,4
