scan_id,patient_id,nodule_index,k_global,img_path,mask_path,area_mm2,nodule_bbox_xmin,nodule_bbox_ymin,nodule_bbox_xmax,nodule_bbox_ymax,ann_subtlety,ann_internalStructure,ann_calcification,ann_sphericity,ann_margin,ann_lobulation,ann_spiculation,ann_texture,ann_malignancy
266,LIDC-IDRI-0266,0,181,./lidc_patches_all\LIDC-IDRI-0266\LIDC-IDRI-0266_n0_k181_img.png,./lidc_patches_all\LIDC-IDRI-0266\LIDC-IDRI-0266_n0_k181_mask.png,481.10736876980405,287,133,347,202,5,1,6,4,4,2,2,5,4
266,LIDC-IDRI-0266,0,182,./lidc_patches_all\LIDC-IDRI-0266\LIDC-IDRI-0266_n0_k182_img.png,./lidc_patches_all\LIDC-IDRI-0266\LIDC-IDRI-0266_n0_k182_mask.png,503.156285762004,287,133,347,202,5,1,6,4,4,2,2,5,4
266,LIDC-IDRI-0266,0,183,./lidc_patches_all\LIDC-IDRI-0266\LIDC-IDRI-0266_n0_k183_img.png,./lidc_patches_all\LIDC-IDRI-0266\LIDC-IDRI-0266_n0_k183_mask.png,548.136076426092,287,133,347,202,5,1,6,4,4,2,2,5,4
266,LIDC-IDRI-0266,0,184,./lidc_patches_all\LIDC-IDRI-0266\LIDC-IDRI-0266_n0_k184_img.png,./lidc_patches_all\LIDC-IDRI-0266\LIDC-IDRI-0266_n0_k184_mask.png,515.062700937792,287,133,347,202,5,1,6,4,4,2,2,5,4
266,LIDC-IDRI-0266,0,185,./lidc_patches_all\LIDC-IDRI-0266\LIDC-IDRI-0266_n0_k185_img.png,./lidc_patches_all\LIDC-IDRI-0266\LIDC-IDRI-0266_n0_k185_mask.png,519.0315059963881,287,133,347,202,5,1,6,4,4,2,2,5,4
