scan_id,patient_id,nodule_index,k_global,img_path,mask_path,area_mm2,nodule_bbox_xmin,nodule_bbox_ymin,nodule_bbox_xmax,nodule_bbox_ymax,ann_subtlety,ann_internalStructure,ann_calcification,ann_sphericity,ann_margin,ann_lobulation,ann_spiculation,ann_texture,ann_malignancy
241,LIDC-IDRI-0241,0,103,./lidc_patches_all\LIDC-IDRI-0241\LIDC-IDRI-0241_n0_k103_img.png,./lidc_patches_all\LIDC-IDRI-0241\LIDC-IDRI-0241_n0_k103_mask.png,12.617120434572001,333,72,360,92,4,1,6,4,5,2,1,5,3
241,LIDC-IDRI-0241,1,104,./lidc_patches_all\LIDC-IDRI-0241\LIDC-IDRI-0241_n1_k104_img.png,./lidc_patches_all\LIDC-IDRI-0241\LIDC-IDRI-0241_n1_k104_mask.png,9.813315893556,328,65,346,82,2,1,6,5,5,1,1,5,2
241,LIDC-IDRI-0241,2,104,./lidc_patches_all\LIDC-IDRI-0241\LIDC-IDRI-0241_n2_k104_img.png,./lidc_patches_all\LIDC-IDRI-0241\LIDC-IDRI-0241_n2_k104_mask.png,11.682518920900002,365,337,383,355,2,1,6,5,5,1,1,5,2
241,LIDC-IDRI-0241,3,109,./lidc_patches_all\LIDC-IDRI-0241\LIDC-IDRI-0241_n3_k109_img.png,./lidc_patches_all\LIDC-IDRI-0241\LIDC-IDRI-0241_n3_k109_mask.png,28.038045410160002,196,67,218,92,4,1,6,2,4,2,2,4,2
241,LIDC-IDRI-0241,4,113,./lidc_patches_all\LIDC-IDRI-0241\LIDC-IDRI-0241_n4_k113_img.png,./lidc_patches_all\LIDC-IDRI-0241\LIDC-IDRI-0241_n4_k113_mask.png,21.495834814456,386,122,406,144,3,1,6,2,4,2,1,4,2
