scan_id,patient_id,nodule_index,k_global,img_path,mask_path,area_mm2,nodule_bbox_xmin,nodule_bbox_ymin,nodule_bbox_xmax,nodule_bbox_ymax,ann_subtlety,ann_internalStructure,ann_calcification,ann_sphericity,ann_margin,ann_lobulation,ann_spiculation,ann_texture,ann_malignancy
443,LIDC-IDRI-0439,0,65,./lidc_patches_all\LIDC-IDRI-0439\LIDC-IDRI-0439_n0_k65_img.png,./lidc_patches_all\LIDC-IDRI-0439\LIDC-IDRI-0439_n0_k65_mask.png,14.844783999999999,256,429,275,447,4,1,6,4,4,5,4,5,2
443,LIDC-IDRI-0439,1,80,./lidc_patches_all\LIDC-IDRI-0439\LIDC-IDRI-0439_n1_k80_img.png,./lidc_patches_all\LIDC-IDRI-0439\LIDC-IDRI-0439_n1_k80_mask.png,158.982848,359,145,413,211,5,1,6,3,2,4,3,4,4
443,LIDC-IDRI-0439,1,81,./lidc_patches_all\LIDC-IDRI-0439\LIDC-IDRI-0439_n1_k81_img.png,./lidc_patches_all\LIDC-IDRI-0439\LIDC-IDRI-0439_n1_k81_mask.png,258.58655999999996,359,145,413,211,5,1,6,3,2,4,3,4,4
443,LIDC-IDRI-0439,1,82,./lidc_patches_all\LIDC-IDRI-0439\LIDC-IDRI-0439_n1_k82_img.png,./lidc_patches_all\LIDC-IDRI-0439\LIDC-IDRI-0439_n1_k82_mask.png,309.346144,359,145,413,211,5,1,6,3,2,4,3,4,4
443,LIDC-IDRI-0439,1,83,./lidc_patches_all\LIDC-IDRI-0439\LIDC-IDRI-0439_n1_k83_img.png,./lidc_patches_all\LIDC-IDRI-0439\LIDC-IDRI-0439_n1_k83_mask.png,206.86924799999997,359,145,413,211,5,1,6,3,2,4,3,4,4
