scan_id,patient_id,nodule_index,k_global,img_path,mask_path,area_mm2,nodule_bbox_xmin,nodule_bbox_ymin,nodule_bbox_xmax,nodule_bbox_ymax,ann_subtlety,ann_internalStructure,ann_calcification,ann_sphericity,ann_margin,ann_lobulation,ann_spiculation,ann_texture,ann_malignancy
240,LIDC-IDRI-0240,0,44,./lidc_patches_all\LIDC-IDRI-0240\LIDC-IDRI-0240_n0_k44_img.png,./lidc_patches_all\LIDC-IDRI-0240\LIDC-IDRI-0240_n0_k44_mask.png,122.113037109375,314,332,350,367,3,1,6,3,2,2,2,1,3
240,LIDC-IDRI-0240,0,45,./lidc_patches_all\LIDC-IDRI-0240\LIDC-IDRI-0240_n0_k45_img.png,./lidc_patches_all\LIDC-IDRI-0240\LIDC-IDRI-0240_n0_k45_mask.png,115.68603515625,314,332,350,367,3,1,6,3,2,2,2,1,3
240,LIDC-IDRI-0240,0,46,./lidc_patches_all\LIDC-IDRI-0240\LIDC-IDRI-0240_n0_k46_img.png,./lidc_patches_all\LIDC-IDRI-0240\LIDC-IDRI-0240_n0_k46_mask.png,114.202880859375,314,332,350,367,3,1,6,3,2,2,2,1,3
240,LIDC-IDRI-0240,1,52,./lidc_patches_all\LIDC-IDRI-0240\LIDC-IDRI-0240_n1_k52_img.png,./lidc_patches_all\LIDC-IDRI-0240\LIDC-IDRI-0240_n1_k52_mask.png,28.67431640625,295,103,318,124,1,1,6,5,1,1,1,1,2
240,LIDC-IDRI-0240,2,57,./lidc_patches_all\LIDC-IDRI-0240\LIDC-IDRI-0240_n2_k57_img.png,./lidc_patches_all\LIDC-IDRI-0240\LIDC-IDRI-0240_n2_k57_mask.png,11.370849609375,202,363,220,383,1,1,6,2,4,2,3,3,3
240,LIDC-IDRI-0240,3,62,./lidc_patches_all\LIDC-IDRI-0240\LIDC-IDRI-0240_n3_k62_img.png,./lidc_patches_all\LIDC-IDRI-0240\LIDC-IDRI-0240_n3_k62_mask.png,11.370849609375,209,350,225,370,1,1,6,2,3,2,2,2,3
240,LIDC-IDRI-0240,4,60,./lidc_patches_all\LIDC-IDRI-0240\LIDC-IDRI-0240_n4_k60_img.png,./lidc_patches_all\LIDC-IDRI-0240\LIDC-IDRI-0240_n4_k60_mask.png,180.94482421875,188,360,238,411,5,1,6,3,2,4,4,4,4
240,LIDC-IDRI-0240,4,61,./lidc_patches_all\LIDC-IDRI-0240\LIDC-IDRI-0240_n4_k61_img.png,./lidc_patches_all\LIDC-IDRI-0240\LIDC-IDRI-0240_n4_k61_mask.png,255.1025390625,188,360,238,411,5,1,6,3,2,4,4,4,4
240,LIDC-IDRI-0240,4,62,./lidc_patches_all\LIDC-IDRI-0240\LIDC-IDRI-0240_n4_k62_img.png,./lidc_patches_all\LIDC-IDRI-0240\LIDC-IDRI-0240_n4_k62_mask.png,281.79931640625,188,360,238,411,5,1,6,3,2,4,4,4,4
240,LIDC-IDRI-0240,4,63,./lidc_patches_all\LIDC-IDRI-0240\LIDC-IDRI-0240_n4_k63_img.png,./lidc_patches_all\LIDC-IDRI-0240\LIDC-IDRI-0240_n4_k63_mask.png,223.956298828125,188,360,238,411,5,1,6,3,2,4,4,4,4
240,LIDC-IDRI-0240,4,64,./lidc_patches_all\LIDC-IDRI-0240\LIDC-IDRI-0240_n4_k64_img.png,./lidc_patches_all\LIDC-IDRI-0240\LIDC-IDRI-0240_n4_k64_mask.png,141.888427734375,188,360,238,411,5,1,6,3,2,4,4,4,4
