scan_id,patient_id,nodule_index,k_global,img_path,mask_path,area_mm2,nodule_bbox_xmin,nodule_bbox_ymin,nodule_bbox_xmax,nodule_bbox_ymax,ann_subtlety,ann_internalStructure,ann_calcification,ann_sphericity,ann_margin,ann_lobulation,ann_spiculation,ann_texture,ann_malignancy
1018,LIDC-IDRI-0127,0,72,./lidc_patches_all\LIDC-IDRI-0127\LIDC-IDRI-0127_n0_k72_img.png,./lidc_patches_all\LIDC-IDRI-0127\LIDC-IDRI-0127_n0_k72_mask.png,904.275089263916,325,338,386,400,5,1,4,5,5,3,3,5,2
1018,LIDC-IDRI-0127,0,73,./lidc_patches_all\LIDC-IDRI-0127\LIDC-IDRI-0127_n0_k73_img.png,./lidc_patches_all\LIDC-IDRI-0127\LIDC-IDRI-0127_n0_k73_mask.png,974.7223091125488,325,338,386,400,5,1,4,5,5,3,3,5,2
1018,LIDC-IDRI-0127,0,74,./lidc_patches_all\LIDC-IDRI-0127\LIDC-IDRI-0127_n0_k74_img.png,./lidc_patches_all\LIDC-IDRI-0127\LIDC-IDRI-0127_n0_k74_mask.png,999.0144538879395,325,338,386,400,5,1,4,5,5,3,3,5,2
1018,LIDC-IDRI-0127,0,75,./lidc_patches_all\LIDC-IDRI-0127\LIDC-IDRI-0127_n0_k75_img.png,./lidc_patches_all\LIDC-IDRI-0127\LIDC-IDRI-0127_n0_k75_mask.png,949.8228607177734,325,338,386,400,5,1,4,5,5,3,3,5,2
1018,LIDC-IDRI-0127,0,76,./lidc_patches_all\LIDC-IDRI-0127\LIDC-IDRI-0127_n0_k76_img.png,./lidc_patches_all\LIDC-IDRI-0127\LIDC-IDRI-0127_n0_k76_mask.png,849.6177635192871,325,338,386,400,5,1,4,5,5,3,3,5,2
