scan_id,patient_id,nodule_index,k_global,img_path,mask_path,area_mm2,nodule_bbox_xmin,nodule_bbox_ymin,nodule_bbox_xmax,nodule_bbox_ymax,ann_subtlety,ann_internalStructure,ann_calcification,ann_sphericity,ann_margin,ann_lobulation,ann_spiculation,ann_texture,ann_malignancy
390,LIDC-IDRI-0386,0,113,./lidc_patches_all\LIDC-IDRI-0386\LIDC-IDRI-0386_n0_k113_img.png,./lidc_patches_all\LIDC-IDRI-0386\LIDC-IDRI-0386_n0_k113_mask.png,11.016860546879998,356,126,372,144,3,1,3,3,5,1,1,5,1
390,LIDC-IDRI-0386,1,260,./lidc_patches_all\LIDC-IDRI-0386\LIDC-IDRI-0386_n1_k260_img.png,./lidc_patches_all\LIDC-IDRI-0386\LIDC-IDRI-0386_n1_k260_mask.png,29.194680449231996,287,116,311,140,2,1,6,4,3,2,1,2,3
390,LIDC-IDRI-0386,2,292,./lidc_patches_all\LIDC-IDRI-0386\LIDC-IDRI-0386_n2_k292_img.png,./lidc_patches_all\LIDC-IDRI-0386\LIDC-IDRI-0386_n2_k292_mask.png,14.321918710943997,360,143,379,161,4,1,3,4,5,1,1,5,1
390,LIDC-IDRI-0386,3,306,./lidc_patches_all\LIDC-IDRI-0386\LIDC-IDRI-0386_n3_k306_img.png,./lidc_patches_all\LIDC-IDRI-0386\LIDC-IDRI-0386_n3_k306_mask.png,30.296366503919995,318,178,340,200,4,1,3,4,5,1,1,5,1
390,LIDC-IDRI-0386,4,354,./lidc_patches_all\LIDC-IDRI-0386\LIDC-IDRI-0386_n4_k354_img.png,./lidc_patches_all\LIDC-IDRI-0386\LIDC-IDRI-0386_n4_k354_mask.png,25.889622285167995,209,148,232,170,2,1,6,4,4,1,2,2,3
390,LIDC-IDRI-0386,5,386,./lidc_patches_all\LIDC-IDRI-0386\LIDC-IDRI-0386_n5_k386_img.png,./lidc_patches_all\LIDC-IDRI-0386\LIDC-IDRI-0386_n5_k386_mask.png,14.321918710943997,220,381,238,399,3,1,6,2,4,1,2,4,4
