scan_id,patient_id,nodule_index,k_global,img_path,mask_path,area_mm2,nodule_bbox_xmin,nodule_bbox_ymin,nodule_bbox_xmax,nodule_bbox_ymax,ann_subtlety,ann_internalStructure,ann_calcification,ann_sphericity,ann_margin,ann_lobulation,ann_spiculation,ann_texture,ann_malignancy
274,LIDC-IDRI-0274,0,79,./lidc_patches_all\LIDC-IDRI-0274\LIDC-IDRI-0274_n0_k79_img.png,./lidc_patches_all\LIDC-IDRI-0274\LIDC-IDRI-0274_n0_k79_mask.png,51.69677734375,293,136,320,160,5,1,6,4,5,2,1,5,3
274,LIDC-IDRI-0274,0,80,./lidc_patches_all\LIDC-IDRI-0274\LIDC-IDRI-0274_n0_k80_img.png,./lidc_patches_all\LIDC-IDRI-0274\LIDC-IDRI-0274_n0_k80_mask.png,78.28369140625,293,136,320,160,5,1,6,4,5,2,1,5,3
274,LIDC-IDRI-0274,0,81,./lidc_patches_all\LIDC-IDRI-0274\LIDC-IDRI-0274_n0_k81_img.png,./lidc_patches_all\LIDC-IDRI-0274\LIDC-IDRI-0274_n0_k81_mask.png,82.71484375,293,136,320,160,5,1,6,4,5,2,1,5,3
274,LIDC-IDRI-0274,0,82,./lidc_patches_all\LIDC-IDRI-0274\LIDC-IDRI-0274_n0_k82_img.png,./lidc_patches_all\LIDC-IDRI-0274\LIDC-IDRI-0274_n0_k82_mask.png,76.068115234375,293,136,320,160,5,1,6,4,5,2,1,5,3
