scan_id,patient_id,nodule_index,k_global,img_path,mask_path,area_mm2,nodule_bbox_xmin,nodule_bbox_ymin,nodule_bbox_xmax,nodule_bbox_ymax,ann_subtlety,ann_internalStructure,ann_calcification,ann_sphericity,ann_margin,ann_lobulation,ann_spiculation,ann_texture,ann_malignancy
63,LIDC-IDRI-0052,0,84,./lidc_patches_all\LIDC-IDRI-0052\LIDC-IDRI-0052_n0_k84_img.png,./lidc_patches_all\LIDC-IDRI-0052\LIDC-IDRI-0052_n0_k84_mask.png,42.96575613283199,221,336,245,364,3,1,6,4,5,1,1,5,2
63,LIDC-IDRI-0052,1,225,./lidc_patches_all\LIDC-IDRI-0052\LIDC-IDRI-0052_n1_k225_img.png,./lidc_patches_all\LIDC-IDRI-0052\LIDC-IDRI-0052_n1_k225_mask.png,144.871716191472,268,135,346,229,5,1,6,3,4,3,4,5,5
63,LIDC-IDRI-0052,1,226,./lidc_patches_all\LIDC-IDRI-0052\LIDC-IDRI-0052_n1_k226_img.png,./lidc_patches_all\LIDC-IDRI-0052\LIDC-IDRI-0052_n1_k226_mask.png,161.39700701179197,268,135,346,229,5,1,6,3,4,3,4,5,5
63,LIDC-IDRI-0052,1,227,./lidc_patches_all\LIDC-IDRI-0052\LIDC-IDRI-0052_n1_k227_img.png,./lidc_patches_all\LIDC-IDRI-0052\LIDC-IDRI-0052_n1_k227_mask.png,196.65096076180797,268,135,346,229,5,1,6,3,4,3,4,5,5
63,LIDC-IDRI-0052,1,228,./lidc_patches_all\LIDC-IDRI-0052\LIDC-IDRI-0052_n1_k228_img.png,./lidc_patches_all\LIDC-IDRI-0052\LIDC-IDRI-0052_n1_k228_mask.png,136.05822775396797,268,135,346,229,5,1,6,3,4,3,4,5,5
63,LIDC-IDRI-0052,1,229,./lidc_patches_all\LIDC-IDRI-0052\LIDC-IDRI-0052_n1_k229_img.png,./lidc_patches_all\LIDC-IDRI-0052\LIDC-IDRI-0052_n1_k229_mask.png,173.51555361335997,268,135,346,229,5,1,6,3,4,3,4,5,5
