scan_id,patient_id,nodule_index,k_global,img_path,mask_path,area_mm2,nodule_bbox_xmin,nodule_bbox_ymin,nodule_bbox_xmax,nodule_bbox_ymax,ann_subtlety,ann_internalStructure,ann_calcification,ann_sphericity,ann_margin,ann_lobulation,ann_spiculation,ann_texture,ann_malignancy
361,LIDC-IDRI-0358,0,89,./lidc_patches_all\LIDC-IDRI-0358\LIDC-IDRI-0358_n0_k89_img.png,./lidc_patches_all\LIDC-IDRI-0358\LIDC-IDRI-0358_n0_k89_mask.png,10.32266616821289,315,111,332,130,4,1,4,5,5,1,2,5,2
361,LIDC-IDRI-0358,1,99,./lidc_patches_all\LIDC-IDRI-0358\LIDC-IDRI-0358_n1_k99_img.png,./lidc_patches_all\LIDC-IDRI-0358\LIDC-IDRI-0358_n1_k99_mask.png,11.561386108398438,294,173,312,191,3,1,3,5,5,1,1,5,1
361,LIDC-IDRI-0358,2,107,./lidc_patches_all\LIDC-IDRI-0358\LIDC-IDRI-0358_n2_k107_img.png,./lidc_patches_all\LIDC-IDRI-0358\LIDC-IDRI-0358_n2_k107_mask.png,8.671039581298828,135,408,153,425,1,1,6,5,5,1,1,5,2
361,LIDC-IDRI-0358,3,113,./lidc_patches_all\LIDC-IDRI-0358\LIDC-IDRI-0358_n3_k113_img.png,./lidc_patches_all\LIDC-IDRI-0358\LIDC-IDRI-0358_n3_k113_mask.png,9.083946228027344,87,367,104,385,2,1,6,3,5,1,1,5,2
361,LIDC-IDRI-0358,4,115,./lidc_patches_all\LIDC-IDRI-0358\LIDC-IDRI-0358_n4_k115_img.png,./lidc_patches_all\LIDC-IDRI-0358\LIDC-IDRI-0358_n4_k115_mask.png,11.974292755126953,163,292,182,311,4,1,4,4,4,1,1,5,2
361,LIDC-IDRI-0358,5,171,./lidc_patches_all\LIDC-IDRI-0358\LIDC-IDRI-0358_n5_k171_img.png,./lidc_patches_all\LIDC-IDRI-0358\LIDC-IDRI-0358_n5_k171_mask.png,33.85834503173828,112,344,138,372,4,1,6,3,4,2,1,5,2
361,LIDC-IDRI-0358,6,176,./lidc_patches_all\LIDC-IDRI-0358\LIDC-IDRI-0358_n6_k176_img.png,./lidc_patches_all\LIDC-IDRI-0358\LIDC-IDRI-0358_n6_k176_mask.png,6.193599700927734,223,148,241,164,4,1,4,4,4,2,2,5,2
361,LIDC-IDRI-0358,7,258,./lidc_patches_all\LIDC-IDRI-0358\LIDC-IDRI-0358_n7_k258_img.png,./lidc_patches_all\LIDC-IDRI-0358\LIDC-IDRI-0358_n7_k258_mask.png,37.57450485229492,196,96,219,122,5,1,6,4,5,2,2,4,3
