scan_id,patient_id,nodule_index,k_global,img_path,mask_path,area_mm2,nodule_bbox_xmin,nodule_bbox_ymin,nodule_bbox_xmax,nodule_bbox_ymax,ann_subtlety,ann_internalStructure,ann_calcification,ann_sphericity,ann_margin,ann_lobulation,ann_spiculation,ann_texture,ann_malignancy
413,LIDC-IDRI-0409,0,43,./lidc_patches_all\LIDC-IDRI-0409\LIDC-IDRI-0409_n0_k43_img.png,./lidc_patches_all\LIDC-IDRI-0409\LIDC-IDRI-0409_n0_k43_mask.png,35.31217956542969,363,172,385,196,5,1,5,5,5,1,1,5,2
413,LIDC-IDRI-0409,1,55,./lidc_patches_all\LIDC-IDRI-0409\LIDC-IDRI-0409_n1_k55_img.png,./lidc_patches_all\LIDC-IDRI-0409\LIDC-IDRI-0409_n1_k55_mask.png,54.3621711730957,315,296,345,320,4,1,6,3,4,1,1,5,3
413,LIDC-IDRI-0409,1,56,./lidc_patches_all\LIDC-IDRI-0409\LIDC-IDRI-0409_n1_k56_img.png,./lidc_patches_all\LIDC-IDRI-0409\LIDC-IDRI-0409_n1_k56_mask.png,60.40241241455078,315,296,345,320,4,1,6,3,4,1,1,5,3
413,LIDC-IDRI-0409,1,57,./lidc_patches_all\LIDC-IDRI-0409\LIDC-IDRI-0409_n1_k57_img.png,./lidc_patches_all\LIDC-IDRI-0409\LIDC-IDRI-0409_n1_k57_mask.png,63.654850006103516,315,296,345,320,4,1,6,3,4,1,1,5,3
413,LIDC-IDRI-0409,2,87,./lidc_patches_all\LIDC-IDRI-0409\LIDC-IDRI-0409_n2_k87_img.png,./lidc_patches_all\LIDC-IDRI-0409\LIDC-IDRI-0409_n2_k87_mask.png,9.757312774658203,161,458,182,477,5,1,6,4,4,1,1,5,3
413,LIDC-IDRI-0409,3,134,./lidc_patches_all\LIDC-IDRI-0409\LIDC-IDRI-0409_n3_k134_img.png,./lidc_patches_all\LIDC-IDRI-0409\LIDC-IDRI-0409_n3_k134_mask.png,61.33168029785156,331,77,359,102,4,1,6,4,4,1,2,4,2
413,LIDC-IDRI-0409,3,135,./lidc_patches_all\LIDC-IDRI-0409\LIDC-IDRI-0409_n3_k135_img.png,./lidc_patches_all\LIDC-IDRI-0409\LIDC-IDRI-0409_n3_k135_mask.png,67.83655548095703,331,77,359,102,4,1,6,4,4,1,2,4,2
413,LIDC-IDRI-0409,4,178,./lidc_patches_all\LIDC-IDRI-0409\LIDC-IDRI-0409_n4_k178_img.png,./lidc_patches_all\LIDC-IDRI-0409\LIDC-IDRI-0409_n4_k178_mask.png,5.5756072998046875,96,327,111,345,5,1,6,5,5,1,1,5,3
413,LIDC-IDRI-0409,5,236,./lidc_patches_all\LIDC-IDRI-0409\LIDC-IDRI-0409_n5_k236_img.png,./lidc_patches_all\LIDC-IDRI-0409\LIDC-IDRI-0409_n5_k236_mask.png,7.43414306640625,203,165,220,182,5,1,6,5,5,1,1,5,3
