scan_id,patient_id,nodule_index,k_global,img_path,mask_path,area_mm2,nodule_bbox_xmin,nodule_bbox_ymin,nodule_bbox_xmax,nodule_bbox_ymax,ann_subtlety,ann_internalStructure,ann_calcification,ann_sphericity,ann_margin,ann_lobulation,ann_spiculation,ann_texture,ann_malignancy
65,LIDC-IDRI-0054,0,83,./lidc_patches_all\LIDC-IDRI-0054\LIDC-IDRI-0054_n0_k83_img.png,./lidc_patches_all\LIDC-IDRI-0054\LIDC-IDRI-0054_n0_k83_mask.png,131.2255859375,269,383,307,424,4,1,6,4,4,2,2,5,4
65,LIDC-IDRI-0054,0,84,./lidc_patches_all\LIDC-IDRI-0054\LIDC-IDRI-0054_n0_k84_img.png,./lidc_patches_all\LIDC-IDRI-0054\LIDC-IDRI-0054_n0_k84_mask.png,173.9501953125,269,383,307,424,4,1,6,4,4,2,2,5,4
65,LIDC-IDRI-0054,0,85,./lidc_patches_all\LIDC-IDRI-0054\LIDC-IDRI-0054_n0_k85_img.png,./lidc_patches_all\LIDC-IDRI-0054\LIDC-IDRI-0054_n0_k85_mask.png,181.2744140625,269,383,307,424,4,1,6,4,4,2,2,5,4
65,LIDC-IDRI-0054,0,86,./lidc_patches_all\LIDC-IDRI-0054\LIDC-IDRI-0054_n0_k86_img.png,./lidc_patches_all\LIDC-IDRI-0054\LIDC-IDRI-0054_n0_k86_mask.png,173.9501953125,269,383,307,424,4,1,6,4,4,2,2,5,4
65,LIDC-IDRI-0054,0,87,./lidc_patches_all\LIDC-IDRI-0054\LIDC-IDRI-0054_n0_k87_img.png,./lidc_patches_all\LIDC-IDRI-0054\LIDC-IDRI-0054_n0_k87_mask.png,136.71875,269,383,307,424,4,1,6,4,4,2,2,5,4
