scan_id,patient_id,nodule_index,k_global,img_path,mask_path,area_mm2,nodule_bbox_xmin,nodule_bbox_ymin,nodule_bbox_xmax,nodule_bbox_ymax,ann_subtlety,ann_internalStructure,ann_calcification,ann_sphericity,ann_margin,ann_lobulation,ann_spiculation,ann_texture,ann_malignancy
343,LIDC-IDRI-0341,0,75,./lidc_patches_all\LIDC-IDRI-0341\LIDC-IDRI-0341_n0_k75_img.png,./lidc_patches_all\LIDC-IDRI-0341\LIDC-IDRI-0341_n0_k75_mask.png,19.807893421887997,213,42,237,60,3,1,6,2,5,1,1,5,2
343,LIDC-IDRI-0341,1,81,./lidc_patches_all\LIDC-IDRI-0341\LIDC-IDRI-0341_n1_k81_img.png,./lidc_patches_all\LIDC-IDRI-0341\LIDC-IDRI-0341_n1_k81_mask.png,14.855920066416,294,416,314,439,3,1,6,4,4,1,2,5,2
343,LIDC-IDRI-0341,2,94,./lidc_patches_all\LIDC-IDRI-0341\LIDC-IDRI-0341_n2_k94_img.png,./lidc_patches_all\LIDC-IDRI-0341\LIDC-IDRI-0341_n2_k94_mask.png,15.617762121103999,304,380,324,399,4,1,6,3,5,2,1,5,2
343,LIDC-IDRI-0341,3,103,./lidc_patches_all\LIDC-IDRI-0341\LIDC-IDRI-0341_n3_k103_img.png,./lidc_patches_all\LIDC-IDRI-0341\LIDC-IDRI-0341_n3_k103_mask.png,17.522367257823998,260,415,282,435,3,1,6,4,4,2,2,5,3
343,LIDC-IDRI-0341,4,108,./lidc_patches_all\LIDC-IDRI-0341\LIDC-IDRI-0341_n4_k108_img.png,./lidc_patches_all\LIDC-IDRI-0341\LIDC-IDRI-0341_n4_k108_mask.png,9.523025683599998,158,84,175,102,2,1,6,3,4,2,2,4,3
343,LIDC-IDRI-0341,5,133,./lidc_patches_all\LIDC-IDRI-0341\LIDC-IDRI-0341_n5_k133_img.png,./lidc_patches_all\LIDC-IDRI-0341\LIDC-IDRI-0341_n5_k133_mask.png,25.140787804703997,381,278,405,303,4,1,6,3,4,1,2,5,3
