scan_id,patient_id,nodule_index,k_global,img_path,mask_path,area_mm2,nodule_bbox_xmin,nodule_bbox_ymin,nodule_bbox_xmax,nodule_bbox_ymax,ann_subtlety,ann_internalStructure,ann_calcification,ann_sphericity,ann_margin,ann_lobulation,ann_spiculation,ann_texture,ann_malignancy
342,LIDC-IDRI-0340,0,48,./lidc_patches_all\LIDC-IDRI-0340\LIDC-IDRI-0340_n0_k48_img.png,./lidc_patches_all\LIDC-IDRI-0340\LIDC-IDRI-0340_n0_k48_mask.png,237.799072265625,293,364,375,430,4,1,6,3,4,2,2,4,3
342,LIDC-IDRI-0340,0,49,./lidc_patches_all\LIDC-IDRI-0340\LIDC-IDRI-0340_n0_k49_img.png,./lidc_patches_all\LIDC-IDRI-0340\LIDC-IDRI-0340_n0_k49_mask.png,241.754150390625,293,364,375,430,4,1,6,3,4,2,2,4,3
342,LIDC-IDRI-0340,0,50,./lidc_patches_all\LIDC-IDRI-0340\LIDC-IDRI-0340_n0_k50_img.png,./lidc_patches_all\LIDC-IDRI-0340\LIDC-IDRI-0340_n0_k50_mask.png,254.11376953125,293,364,375,430,4,1,6,3,4,2,2,4,3
342,LIDC-IDRI-0340,0,51,./lidc_patches_all\LIDC-IDRI-0340\LIDC-IDRI-0340_n0_k51_img.png,./lidc_patches_all\LIDC-IDRI-0340\LIDC-IDRI-0340_n0_k51_mask.png,242.24853515625,293,364,375,430,4,1,6,3,4,2,2,4,3
342,LIDC-IDRI-0340,0,52,./lidc_patches_all\LIDC-IDRI-0340\LIDC-IDRI-0340_n0_k52_img.png,./lidc_patches_all\LIDC-IDRI-0340\LIDC-IDRI-0340_n0_k52_mask.png,237.799072265625,293,364,375,430,4,1,6,3,4,2,2,4,3
