scan_id,patient_id,nodule_index,k_global,img_path,mask_path,area_mm2,nodule_bbox_xmin,nodule_bbox_ymin,nodule_bbox_xmax,nodule_bbox_ymax,ann_subtlety,ann_internalStructure,ann_calcification,ann_sphericity,ann_margin,ann_lobulation,ann_spiculation,ann_texture,ann_malignancy
102,LIDC-IDRI-0094,0,298,./lidc_patches_all\LIDC-IDRI-0094\LIDC-IDRI-0094_n0_k298_img.png,./lidc_patches_all\LIDC-IDRI-0094\LIDC-IDRI-0094_n0_k298_mask.png,216.32946395874023,261,113,301,194,5,1,5,3,4,4,2,5,4
102,LIDC-IDRI-0094,0,299,./lidc_patches_all\LIDC-IDRI-0094\LIDC-IDRI-0094_n0_k299_img.png,./lidc_patches_all\LIDC-IDRI-0094\LIDC-IDRI-0094_n0_k299_mask.png,255.90853881835938,261,113,301,194,5,1,5,3,4,4,2,5,4
102,LIDC-IDRI-0094,0,300,./lidc_patches_all\LIDC-IDRI-0094\LIDC-IDRI-0094_n0_k300_img.png,./lidc_patches_all\LIDC-IDRI-0094\LIDC-IDRI-0094_n0_k300_mask.png,274.3426284790039,261,113,301,194,5,1,5,3,4,4,2,5,4
102,LIDC-IDRI-0094,0,301,./lidc_patches_all\LIDC-IDRI-0094\LIDC-IDRI-0094_n0_k301_img.png,./lidc_patches_all\LIDC-IDRI-0094\LIDC-IDRI-0094_n0_k301_mask.png,256.4507179260254,261,113,301,194,5,1,5,3,4,4,2,5,4
102,LIDC-IDRI-0094,0,302,./lidc_patches_all\LIDC-IDRI-0094\LIDC-IDRI-0094_n0_k302_img.png,./lidc_patches_all\LIDC-IDRI-0094\LIDC-IDRI-0094_n0_k302_mask.png,267.8364791870117,261,113,301,194,5,1,5,3,4,4,2,5,4
