scan_id,patient_id,nodule_index,k_global,img_path,mask_path,area_mm2,nodule_bbox_xmin,nodule_bbox_ymin,nodule_bbox_xmax,nodule_bbox_ymax,ann_subtlety,ann_internalStructure,ann_calcification,ann_sphericity,ann_margin,ann_lobulation,ann_spiculation,ann_texture,ann_malignancy
162,LIDC-IDRI-0161,0,40,./lidc_patches_all\LIDC-IDRI-0161\LIDC-IDRI-0161_n0_k40_img.png,./lidc_patches_all\LIDC-IDRI-0161\LIDC-IDRI-0161_n0_k40_mask.png,49.12255974611201,354,153,380,178,3,1,6,4,4,2,2,5,3
162,LIDC-IDRI-0161,1,73,./lidc_patches_all\LIDC-IDRI-0161\LIDC-IDRI-0161_n1_k73_img.png,./lidc_patches_all\LIDC-IDRI-0161\LIDC-IDRI-0161_n1_k73_mask.png,16.149882656256004,334,387,354,407,3,1,6,4,4,3,1,5,3
162,LIDC-IDRI-0161,2,82,./lidc_patches_all\LIDC-IDRI-0161\LIDC-IDRI-0161_n2_k82_img.png,./lidc_patches_all\LIDC-IDRI-0161\LIDC-IDRI-0161_n2_k82_mask.png,50.46838330080001,202,87,227,111,2,1,6,4,3,2,2,2,2
162,LIDC-IDRI-0161,2,83,./lidc_patches_all\LIDC-IDRI-0161\LIDC-IDRI-0161_n2_k83_img.png,./lidc_patches_all\LIDC-IDRI-0161\LIDC-IDRI-0161_n2_k83_mask.png,61.90788351564801,202,87,227,111,2,1,6,4,3,2,2,2,2
162,LIDC-IDRI-0161,2,84,./lidc_patches_all\LIDC-IDRI-0161\LIDC-IDRI-0161_n2_k84_img.png,./lidc_patches_all\LIDC-IDRI-0161\LIDC-IDRI-0161_n2_k84_mask.png,56.52458929689601,202,87,227,111,2,1,6,4,3,2,2,2,2
162,LIDC-IDRI-0161,3,85,./lidc_patches_all\LIDC-IDRI-0161\LIDC-IDRI-0161_n3_k85_img.png,./lidc_patches_all\LIDC-IDRI-0161\LIDC-IDRI-0161_n3_k85_mask.png,34.318500644544,159,366,180,387,3,1,6,5,5,1,1,5,2
